time,pulse,breath,gsr,datetime

t: 865639,p: 2687.00,b: 1326.00,g: 4095.00,2018-10-31_16:30:23.970000
t: 865659,p: 2687.00,b: 1325.00,g: 4095.00,2018-10-31_16:30:24.016000
t: 865679,p: 2687.00,b: 1328.00,g: 4095.00,2018-10-31_16:30:24.071000
t: 865699,p: 2687.00,b: 1328.00,g: 4095.00,2018-10-31_16:30:24.123000
t: 865719,p: 2687.00,b: 1325.00,g: 4095.00,2018-10-31_16:30:24.171000
t: 865739,p: 2687.00,b: 1328.00,g: 4095.00,2018-10-31_16:30:24.222000
t: 865759,p: 2687.00,b: 1325.00,g: 4095.00,2018-10-31_16:30:24.270000
t: 865779,p: 2672.00,b: 1323.00,g: 4095.00,2018-10-31_16:30:24.318000
t: 865799,p: 2687.00,b: 1320.00,g: 4095.00,2018-10-31_16:30:24.375000
t: 865819,p: 2686.00,b: 1322.00,g: 4095.00,2018-10-31_16:30:24.416000
t: 865839,p: 2685.00,b: 1322.00,g: 4095.00,2018-10-31_16:30:24.467000
t: 865859,p: 2687.00,b: 1314.00,g: 4095.00,2018-10-31_16:30:24.517000
t: 865879,p: 2699.00,b: 1318.00,g: 4095.00,2018-10-31_16:30:24.562000
t: 865899,p: 2687.00,b: 1325.00,g: 4095.00,2018-10-31_16:30:24.606000
t: 865919,p: 2687.00,b: 1303.00,g: 4095.00,2018-10-31_16:30:24.656000
t: 865939,p: 2687.00,b: 1317.00,g: 4095.00,2018-10-31_16:30:24.707000
t: 865959,p: 2685.00,b: 1372.00,g: 4095.00,2018-10-31_16:30:24.750000
t: 865979,p: 2687.00,b: 1318.00,g: 4095.00,2018-10-31_16:30:24.799000
t: 865999,p: 2687.00,b: 1319.00,g: 4095.00,2018-10-31_16:30:24.842000
t: 866019,p: 2687.00,b: 1315.00,g: 4095.00,2018-10-31_16:30:24.881000
t: 866039,p: 2687.00,b: 1307.00,g: 4095.00,2018-10-31_16:30:24.930000
t: 866059,p: 2687.00,b: 1308.00,g: 4095.00,2018-10-31_16:30:24.976000
t: 866079,p: 2690.00,b: 1317.00,g: 4095.00,2018-10-31_16:30:25.016000
t: 866099,p: 2699.00,b: 1309.00,g: 4095.00,2018-10-31_16:30:25.063000
t: 866119,p: 2687.00,b: 1319.00,g: 4095.00,2018-10-31_16:30:25.112000
t: 866139,p: 2735.00,b: 1315.00,g: 4095.00,2018-10-31_16:30:25.165000
t: 866159,p: 2683.00,b: 1317.00,g: 4095.00,2018-10-31_16:30:25.216000
t: 866179,p: 2686.00,b: 1317.00,g: 4095.00,2018-10-31_16:30:25.268000
t: 866199,p: 2687.00,b: 1319.00,g: 4095.00,2018-10-31_16:30:25.384000
t: 866219,p: 2687.00,b: 1313.00,g: 4095.00,2018-10-31_16:30:25.434000
t: 866239,p: 2686.00,b: 1323.00,g: 4095.00,2018-10-31_16:30:25.481000
t: 866259,p: 2689.00,b: 1330.00,g: 4095.00,2018-10-31_16:30:25.523000
t: 866279,p: 2687.00,b: 1310.00,g: 4095.00,2018-10-31_16:30:25.570000
t: 866299,p: 2686.00,b: 1294.00,g: 4095.00,2018-10-31_16:30:25.607000
t: 866319,p: 2687.00,b: 1328.00,g: 4095.00,2018-10-31_16:30:25.650000
t: 866339,p: 2689.00,b: 1321.00,g: 4095.00,2018-10-31_16:30:25.707000
t: 866359,p: 2689.00,b: 1318.00,g: 4095.00,2018-10-31_16:30:25.756000
t: 866379,p: 2687.00,b: 1317.00,g: 4095.00,2018-10-31_16:30:25.798000
t: 866399,p: 2687.00,b: 1313.00,g: 4095.00,2018-10-31_16:30:25.848000
t: 866419,p: 2687.00,b: 1313.00,g: 4095.00,2018-10-31_16:30:25.900000
t: 866439,p: 2687.00,b: 1318.00,g: 4095.00,2018-10-31_16:30:25.944000
t: 866459,p: 2687.00,b: 1303.00,g: 4095.00,2018-10-31_16:30:25.982000
t: 866479,p: 2690.00,b: 1310.00,g: 4095.00,2018-10-31_16:30:26.020000
t: 866499,p: 2682.00,b: 1307.00,g: 4095.00,2018-10-31_16:30:26.061000
t: 866519,p: 2687.00,b: 1323.00,g: 4095.00,2018-10-31_16:30:26.101000
t: 866539,p: 2687.00,b: 1313.00,g: 4095.00,2018-10-31_16:30:26.141000
t: 866559,p: 2679.00,b: 1312.00,g: 4095.00,2018-10-31_16:30:26.180000
t: 866579,p: 2703.00,b: 1308.00,g: 4095.00,2018-10-31_16:30:26.226000
t: 866599,p: 2687.00,b: 1307.00,g: 4095.00,2018-10-31_16:30:26.275000
t: 866619,p: 2687.00,b: 1312.00,g: 4095.00,2018-10-31_16:30:26.384000
t: 866639,p: 2689.00,b: 1309.00,g: 4095.00,2018-10-31_16:30:26.434000
t: 866659,p: 2687.00,b: 1313.00,g: 4095.00,2018-10-31_16:30:26.481000
t: 866679,p: 2687.00,b: 1308.00,g: 4095.00,2018-10-31_16:30:26.525000
t: 866699,p: 2691.00,b: 1312.00,g: 4095.00,2018-10-31_16:30:26.578000
t: 866719,p: 2687.00,b: 1315.00,g: 4095.00,2018-10-31_16:30:26.622000
t: 866739,p: 2687.00,b: 1312.00,g: 4095.00,2018-10-31_16:30:26.664000
t: 866759,p: 2690.00,b: 1308.00,g: 4095.00,2018-10-31_16:30:26.716000
t: 866779,p: 2687.00,b: 1312.00,g: 4095.00,2018-10-31_16:30:26.771000
t: 866799,p: 2687.00,b: 1310.00,g: 4095.00,2018-10-31_16:30:26.852000
t: 866819,p: 2689.00,b: 1306.00,g: 4095.00,2018-10-31_16:30:26.903000
t: 866839,p: 2686.00,b: 1312.00,g: 4095.00,2018-10-31_16:30:26.954000
t: 866859,p: 2683.00,b: 1307.00,g: 4095.00,2018-10-31_16:30:27.004000
t: 866879,p: 2687.00,b: 1312.00,g: 4095.00,2018-10-31_16:30:27.089000
t: 866899,p: 2691.00,b: 1306.00,g: 4095.00,2018-10-31_16:30:27.140000
t: 866919,p: 2689.00,b: 1315.00,g: 4095.00,2018-10-31_16:30:27.193000
t: 866939,p: 2679.00,b: 1310.00,g: 4095.00,2018-10-31_16:30:27.243000
t: 866959,p: 2675.00,b: 1310.00,g: 4095.00,2018-10-31_16:30:27.297000
t: 866979,p: 2687.00,b: 1305.00,g: 4095.00,2018-10-31_16:30:27.354000
t: 866999,p: 2687.00,b: 1310.00,g: 4095.00,2018-10-31_16:30:27.402000
t: 867019,p: 2691.00,b: 1307.00,g: 4095.00,2018-10-31_16:30:27.446000
t: 867039,p: 2687.00,b: 1309.00,g: 4095.00,2018-10-31_16:30:27.497000
t: 867059,p: 2687.00,b: 1311.00,g: 4095.00,2018-10-31_16:30:27.547000
t: 867079,p: 2687.00,b: 1309.00,g: 4095.00,2018-10-31_16:30:27.603000
t: 867099,p: 2687.00,b: 1315.00,g: 4095.00,2018-10-31_16:30:27.644000
t: 867119,p: 2687.00,b: 1306.00,g: 4095.00,2018-10-31_16:30:27.683000
t: 867139,p: 2687.00,b: 1304.00,g: 4095.00,2018-10-31_16:30:27.722000
t: 867159,p: 2687.00,b: 1306.00,g: 4095.00,2018-10-31_16:30:27.774000
t: 867179,p: 2691.00,b: 1306.00,g: 4095.00,2018-10-31_16:30:27.825000
t: 867199,p: 2687.00,b: 1309.00,g: 4095.00,2018-10-31_16:30:27.876000
t: 867219,p: 2689.00,b: 1305.00,g: 4095.00,2018-10-31_16:30:27.924000
t: 867239,p: 2687.00,b: 1310.00,g: 4095.00,2018-10-31_16:30:27.965000
t: 867259,p: 2687.00,b: 1305.00,g: 4095.00,2018-10-31_16:30:28.016000
t: 867279,p: 2689.00,b: 1308.00,g: 4095.00,2018-10-31_16:30:28.067000
t: 867299,p: 2687.00,b: 1307.00,g: 4095.00,2018-10-31_16:30:28.117000
t: 867319,p: 2687.00,b: 1309.00,g: 4095.00,2018-10-31_16:30:28.154000
t: 867339,p: 2694.00,b: 1308.00,g: 4095.00,2018-10-31_16:30:28.196000
t: 867359,p: 2689.00,b: 1313.00,g: 4095.00,2018-10-31_16:30:28.250000
"set(['t: 1192039', 'b: 1495.00', 'g: 4095.00', '2018-10-31_16:35:50.367000', 'p: 2687.00'])"
"set(['p: 2689.00', 't: 1192059', '2018-10-31_16:35:50.419000', 'g: 4095.00', 'b: 1495.00'])"
"set(['g: 4095.00', '2018-10-31_16:35:50.472000', 'b: 1495.00', 't: 1192079', 'p: 2690.00'])"
"set(['b: 1497.00', 'p: 2687.00', '2018-10-31_16:35:50.533000', 'g: 4095.00', 't: 1192099'])"
"set(['g: 4095.00', '2018-10-31_16:35:50.586000', 't: 1192119', 'b: 1493.00', 'p: 2687.00'])"
"set(['t: 1192139', 'b: 1490.00', 'p: 2691.00', 'g: 4095.00', '2018-10-31_16:35:50.640000'])"
"set(['2018-10-31_16:35:50.694000', 'b: 1490.00', 'g: 4095.00', 't: 1192159', 'p: 2687.00'])"
"set(['2018-10-31_16:35:50.748000', 'b: 1495.00', 't: 1192179', 'g: 4095.00', 'p: 2687.00'])"
"set(['2018-10-31_16:35:50.800000', 't: 1192199', 'b: 1502.00', 'g: 4095.00', 'p: 2687.00'])"
"set(['g: 4095.00', 't: 1192219', '2018-10-31_16:35:50.849000', 'b: 1493.00', 'p: 2687.00'])"
"set(['b: 1503.00', 'p: 2690.00', '2018-10-31_16:35:50.890000', 'g: 4095.00', 't: 1192239'])"
"set(['b: 1498.00', '2018-10-31_16:35:50.929000', 'p: 2691.00', 't: 1192259', 'g: 4095.00'])"
"set(['b: 1520.00', 't: 1192279', 'g: 4095.00', '2018-10-31_16:35:50.975000', 'p: 2687.00'])"
"set(['b: 1520.00', 't: 1192299', '2018-10-31_16:35:51.027000', 'g: 4095.00', 'p: 2689.00'])"
"set(['2018-10-31_16:35:51.082000', 't: 1192319', 'g: 4095.00', 'b: 1531.00', 'p: 2690.00'])"
"set(['2018-10-31_16:35:51.123000', 'b: 1535.00', 'p: 2679.00', 't: 1192339', 'g: 4095.00'])"
"set(['t: 1192359', 'b: 1535.00', 'g: 4095.00', '2018-10-31_16:35:51.178000', 'p: 2687.00'])"
"set(['b: 1535.00', 't: 1192379', '2018-10-31_16:35:51.221000', 'p: 2674.00', 'g: 4095.00'])"
"set(['b: 1523.00', '2018-10-31_16:35:51.267000', 't: 1192399', 'g: 4095.00', 'p: 2687.00'])"
"set(['p: 2689.00', 'b: 1517.00', 't: 1192419', 'g: 4095.00', '2018-10-31_16:35:51.318000'])"
"set(['g: 4095.00', 'b: 1517.00', '2018-10-31_16:35:51.371000', 't: 1192439', 'p: 2687.00'])"
"set(['p: 2689.00', 'b: 1518.00', '2018-10-31_16:35:51.428000', 'g: 4095.00', 't: 1192459'])"
"set(['2018-10-31_16:35:51.483000', 't: 1192479', 'b: 1510.00', 'g: 4095.00', 'p: 2687.00'])"
"set(['b: 1518.00', 't: 1192499', '2018-10-31_16:35:51.536000', 'g: 4095.00', 'p: 2661.00'])"
"set(['b: 1520.00', 'p: 2689.00', '2018-10-31_16:35:51.583000', 'g: 4095.00', 't: 1192519'])"
"set(['b: 1523.00', '2018-10-31_16:35:51.633000', 't: 1192539', 'g: 4095.00', 'p: 2687.00'])"
"set(['b: 1520.00', '2018-10-31_16:35:51.687000', 't: 1192559', 'g: 4095.00', 'p: 2687.00'])"
"set(['t: 1192579', '2018-10-31_16:35:51.742000', 'p: 2702.00', 'g: 4095.00', 'b: 1531.00'])"
"set(['b: 1526.00', '2018-10-31_16:35:51.790000', 'g: 4095.00', 't: 1192599', 'p: 2687.00'])"
"set(['b: 1520.00', 'p: 2689.00', '2018-10-31_16:35:51.831000', 't: 1192619', 'g: 4095.00'])"
"set(['b: 1506.00', 'p: 2689.00', 't: 1192639', 'g: 4095.00', '2018-10-31_16:35:51.870000'])"
"set(['2018-10-31_16:35:51.911000', 't: 1192659', 'b: 1491.00', 'g: 4095.00', 'p: 2687.00'])"
"set(['p: 2675.00', '2018-10-31_16:35:51.952000', 'g: 4095.00', 'b: 1485.00', 't: 1192679'])"
"set(['2018-10-31_16:35:51.998000', 'b: 1481.00', 'p: 2691.00', 't: 1192699', 'g: 4095.00'])"
"set(['t: 1192719', '2018-10-31_16:35:52.045000', 'b: 1482.00', 'g: 4095.00', 'p: 2687.00'])"
"set(['b: 1476.00', 'p: 2689.00', 't: 1192739', '2018-10-31_16:35:52.084000', 'g: 4095.00'])"
"set(['b: 1472.00', '2018-10-31_16:35:52.123000', 't: 1192759', 'g: 4095.00', 'p: 2687.00'])"
"set(['b: 1467.00', '2018-10-31_16:35:52.169000', 'g: 4095.00', 't: 1192779', 'p: 2687.00'])"
"set(['t: 1192799', 'b: 1470.00', '2018-10-31_16:35:52.211000', 'g: 4095.00', 'p: 2687.00'])"
"set(['g: 4095.00', 'p: 2687.00', 'b: 1466.00', '2018-10-31_16:35:52.251000', 't: 1192819'])"
"set(['t: 1192839', '2018-10-31_16:35:52.292000', 'b: 1465.00', 'g: 4095.00', 'p: 2687.00'])"
"set(['b: 1467.00', 't: 1192859', '2018-10-31_16:35:52.337000', 'g: 4095.00', 'p: 2687.00'])"
"set(['b: 1460.00', 'p: 2691.00', 't: 1192879', '2018-10-31_16:35:52.389000', 'g: 4095.00'])"
"set(['b: 1458.00', 'p: 2689.00', 'g: 4095.00', '2018-10-31_16:35:52.442000', 't: 1192899'])"
"set(['b: 1458.00', 't: 1192919', 'p: 2691.00', 'g: 4095.00', '2018-10-31_16:35:52.532000'])"
"set(['t: 1192939', '2018-10-31_16:35:52.584000', 'g: 4095.00', 'p: 2685.00', 'b: 1457.00'])"
"set(['g: 4095.00', '2018-10-31_16:35:52.636000', 'b: 1457.00', 't: 1192959', 'p: 2687.00'])"
"set(['b: 1458.00', 'p: 2691.00', 't: 1192979', 'g: 4095.00', '2018-10-31_16:35:52.676000'])"
"set(['b: 1453.00', 't: 1192999', '2018-10-31_16:35:52.725000', 'g: 4095.00', 'p: 2687.00'])"
"set(['p: 2689.00', '2018-10-31_16:35:52.777000', 't: 1193019', 'b: 1454.00', 'g: 4095.00'])"
"set(['b: 1445.00', '2018-10-31_16:35:52.831000', 'g: 4095.00', 't: 1193039', 'p: 2687.00'])"
"set(['t: 1193059', 'b: 1456.00', '2018-10-31_16:35:52.884000', 'p: 2691.00', 'g: 4095.00'])"
"set(['t: 1193079', '2018-10-31_16:35:52.938000', 'p: 2707.00', 'b: 1457.00', 'g: 4095.00'])"
"set(['2018-10-31_16:35:52.983000', 't: 1193099', 'b: 1457.00', 'p: 2688.00', 'g: 4095.00'])"
"set(['p: 2673.00', 't: 1193119', 'b: 1467.00', '2018-10-31_16:35:53.031000', 'g: 4095.00'])"
"set(['2018-10-31_16:35:53.076000', 'p: 2690.00', 'g: 4095.00', 'b: 1477.00', 't: 1193139'])"
"set(['g: 4095.00', '2018-10-31_16:35:53.128000', 'b: 1465.00', 't: 1193159', 'p: 2690.00'])"
"set(['2018-10-31_16:35:53.182000', 'b: 1456.00', 't: 1193179', 'g: 4095.00', 'p: 2687.00'])"
"set(['g: 4095.00', 't: 1193199', '2018-10-31_16:35:53.227000', 'b: 1466.00', 'p: 2690.00'])"
"set(['b: 1461.00', '2018-10-31_16:35:53.281000', 't: 1193219', 'g: 4095.00', 'p: 2687.00'])"
"set(['t: 1193239', 'b: 1459.00', 'p: 2691.00', 'g: 4095.00', '2018-10-31_16:35:53.333000'])"
"set(['g: 4095.00', '2018-10-31_16:35:53.378000', 'b: 1457.00', 't: 1193259', 'p: 2687.00'])"
"set(['2018-10-31_16:35:53.427000', 't: 1193279', 'g: 4095.00', 'b: 1449.00', 'p: 2687.00'])"
"set(['g: 4095.00', 't: 1193299', '2018-10-31_16:35:53.475000', 'b: 1456.00', 'p: 2687.00'])"
"set(['b: 1456.00', 'p: 2687.00', 'g: 4095.00', '2018-10-31_16:35:53.518000', 't: 1193319'])"
"set(['t: 1193339', 'b: 1456.00', '2018-10-31_16:35:53.615000', 'g: 4095.00', 'p: 2687.00'])"
"set(['2018-10-31_16:35:53.667000', 'b: 1456.00', 't: 1193359', 'g: 4095.00', 'p: 2690.00'])"
"set(['p: 2689.00', 'b: 1456.00', 't: 1193379', '2018-10-31_16:35:53.717000', 'g: 4095.00'])"
"set(['b: 1459.00', 'p: 2687.00', 'g: 4095.00', '2018-10-31_16:35:53.774000', 't: 1193399'])"
"set(['t: 1193419', '2018-10-31_16:35:53.825000', 'b: 1456.00', 'g: 4095.00', 'p: 2687.00'])"
"set(['t: 1193439', 'p: 2711.00', 'b: 1456.00', '2018-10-31_16:35:53.877000', 'g: 4095.00'])"
"set(['2018-10-31_16:35:53.929000', 'b: 1456.00', 't: 1193459', 'g: 4095.00', 'p: 2687.00'])"
"set(['b: 1461.00', '2018-10-31_16:35:53.982000', 'g: 4095.00', 't: 1193479', 'p: 2687.00'])"
"set(['t: 1193499', 'b: 1459.00', '2018-10-31_16:35:54.035000', 'g: 4095.00', 'p: 2687.00'])"
"set(['g: 4095.00', 'b: 1456.00', '2018-10-31_16:35:54.089000', 't: 1193519', 'p: 2687.00'])"
"set(['b: 1456.00', 't: 1193539', '2018-10-31_16:35:54.144000', 'g: 4095.00', 'p: 2687.00'])"
"set(['2018-10-31_16:35:54.195000', 't: 1193559', 'b: 1456.00', 'g: 4095.00', 'p: 2687.00'])"
"set(['b: 1456.00', 'p: 2687.00', '2018-10-31_16:35:54.234000', 'g: 4095.00', 't: 1193579'])"
"set(['g: 4095.00', 'b: 1457.00', 't: 1193599', '2018-10-31_16:35:54.276000', 'p: 2687.00'])"
"set(['2018-10-31_16:35:54.317000', 'b: 1456.00', 'p: 2691.00', 'g: 4095.00', 't: 1193619'])"
"set(['b: 1456.00', '2018-10-31_16:35:54.356000', 't: 1193639', 'g: 4095.00', 'p: 2687.00'])"
"set(['g: 4095.00', '2018-10-31_16:35:54.398000', 't: 1193659', 'b: 1456.00', 'p: 2687.00'])"
"set(['t: 1193679', 'b: 1442.00', 'g: 4095.00', '2018-10-31_16:35:54.451000', 'p: 2690.00'])"
"set(['g: 4095.00', '2018-10-31_16:35:54.504000', 'b: 1441.00', 't: 1193699', 'p: 2687.00'])"
"set(['b: 1453.00', 't: 1193719', '2018-10-31_16:35:54.559000', 'g: 4095.00', 'p: 2687.00'])"
"set(['g: 4095.00', 'p: 2689.00', '2018-10-31_16:35:54.611000', 't: 1193739', 'b: 1431.00'])"
"set(['b: 1437.00', 'p: 2687.00', 'g: 4095.00', '2018-10-31_16:35:54.665000', 't: 1193759'])"
"set(['t: 1193779', '2018-10-31_16:35:54.722000', 'g: 4095.00', 'b: 1440.00', 'p: 2687.00'])"
"set(['2018-10-31_16:35:54.779000', 't: 1193799', 'g: 4095.00', 'b: 1441.00', 'p: 2687.00'])"
"set(['p: 2707.00', 't: 1193819', 'g: 4095.00', 'b: 1441.00', '2018-10-31_16:35:54.827000'])"
"set(['b: 1442.00', '2018-10-31_16:35:54.865000', 'g: 4095.00', 't: 1193839', 'p: 2687.00'])"
"set(['t: 1193859', 'b: 1443.00', 'p: 2691.00', 'g: 4095.00', '2018-10-31_16:35:54.912000'])"
"set(['p: 2689.00', 't: 1193879', 'g: 4095.00', '2018-10-31_16:35:54.966000', 'b: 1440.00'])"
"set(['2018-10-31_16:35:55.020000', 't: 1193899', 'g: 4095.00', 'b: 1438.00', 'p: 2687.00'])"
"set(['t: 1193919', '2018-10-31_16:35:55.074000', 'g: 4095.00', 'b: 1440.00', 'p: 2687.00'])"
"set(['g: 4095.00', 'p: 2687.00', '2018-10-31_16:35:55.118000', 'b: 1455.00', 't: 1193939'])"
"set(['g: 4095.00', 'b: 1453.00', 't: 1193959', '2018-10-31_16:35:55.152000', 'p: 2687.00'])"
"set(['2018-10-31_16:35:55.184000', 'b: 1456.00', 't: 1193979', 'g: 4095.00', 'p: 2687.00'])"
"set(['t: 1193999', 'b: 1451.00', '2018-10-31_16:35:55.221000', 'g: 4095.00', 'p: 2690.00'])"
"set(['b: 1450.00', '2018-10-31_16:35:55.265000', 'g: 4095.00', 't: 1194019', 'p: 2687.00'])"
"set(['b: 1439.00', '2018-10-31_16:35:55.308000', 't: 1194039', 'g: 4095.00', 'p: 2687.00'])"
"set(['t: 1194059', '2018-10-31_16:35:55.348000', 'g: 4095.00', 'b: 1441.00', 'p: 2687.00'])"
"set(['p: 2689.00', '2018-10-31_16:35:55.388000', 'b: 1439.00', 'g: 4095.00', 't: 1194079'])"
"set(['g: 4095.00', '2018-10-31_16:35:55.418000', 't: 1194099', 'b: 1438.00', 'p: 2687.00'])"
"set(['t: 1194119', 'b: 1440.00', '2018-10-31_16:35:55.457000', 'g: 4095.00', 'p: 2687.00'])"
"set(['b: 1443.00', '2018-10-31_16:35:55.495000', 't: 1194139', 'g: 4095.00', 'p: 2687.00'])"
"set(['2018-10-31_16:35:55.536000', 'b: 1442.00', 't: 1194159', 'g: 4095.00', 'p: 2687.00'])"
"set(['2018-10-31_16:35:55.587000', 'b: 1440.00', 'g: 4095.00', 't: 1194179', 'p: 2687.00'])"
"set(['t: 1194199', '2018-10-31_16:35:55.625000', 'b: 1442.00', 'g: 4095.00', 'p: 2687.00'])"
"set(['2018-10-31_16:35:55.701000', 't: 1194219', 'b: 1442.00', 'g: 4095.00', 'p: 2687.00'])"
"set(['g: 4095.00', 'b: 1442.00', 't: 1194239', '2018-10-31_16:35:55.750000', 'p: 2687.00'])"
"set(['2018-10-31_16:35:55.791000', 'b: 1446.00', 'p: 2691.00', 'g: 4095.00', 't: 1194259'])"
"set(['2018-10-31_16:35:55.833000', 't: 1194279', 'g: 4095.00', 'b: 1440.00', 'p: 2687.00'])"
"set(['t: 1194299', '2018-10-31_16:35:55.875000', 'g: 4095.00', 'b: 1441.00', 'p: 2687.00'])"
"set(['b: 1443.00', '2018-10-31_16:35:55.927000', 'g: 4095.00', 't: 1194319', 'p: 2687.00'])"
"set(['2018-10-31_16:35:55.971000', 'b: 1442.00', 't: 1194339', 'g: 4095.00', 'p: 2687.00'])"
"set(['b: 1440.00', 't: 1194359', '2018-10-31_16:35:56.023000', 'g: 4095.00', 'p: 2687.00'])"
"set(['t: 1194379', 'b: 1442.00', 'g: 4095.00', '2018-10-31_16:35:56.076000', 'p: 2687.00'])"
"set(['2018-10-31_16:35:56.131000', 'b: 1440.00', 'g: 4095.00', 't: 1194399', 'p: 2687.00'])"
"set(['2018-10-31_16:35:56.184000', 't: 1194419', 'g: 4095.00', 'b: 1438.00', 'p: 2687.00'])"
"set(['b: 1445.00', 'p: 2687.00', '2018-10-31_16:35:56.224000', 'g: 4095.00', 't: 1194439'])"
"set(['g: 4095.00', 'p: 2689.00', '2018-10-31_16:35:56.273000', 't: 1194459', 'b: 1440.00'])"
"set(['t: 1194479', '2018-10-31_16:35:56.307000', 'g: 4095.00', 'b: 1441.00', 'p: 2687.00'])"
"set(['2018-10-31_16:35:56.385000', 't: 1194499', 'b: 1433.00', 'g: 4095.00', 'p: 2690.00'])"
"set(['b: 1434.00', '2018-10-31_16:35:56.425000', 't: 1194519', 'g: 4095.00', 'p: 2690.00'])"
"set(['p: 2689.00', '2018-10-31_16:35:56.465000', 'b: 1429.00', 'g: 4095.00', 't: 1194539'])"
"set(['t: 1194559', '2018-10-31_16:35:56.499000', 'g: 4095.00', 'b: 1438.00', 'p: 2687.00'])"
"set(['t: 1194579', '2018-10-31_16:35:56.534000', 'g: 4095.00', 'b: 1441.00', 'p: 2687.00'])"
"set(['g: 4095.00', '2018-10-31_16:35:56.567000', 't: 1194599', 'b: 1435.00', 'p: 2687.00'])"
"set(['2018-10-31_16:35:56.598000', 'p: 2687.00', 'g: 4095.00', 'b: 1438.00', 't: 1194619'])"
"set(['t: 1194639', 'b: 1436.00', 'g: 4095.00', '2018-10-31_16:35:56.630000', 'p: 2689.00'])"
"set(['2018-10-31_16:35:56.665000', 't: 1194659', 'g: 4095.00', 'b: 1438.00', 'p: 2687.00'])"
"set(['g: 4095.00', '2018-10-31_16:35:56.708000', 't: 1194679', 'b: 1438.00', 'p: 2687.00'])"
"set(['b: 1436.00', '2018-10-31_16:35:56.749000', 'p: 2691.00', 'g: 4095.00', 't: 1194699'])"
"set(['t: 1194719', 'b: 1424.00', 'g: 4095.00', 'p: 2671.00', '2018-10-31_16:35:56.792000'])"
"set(['t: 1194739', 'p: 2689.00', 'g: 4095.00', 'b: 1438.00', '2018-10-31_16:35:56.838000'])"
"set(['p: 2683.00', '2018-10-31_16:35:56.881000', 'g: 4095.00', 't: 1194759', 'b: 1437.00'])"
"set(['p: 2689.00', 't: 1194779', 'g: 4095.00', '2018-10-31_16:35:56.925000', 'b: 1440.00'])"
"set(['b: 1431.00', 't: 1194799', '2018-10-31_16:35:56.971000', 'g: 4095.00', 'p: 2690.00'])"
"set(['p: 2694.00', 'b: 1436.00', 't: 1194819', '2018-10-31_16:35:57.015000', 'g: 4095.00'])"
"set(['g: 4095.00', '2018-10-31_16:35:57.061000', 't: 1194839', 'p: 2704.00', 'b: 1446.00'])"
"set(['t: 1194859', '2018-10-31_16:35:57.096000', 'b: 1437.00', 'g: 4095.00', 'p: 2687.00'])"
"set(['g: 4095.00', 'p: 2687.00', 'b: 1435.00', '2018-10-31_16:35:57.131000', 't: 1194879'])"
"set(['g: 4095.00', 'b: 1439.00', '2018-10-31_16:35:57.170000', 't: 1194899', 'p: 2687.00'])"
"set(['t: 1194919', 'b: 1437.00', '2018-10-31_16:35:57.218000', 'g: 4095.00', 'p: 2687.00'])"
"set(['t: 1194939', '2018-10-31_16:35:57.271000', 'g: 4095.00', 'b: 1438.00', 'p: 2687.00'])"
"set(['b: 1431.00', '2018-10-31_16:35:57.320000', 't: 1194959', 'g: 4095.00', 'p: 2690.00'])"
"set(['g: 4095.00', '2018-10-31_16:35:57.396000', 'b: 1438.00', 't: 1194979', 'p: 2687.00'])"
"set(['t: 1194999', 'b: 1440.00', '2018-10-31_16:35:57.435000', 'g: 4095.00', 'p: 2687.00'])"
"set(['t: 1195019', '2018-10-31_16:35:57.489000', 'g: 4095.00', 'b: 1441.00', 'p: 2687.00'])"
"set(['t: 1195039', '2018-10-31_16:35:57.536000', 'p: 2694.00', 'g: 4095.00', 'b: 1441.00'])"
"set(['b: 1440.00', '2018-10-31_16:35:57.582000', 'g: 4095.00', 't: 1195059', 'p: 2687.00'])"
"set(['g: 4095.00', '2018-10-31_16:35:57.630000', 't: 1195079', 'b: 1444.00', 'p: 2687.00'])"
"set(['b: 1443.00', 't: 1195099', '2018-10-31_16:35:57.669000', 'g: 4095.00', 'p: 2687.00'])"
"set(['2018-10-31_16:35:57.715000', 'p: 2687.00', 'b: 1446.00', 'g: 4095.00', 't: 1195119'])"
"set(['g: 4095.00', 't: 1195139', '2018-10-31_16:35:57.764000', 'b: 1444.00', 'p: 2687.00'])"
"set(['t: 1195159', 'b: 1447.00', 'g: 4095.00', '2018-10-31_16:35:57.815000', 'p: 2687.00'])"
"set(['g: 4095.00', 'b: 1456.00', 't: 1195179', '2018-10-31_16:35:57.868000', 'p: 2687.00'])"
"set(['p: 2687.00', '2018-10-31_16:35:57.919000', 'g: 4095.00', 'b: 1430.00', 't: 1195199'])"
"set(['b: 1459.00', 't: 1195219', 'g: 4095.00', 'p: 2701.00', '2018-10-31_16:35:57.971000'])"
"set(['2018-10-31_16:35:58.026000', 'b: 1456.00', 'g: 4095.00', 't: 1195239', 'p: 2687.00'])"
"set(['t: 1195259', 'b: 1465.00', '2018-10-31_16:35:58.078000', 'p: 2691.00', 'g: 4095.00'])"
"set(['p: 2689.00', 't: 1195279', 'b: 1479.00', '2018-10-31_16:35:58.130000', 'g: 4095.00'])"
"set(['2018-10-31_16:35:58.178000', 'b: 1464.00', 't: 1195299', 'g: 4095.00', 'p: 2690.00'])"
"set(['t: 1195319', '2018-10-31_16:35:58.217000', 'b: 1472.00', 'g: 4095.00', 'p: 2687.00'])"
"set(['2018-10-31_16:35:58.259000', 'p: 2687.00', 'g: 4095.00', 'b: 1477.00', 't: 1195339'])"
"set(['b: 1476.00', '2018-10-31_16:35:58.366000', 'p: 2691.00', 't: 1195359', 'g: 4095.00'])"
"set(['2018-10-31_16:35:58.418000', 'p: 2689.00', 'b: 1481.00', 't: 1195379', 'g: 4095.00'])"
"set(['g: 4095.00', 't: 1195399', '2018-10-31_16:35:58.471000', 'b: 1479.00', 'p: 2687.00'])"
"set(['b: 1520.00', '2018-10-31_16:35:58.563000', 'g: 4095.00', 't: 1195419', 'p: 2687.00'])"
"set(['p: 2703.00', 't: 1201539', '2018-10-31_16:35:59.865000', 'g: 4095.00', 'b: 1503.00'])"
"set(['2018-10-31_16:35:59.916000', 't: 1201559', 'p: 2691.00', 'g: 4095.00', 'b: 1503.00'])"
"set(['b: 1505.00', 'p: 2691.00', 't: 1201579', '2018-10-31_16:35:59.962000', 'g: 4095.00'])"
"set(['g: 4095.00', 'p: 2687.00', '2018-10-31_16:36:00.002000', 'b: 1495.00', 't: 1201599'])"
"set(['p: 2673.00', '2018-10-31_16:36:00.053000', 't: 1201619', 'g: 4095.00', 'b: 1491.00'])"
"set(['2018-10-31_16:36:00.114000', 'b: 1489.00', 'p: 2685.00', 't: 1201639', 'g: 4095.00'])"
"set(['t: 1201659', 'p: 2689.00', 'b: 1493.00', '2018-10-31_16:36:00.159000', 'g: 4095.00'])"
"set(['g: 4095.00', '2018-10-31_16:36:00.213000', 't: 1201679', 'b: 1493.00', 'p: 2687.00'])"
"set(['g: 4095.00', '2018-10-31_16:36:00.266000', 't: 1201699', 'b: 1493.00', 'p: 2687.00'])"
"set(['t: 1201719', 'p: 2702.00', 'b: 1493.00', '2018-10-31_16:36:00.305000', 'g: 4095.00'])"
"set(['g: 4095.00', '2018-10-31_16:36:00.336000', 'p: 2691.00', 'b: 1493.00', 't: 1201739'])"
"set(['g: 4095.00', 'b: 1501.00', '2018-10-31_16:36:00.374000', 't: 1201759', 'p: 2687.00'])"
"set(['g: 4095.00', 't: 1201779', 'p: 2685.00', '2018-10-31_16:36:00.414000', 'b: 1503.00'])"
"set(['b: 1494.00', 't: 1201799', 'g: 4095.00', '2018-10-31_16:36:00.464000', 'p: 2687.00'])"
"set(['g: 4095.00', '2018-10-31_16:36:00.500000', 'b: 1522.00', 't: 1201819', 'p: 2687.00'])"
"set(['b: 1503.00', 't: 1201839', 'g: 4095.00', '2018-10-31_16:36:00.530000', 'p: 2687.00'])"
"set(['p: 2673.00', '2018-10-31_16:36:00.557000', 't: 1201859', 'b: 1507.00', 'g: 4095.00'])"
"set(['t: 1201879', '2018-10-31_16:36:00.585000', 'p: 2691.00', 'g: 4095.00', 'b: 1503.00'])"
"set(['g: 4095.00', '2018-10-31_16:36:00.619000', 'b: 1501.00', 't: 1201899', 'p: 2687.00'])"
"set(['2018-10-31_16:36:00.662000', 'b: 1497.00', 't: 1201919', 'g: 4095.00', 'p: 2687.00'])"
"set(['g: 4095.00', 'b: 1497.00', '2018-10-31_16:36:00.710000', 't: 1201939', 'p: 2687.00'])"
"set(['p: 2718.00', 'b: 1497.00', '2018-10-31_16:36:00.759000', 'g: 4095.00', 't: 1201959'])"
"set(['b: 1555.00', 't: 1201979', '2018-10-31_16:36:00.808000', 'g: 4095.00', 'p: 2687.00'])"
"set(['g: 4095.00', '2018-10-31_16:36:00.859000', 't: 1201999', 'b: 1495.00', 'p: 2687.00'])"
"set(['g: 4095.00', '2018-10-31_16:36:00.910000', 'p: 2687.00', 'b: 1495.00', 't: 1202019'])"
"set(['g: 4095.00', 't: 1202039', '2018-10-31_16:36:00.963000', 'b: 1488.00', 'p: 2687.00'])"
"set(['2018-10-31_16:36:01.016000', 'p: 2689.00', 't: 1202059', 'g: 4095.00', 'b: 1484.00'])"
"set(['g: 4095.00', 'b: 1482.00', '2018-10-31_16:36:01.071000', 't: 1202079', 'p: 2687.00'])"
"set(['2018-10-31_16:36:01.123000', 'p: 2687.00', 'b: 1483.00', 'g: 4095.00', 't: 1202099'])"
"set(['g: 4095.00', '2018-10-31_16:36:01.174000', 't: 1202119', 'b: 1489.00', 'p: 2687.00'])"
"set(['t: 1202139', 'p: 2689.00', 'b: 1489.00', 'g: 4095.00', '2018-10-31_16:36:01.227000'])"
"set(['g: 4095.00', '2018-10-31_16:36:01.280000', 'p: 2704.00', 't: 1202159', 'b: 1485.00'])"
"set(['2018-10-31_16:36:01.333000', 't: 1202179', 'p: 2685.00', 'b: 1485.00', 'g: 4095.00'])"
"set(['g: 4095.00', '2018-10-31_16:36:01.387000', 't: 1202199', 'b: 1489.00', 'p: 2687.00'])"
"set(['b: 1494.00', 't: 1202219', '2018-10-31_16:36:01.440000', 'g: 4095.00', 'p: 2687.00'])"
"set(['g: 4095.00', 'p: 2687.00', 'b: 1488.00', '2018-10-31_16:36:01.510000', 't: 1202239'])"
"set(['b: 1487.00', 'g: 4095.00', '2018-10-31_16:36:01.549000', 't: 1202259', 'p: 2687.00'])"
"set(['g: 4095.00', 't: 1202279', 'b: 1488.00', '2018-10-31_16:36:01.583000', 'p: 2687.00'])"
"set(['g: 4095.00', 't: 1202299', 'b: 1488.00', '2018-10-31_16:36:01.634000', 'p: 2687.00'])"
"set(['g: 4095.00', '2018-10-31_16:36:01.686000', 't: 1202319', 'b: 1471.00', 'p: 2687.00'])"
"set(['b: 1476.00', '2018-10-31_16:36:01.738000', 'g: 4095.00', 't: 1202339', 'p: 2687.00'])"
"set(['b: 1443.00', 'p: 2690.00', '2018-10-31_16:38:51.148000', 'g: 4095.00', 't: 1372819'])"
"set(['t: 1372839', 'p: 2694.00', 'g: 4095.00', 'b: 1441.00', '2018-10-31_16:38:51.200000'])"
"set(['p: 2689.00', 't: 1372859', 'b: 1447.00', 'g: 4095.00', '2018-10-31_16:38:51.253000'])"
"set(['b: 1461.00', 'p: 2689.00', '2018-10-31_16:38:51.345000', 't: 1372879', 'g: 4095.00'])"
"set(['2018-10-31_16:38:51.385000', 'b: 1459.00', 'p: 2687.00', 'g: 4095.00', 't: 1372899'])"
"set(['b: 1450.00', 't: 1372919', '2018-10-31_16:38:51.434000', 'g: 4095.00', 'p: 2687.00'])"
"set(['t: 1372939', '2018-10-31_16:38:51.487000', 'p: 2691.00', 'g: 4095.00', 'b: 1441.00'])"
"set(['p: 2689.00', '2018-10-31_16:38:51.536000', 'g: 4095.00', 't: 1372959', 'b: 1404.00'])"
"set(['p: 2689.00', '2018-10-31_16:38:51.578000', 't: 1372979', 'b: 1435.00', 'g: 4095.00'])"
"set(['2018-10-31_16:38:51.631000', 't: 1372999', 'b: 1433.00', 'p: 2691.00', 'g: 4095.00'])"
"set(['p: 2691.00', '2018-10-31_16:38:51.684000', 't: 1373019', 'g: 4095.00', 'b: 1426.00'])"
"set(['b: 1412.00', 'p: 2691.00', 'g: 4095.00', 't: 1373039', '2018-10-31_16:38:51.736000'])"
"set(['t: 1373059', 'b: 1417.00', '2018-10-31_16:38:51.788000', 'g: 4095.00', 'p: 2690.00'])"
"set(['p: 2689.00', 't: 1373079', '2018-10-31_16:38:51.880000', 'b: 1409.00', 'g: 4095.00'])"
"set(['p: 2691.00', 't: 1373099', 'g: 4095.00', 'b: 1418.00', '2018-10-31_16:38:51.932000'])"
"set(['t: 1373119', 'b: 1447.00', 'g: 4095.00', '2018-10-31_16:38:51.984000', 'p: 2687.00'])"
"set(['p: 2689.00', '2018-10-31_16:38:52.035000', 'g: 4095.00', 'b: 1427.00', 't: 1373139'])"
"set(['g: 4095.00', '2018-10-31_16:38:52.076000', 'p: 2691.00', 't: 1373159', 'b: 1411.00'])"
"set(['b: 1415.00', '2018-10-31_16:38:52.117000', 't: 1373179', 'g: 4095.00', 'p: 2687.00'])"
"set(['t: 1373199', '2018-10-31_16:38:52.167000', 'b: 1411.00', 'g: 4095.00', 'p: 2689.00'])"
"set(['2018-10-31_16:38:52.217000', 't: 1373219', 'p: 2691.00', 'g: 4095.00', 'b: 1411.00'])"
"set(['t: 1373239', '2018-10-31_16:38:52.270000', 'b: 1410.00', 'g: 4095.00', 'p: 2690.00'])"
"set(['g: 4095.00', '2018-10-31_16:38:52.316000', 'b: 1408.00', 't: 1373259', 'p: 2687.00'])"
"set(['b: 1395.00', '2018-10-31_16:38:52.366000', 't: 1373279', 'g: 4095.00', 'p: 2687.00'])"
"set(['2018-10-31_16:38:52.419000', 'p: 2689.00', 't: 1373299', 'g: 4095.00', 'b: 1398.00'])"
"set(['b: 1398.00', 'p: 2687.00', '2018-10-31_16:38:52.470000', 'g: 4095.00', 't: 1373319'])"
"set(['t: 1373339', '2018-10-31_16:38:52.519000', 'g: 4095.00', 'b: 1399.00', 'p: 2687.00'])"
"set(['b: 1401.00', 't: 1373359', '2018-10-31_16:38:52.559000', 'g: 4095.00', 'p: 2687.00'])"
"set(['g: 4095.00', 'p: 2689.00', '2018-10-31_16:38:52.612000', 't: 1373379', 'b: 1398.00'])"
"set(['p: 2689.00', 'b: 1395.00', '2018-10-31_16:38:52.663000', 'g: 4095.00', 't: 1373399'])"
"set(['t: 1373419', '2018-10-31_16:38:52.701000', 'g: 4095.00', 'b: 1394.00', 'p: 2687.00'])"
"set(['b: 1397.00', 't: 1373439', 'p: 2691.00', 'g: 4095.00', '2018-10-31_16:38:52.747000'])"
"set(['p: 2689.00', 'b: 1395.00', '2018-10-31_16:38:52.794000', 't: 1373459', 'g: 4095.00'])"
"set(['p: 2689.00', 'b: 1410.00', 'g: 4095.00', 't: 1373479', '2018-10-31_16:38:52.835000'])"
"set(['t: 1373499', 'b: 1395.00', 'p: 2691.00', 'g: 4095.00', '2018-10-31_16:38:52.887000'])"
"set(['g: 4095.00', '2018-10-31_16:38:52.940000', 'b: 1394.00', 't: 1373519', 'p: 2687.00'])"
"set(['b: 1393.00', 't: 1373539', 'p: 2691.00', 'g: 4095.00', '2018-10-31_16:38:53.017000'])"
"set(['b: 1393.00', 't: 1373559', 'g: 4095.00', '2018-10-31_16:38:53.057000', 'p: 2687.00'])"
"set(['g: 4095.00', 'p: 2687.00', 'b: 1392.00', '2018-10-31_16:38:53.096000', 't: 1373579'])"
"set(['g: 4095.00', '2018-10-31_16:38:53.137000', 'b: 1394.00', 't: 1373599', 'p: 2687.00'])"
"set(['b: 1393.00', 'p: 2689.00', '2018-10-31_16:38:53.182000', 'g: 4095.00', 't: 1373619'])"
"set(['b: 1392.00', 't: 1373639', 'g: 4095.00', '2018-10-31_16:38:53.235000', 'p: 2687.00'])"
"set(['p: 2689.00', 't: 1373659', 'b: 1392.00', 'g: 4095.00', '2018-10-31_16:38:53.288000'])"
"set(['t: 1373679', 'b: 1378.00', '2018-10-31_16:38:53.345000', 'g: 4095.00', 'p: 2690.00'])"
"set(['2018-10-31_16:38:53.404000', 'b: 1404.00', 'g: 4095.00', 't: 1373699', 'p: 2690.00'])"
"set(['t: 1373719', 'p: 2691.00', 'g: 4095.00', '2018-10-31_16:38:53.459000', 'b: 1392.00'])"
"set(['g: 4095.00', '2018-10-31_16:38:53.513000', 'b: 1392.00', 't: 1373739', 'p: 2687.00'])"
"set(['2018-10-31_16:38:53.559000', 'p: 2691.00', 'g: 4095.00', 'b: 1382.00', 't: 1373759'])"
"set(['t: 1373779', 'p: 2683.00', 'g: 4095.00', '2018-10-31_16:38:53.614000', 'b: 1390.00'])"
"set(['t: 1373799', 'p: 2719.00', 'g: 4095.00', '2018-10-31_16:38:53.669000', 'b: 1392.00'])"
"set(['2018-10-31_16:38:53.724000', 'p: 2672.00', 't: 1373819', 'g: 4095.00', 'b: 1392.00'])"
"set(['2018-10-31_16:38:53.779000', 'b: 1397.00', 'g: 4095.00', 't: 1373839', 'p: 2690.00'])"
"set(['t: 1373859', 'p: 2689.00', 'g: 4095.00', 'b: 1377.00', '2018-10-31_16:38:53.832000'])"
"set(['b: 1380.00', 't: 1373879', '2018-10-31_16:38:53.885000', 'g: 4095.00', 'p: 2687.00'])"
"set(['2018-10-31_16:38:53.940000', 'b: 1392.00', 't: 1373899', 'g: 4095.00', 'p: 2687.00'])"
"set(['t: 1373919', 'p: 2683.00', '2018-10-31_16:38:54.031000', 'g: 4095.00', 'b: 1398.00'])"
"set(['p: 2689.00', 'b: 1392.00', 'g: 4095.00', '2018-10-31_16:38:54.070000', 't: 1373939'])"
"set(['g: 4095.00', 'p: 2689.00', 't: 1373959', '2018-10-31_16:38:54.110000', 'b: 1390.00'])"
"set(['2018-10-31_16:38:54.149000', 'p: 2689.00', 't: 1373979', 'b: 1397.00', 'g: 4095.00'])"
"set(['t: 1373999', 'b: 1386.00', 'p: 2699.00', 'g: 4095.00', '2018-10-31_16:38:54.190000'])"
"set(['2018-10-31_16:38:54.230000', 'b: 1392.00', 'p: 2691.00', 't: 1374019', 'g: 4095.00'])"
"set(['2018-10-31_16:38:54.277000', 'b: 1390.00', 't: 1374039', 'g: 4095.00', 'p: 2687.00'])"
"set(['b: 1388.00', 't: 1374059', 'g: 4095.00', '2018-10-31_16:38:54.331000', 'p: 2689.00'])"
"set(['2018-10-31_16:38:54.385000', 'b: 1389.00', 'p: 2691.00', 'g: 4095.00', 't: 1374079'])"
"set(['2018-10-31_16:38:54.439000', 'b: 1389.00', 'p: 2691.00', 't: 1374099', 'g: 4095.00'])"
"set(['t: 1374119', '2018-10-31_16:38:54.491000', 'g: 4095.00', 'b: 1391.00', 'p: 2687.00'])"
"set(['b: 1390.00', 't: 1374139', 'p: 2691.00', 'g: 4095.00', '2018-10-31_16:38:54.542000'])"
"set(['p: 2691.00', 'b: 1384.00', 't: 1374159', 'g: 4095.00', '2018-10-31_16:38:54.591000'])"
"set(['p: 2689.00', 'b: 1395.00', 'g: 4095.00', 't: 1374179', '2018-10-31_16:38:54.634000'])"
"set(['t: 1374199', '2018-10-31_16:38:54.689000', 'p: 2693.00', 'g: 4095.00', 'b: 1367.00'])"
"set(['p: 2689.00', '2018-10-31_16:38:54.728000', 't: 1374219', 'b: 1389.00', 'g: 4095.00'])"
"set(['2018-10-31_16:38:54.769000', 'b: 1392.00', 'p: 2691.00', 't: 1374239', 'g: 4095.00'])"
"set(['p: 2695.00', 'b: 1383.00', 'g: 4095.00', '2018-10-31_16:38:54.807000', 't: 1374259'])"
"set(['b: 1393.00', 't: 1374279', '2018-10-31_16:38:54.835000', 'g: 4095.00', 'p: 2689.00'])"
"set(['b: 1388.00', '2018-10-31_16:38:54.865000', 't: 1374299', 'g: 4095.00', 'p: 2690.00'])"
"set(['p: 2693.00', 'b: 1381.00', '2018-10-31_16:38:54.895000', 'g: 4095.00', 't: 1374319'])"
"set(['b: 1366.00', '2018-10-31_16:38:54.925000', 't: 1374339', 'g: 4095.00', 'p: 2687.00'])"
"set(['2018-10-31_16:38:54.951000', 't: 1374359', 'b: 1366.00', 'g: 4095.00', 'p: 2690.00'])"
"set(['t: 1374379', 'p: 2689.00', 'b: 1386.00', 'g: 4095.00', '2018-10-31_16:38:54.983000'])"
"set(['2018-10-31_16:38:55.012000', 'b: 1383.00', 'p: 2691.00', 'g: 4095.00', 't: 1374399'])"
"set(['b: 1383.00', 't: 1374419', '2018-10-31_16:38:55.042000', 'g: 4095.00', 'p: 2687.00'])"
"set(['p: 2689.00', 'b: 1381.00', '2018-10-31_16:38:55.070000', 'g: 4095.00', 't: 1374439'])"
"set(['b: 1383.00', '2018-10-31_16:38:55.099000', 't: 1374459', 'p: 2671.00', 'g: 4095.00'])"
"set(['2018-10-31_16:38:55.129000', 't: 1374479', 'b: 1382.00', 'p: 2679.00', 'g: 4095.00'])"
"set(['p: 2695.00', 't: 1374499', '2018-10-31_16:38:55.159000', 'g: 4095.00', 'b: 1382.00'])"
"set(['g: 4095.00', '2018-10-31_16:38:55.189000', 't: 1374519', 'b: 1387.00', 'p: 2687.00'])"
"set(['g: 4095.00', '2018-10-31_16:38:55.223000', 'b: 1382.00', 't: 1374539', 'p: 2687.00'])"
"set(['t: 1374559', 'p: 2689.00', 'g: 4095.00', '2018-10-31_16:38:55.261000', 'b: 1378.00'])"
"set(['p: 2673.00', '2018-10-31_16:38:55.301000', 't: 1374579', 'b: 1381.00', 'g: 4095.00'])"
"set(['b: 1388.00', '2018-10-31_16:38:55.343000', 't: 1374599', 'g: 4095.00', 'p: 2687.00'])"
"set(['b: 1379.00', '2018-10-31_16:38:55.376000', 'p: 2686.00', 'g: 4095.00', 't: 1374619'])"
"set(['t: 1374639', 'b: 1381.00', '2018-10-31_16:38:55.411000', 'g: 4095.00', 'p: 2689.00'])"
"set(['2018-10-31_16:38:55.445000', 't: 1374659', 'b: 1379.00', 'g: 4095.00', 'p: 2687.00'])"
"set(['g: 4095.00', 'p: 2689.00', '2018-10-31_16:38:55.480000', 't: 1374679', 'b: 1383.00'])"
"set(['2018-10-31_16:38:55.514000', 'b: 1386.00', 'p: 2687.00', 'g: 4095.00', 't: 1374699'])"
"set(['t: 1374719', '2018-10-31_16:38:55.549000', 'g: 4095.00', 'b: 1382.00', 'p: 2690.00'])"
"set(['t: 1374739', '2018-10-31_16:38:55.587000', 'b: 1379.00', 'g: 4095.00', 'p: 2687.00'])"
"set(['2018-10-31_16:38:55.621000', 'b: 1378.00', 'g: 4095.00', 't: 1374759', 'p: 2687.00'])"
"set(['b: 1378.00', 't: 1374779', 'g: 4095.00', '2018-10-31_16:38:55.652000', 'p: 2687.00'])"
"set(['2018-10-31_16:38:55.684000', 't: 1374799', 'b: 1378.00', 'g: 4095.00', 'p: 2687.00'])"
"set(['g: 4095.00', '2018-10-31_16:38:55.716000', 'b: 1378.00', 't: 1374819', 'p: 2687.00'])"
"set(['b: 1381.00', 't: 1374839', '2018-10-31_16:38:55.745000', 'g: 4095.00', 'p: 2687.00'])"
"set(['t: 1374859', 'b: 1378.00', 'g: 4095.00', '2018-10-31_16:38:55.775000', 'p: 2689.00'])"
"set(['p: 2690.00', 'b: 1379.00', 'g: 4095.00', '2018-10-31_16:38:55.807000', 't: 1374879'])"
"set(['g: 4095.00', '2018-10-31_16:38:55.837000', 'b: 1378.00', 't: 1374899', 'p: 2690.00'])"
"set(['t: 1374919', '2018-10-31_16:38:55.868000', 'p: 2691.00', 'g: 4095.00', 'b: 1378.00'])"
"set(['p: 2689.00', 't: 1374939', '2018-10-31_16:38:55.900000', 'g: 4095.00', 'b: 1378.00'])"
"set(['2018-10-31_16:38:55.934000', 'b: 1378.00', 't: 1374959', 'g: 4095.00', 'p: 2687.00'])"
"set(['g: 4095.00', '2018-10-31_16:38:55.972000', 'b: 1377.00', 't: 1374979', 'p: 2690.00'])"
"set(['t: 1374999', 'b: 1376.00', 'g: 4095.00', '2018-10-31_16:38:56.008000', 'p: 2690.00'])"
"set(['b: 1376.00', 't: 1375019', '2018-10-31_16:38:56.047000', 'g: 4095.00', 'p: 2690.00'])"
"set(['t: 1375039', '2018-10-31_16:38:56.083000', 'b: 1379.00', 'g: 4095.00', 'p: 2687.00'])"
"set(['g: 4095.00', '2018-10-31_16:38:56.117000', 'b: 1377.00', 't: 1375059', 'p: 2690.00'])"
"set(['b: 1388.00', '2018-10-31_16:38:56.147000', 't: 1375079', 'g: 4095.00', 'p: 2690.00'])"
"set(['2018-10-31_16:38:56.174000', 't: 1375099', 'g: 4095.00', 'b: 1377.00', 'p: 2687.00'])"
"set(['b: 1374.00', 'p: 2687.00', '2018-10-31_16:38:56.203000', 'g: 4095.00', 't: 1375119'])"
"set(['t: 1375139', '2018-10-31_16:38:56.234000', 'p: 2691.00', 'g: 4095.00', 'b: 1378.00'])"
"set(['2018-10-31_16:38:56.265000', 'p: 2689.00', 't: 1375159', 'g: 4095.00', 'b: 1376.00'])"
"set(['g: 4095.00', 'b: 1378.00', '2018-10-31_16:38:56.305000', 't: 1375179', 'p: 2687.00'])"
"set(['2018-10-31_16:38:56.343000', 'p: 2687.00', 'b: 1379.00', 'g: 4095.00', 't: 1375199'])"
"set(['b: 1376.00', 't: 1375219', 'g: 4095.00', '2018-10-31_16:38:56.382000', 'p: 2687.00'])"
"set(['2018-10-31_16:38:56.419000', 'b: 1379.00', 'g: 4095.00', 't: 1375239', 'p: 2687.00'])"
"set(['t: 1375259', '2018-10-31_16:38:56.456000', 'g: 4095.00', 'b: 1377.00', 'p: 2690.00'])"
"set(['p: 2689.00', 't: 1375279', 'b: 1374.00', 'g: 4095.00', '2018-10-31_16:38:56.494000'])"
"set(['2018-10-31_16:38:56.540000', 't: 1375299', 'g: 4095.00', 'b: 1377.00', 'p: 2690.00'])"
"set(['2018-10-31_16:38:56.584000', 't: 1375319', 'b: 1376.00', 'g: 4095.00', 'p: 2687.00'])"
"set(['2018-10-31_16:38:56.628000', 'p: 2691.00', 'g: 4095.00', 'b: 1377.00', 't: 1375339'])"
"set(['g: 4095.00', '2018-10-31_16:38:56.672000', 'b: 1378.00', 't: 1375359', 'p: 2704.00'])"
"set(['2018-10-31_16:38:56.715000', 't: 1375379', 'g: 4095.00', 'b: 1377.00', 'p: 2687.00'])"
"set(['t: 1375399', 'b: 1376.00', 'g: 4095.00', '2018-10-31_16:38:56.750000', 'p: 2690.00'])"
"set(['2018-10-31_16:38:56.782000', 'p: 2691.00', 'g: 4095.00', 't: 1375419', 'b: 1378.00'])"
"set(['2018-10-31_16:38:56.812000', 't: 1375439', 'g: 4095.00', 'b: 1377.00', 'p: 2687.00'])"
"set(['b: 1376.00', 't: 1375459', '2018-10-31_16:38:56.841000', 'p: 2685.00', 'g: 4095.00'])"
"set(['t: 1375479', '2018-10-31_16:38:56.876000', 'b: 1378.00', 'g: 4095.00', 'p: 2687.00'])"
"set(['b: 1376.00', '2018-10-31_16:38:56.920000', 'g: 4095.00', 't: 1375499', 'p: 2687.00'])"
"set(['b: 1378.00', 't: 1375519', '2018-10-31_16:38:56.964000', 'g: 4095.00', 'p: 2690.00'])"
"set(['g: 4095.00', '2018-10-31_16:38:57.004000', 't: 1375539', 'b: 1377.00', 'p: 2687.00'])"
"set(['b: 1376.00', '2018-10-31_16:38:57.042000', 'p: 2687.00', 'g: 4095.00', 't: 1375559'])"
"set(['2018-10-31_16:38:57.072000', 't: 1375579', 'g: 4095.00', 'b: 1377.00', 'p: 2687.00'])"
"set(['b: 1376.00', '2018-10-31_16:38:57.109000', 't: 1375599', 'g: 4095.00', 'p: 2687.00'])"
"set(['t: 1375619', 'p: 2689.00', '2018-10-31_16:38:57.139000', 'b: 1379.00', 'g: 4095.00'])"
"set(['b: 1376.00', 't: 1375639', '2018-10-31_16:38:57.169000', 'g: 4095.00', 'p: 2690.00'])"
"set(['2018-10-31_16:38:57.204000', 't: 1375659', 'g: 4095.00', 'b: 1377.00', 'p: 2687.00'])"
"set(['2018-10-31_16:38:57.242000', 'b: 1349.00', 'g: 4095.00', 't: 1375679', 'p: 2687.00'])"
"set(['t: 1375699', 'p: 2689.00', '2018-10-31_16:38:57.281000', 'g: 4095.00', 'b: 1376.00'])"
"set(['g: 4095.00', '2018-10-31_16:38:57.319000', 't: 1375719', 'b: 1377.00', 'p: 2687.00'])"
"set(['2018-10-31_16:38:57.357000', 'p: 2689.00', 't: 1375739', 'b: 1379.00', 'g: 4095.00'])"
"set(['t: 1375759', '2018-10-31_16:38:57.394000', 'g: 4095.00', 'b: 1377.00', 'p: 2687.00'])"
"set(['b: 1378.00', '2018-10-31_16:38:57.433000', 'p: 2687.00', 'g: 4095.00', 't: 1375779'])"
"set(['g: 4095.00', '2018-10-31_16:38:57.477000', 't: 1375799', 'b: 1377.00', 'p: 2690.00'])"
"set(['b: 1375.00', 'p: 2689.00', 't: 1375819', 'g: 4095.00', '2018-10-31_16:38:57.526000'])"
"set(['t: 1375839', '2018-10-31_16:38:57.578000', 'b: 1363.00', 'g: 4095.00', 'p: 2687.00'])"
"set(['b: 1373.00', '2018-10-31_16:38:57.626000', 'p: 2691.00', 'g: 4095.00', 't: 1375859'])"
"set(['p: 2691.00', '2018-10-31_16:38:57.679000', 't: 1375879', 'g: 4095.00', 'b: 1369.00'])"
"set(['2018-10-31_16:38:57.779000', 'p: 2689.00', 't: 1375899', 'b: 1374.00', 'g: 4095.00'])"
"set(['2018-10-31_16:38:57.826000', 'p: 2687.00', 'b: 1371.00', 'g: 4095.00', 't: 1375919'])"
"set(['t: 1375939', 'b: 1374.00', '2018-10-31_16:38:57.858000', 'g: 4095.00', 'p: 2687.00'])"
"set(['2018-10-31_16:38:57.887000', 'p: 2689.00', 't: 1375959', 'b: 1389.00', 'g: 4095.00'])"
"set(['b: 1375.00', '2018-10-31_16:38:57.920000', 'p: 2675.00', 't: 1375979', 'g: 4095.00'])"
"set(['b: 1375.00', 'p: 2687.00', '2018-10-31_16:38:57.950000', 'g: 4095.00', 't: 1375999'])"
"set(['p: 2689.00', 'b: 1374.00', 't: 1376019', 'g: 4095.00', '2018-10-31_16:38:57.983000'])"
"set(['g: 4095.00', '2018-10-31_16:38:58.018000', 'b: 1367.00', 't: 1376039', 'p: 2687.00'])"
"set(['p: 2682.00', '2018-10-31_16:38:58.059000', 'b: 1374.00', 'g: 4095.00', 't: 1376059'])"
"set(['t: 1376079', '2018-10-31_16:38:58.101000', 'g: 4095.00', 'b: 1377.00', 'p: 2687.00'])"
"set(['p: 2673.00', '2018-10-31_16:38:58.147000', 't: 1376099', 'g: 4095.00', 'b: 1378.00'])"
"set(['b: 1373.00', 'p: 2686.00', 'g: 4095.00', 't: 1376119', '2018-10-31_16:38:58.195000'])"
"set(['2018-10-31_16:38:58.246000', 't: 1376139', 'b: 1377.00', 'p: 2701.00', 'g: 4095.00'])"
"set(['b: 1375.00', 't: 1376159', '2018-10-31_16:38:58.301000', 'g: 4095.00', 'p: 2687.00'])"
"set(['t: 1376179', 'b: 1373.00', '2018-10-31_16:38:58.338000', 'p: 2691.00', 'g: 4095.00'])"
"set(['2018-10-31_16:38:58.369000', 'p: 2689.00', 'b: 1373.00', 'g: 4095.00', 't: 1376199'])"
"set(['g: 4095.00', 'b: 1374.00', 't: 1376219', '2018-10-31_16:38:58.399000', 'p: 2690.00'])"
"set(['2018-10-31_16:38:58.429000', 'b: 1373.00', 't: 1376239', 'p: 2685.00', 'g: 4095.00'])"
"set(['t: 1376259', 'b: 1373.00', '2018-10-31_16:38:58.457000', 'p: 2685.00', 'g: 4095.00'])"
"set(['2018-10-31_16:38:58.492000', 'p: 2687.00', 'g: 4095.00', 'b: 1377.00', 't: 1376279'])"
"set(['g: 4095.00', '2018-10-31_16:38:58.533000', 'b: 1379.00', 't: 1376299', 'p: 2687.00'])"
"set(['t: 1376319', 'b: 1375.00', '2018-10-31_16:38:58.587000', 'g: 4095.00', 'p: 2687.00'])"
"set(['b: 1375.00', '2018-10-31_16:38:58.633000', 't: 1376339', 'p: 2683.00', 'g: 4095.00'])"
"set(['2018-10-31_16:38:58.678000', 'b: 1374.00', 't: 1376359', 'g: 4095.00', 'p: 2687.00'])"
"set(['p: 2689.00', '2018-10-31_16:38:58.731000', 'b: 1377.00', 't: 1376379', 'g: 4095.00'])"
"set(['t: 1376399', '2018-10-31_16:38:58.779000', 'b: 1374.00', 'p: 2683.00', 'g: 4095.00'])"
"set(['2018-10-31_16:38:58.813000', 'b: 1376.00', 'p: 2687.00', 'g: 4095.00', 't: 1376419'])"
"set(['t: 1376439', 'b: 1374.00', '2018-10-31_16:38:58.844000', 'g: 4095.00', 'p: 2687.00'])"
"set(['b: 1376.00', 'p: 2684.00', 't: 1376459', 'g: 4095.00', '2018-10-31_16:38:58.886000'])"
"set(['g: 4095.00', 'b: 1376.00', '2018-10-31_16:38:58.927000', 't: 1376479', 'p: 2687.00'])"
"set(['p: 2689.00', 'b: 1373.00', '2018-10-31_16:38:58.975000', 'g: 4095.00', 't: 1376499'])"
"set(['2018-10-31_16:38:59.016000', 't: 1376519', 'p: 2691.00', 'b: 1364.00', 'g: 4095.00'])"
"set(['t: 1376539', 'b: 1375.00', 'p: 2691.00', 'g: 4095.00', '2018-10-31_16:38:59.054000'])"
"set(['2018-10-31_16:38:59.100000', 'b: 1371.00', 'g: 4095.00', 't: 1376559', 'p: 2687.00'])"
"set(['b: 1390.00', 't: 1376579', 'g: 4095.00', '2018-10-31_16:38:59.143000', 'p: 2687.00'])"
"set(['b: 1376.00', 't: 1376599', '2018-10-31_16:38:59.185000', 'g: 4095.00', 'p: 2690.00'])"
"set(['t: 1376619', 'b: 1367.00', 'g: 4095.00', '2018-10-31_16:38:59.230000', 'p: 2689.00'])"
"set(['p: 2689.00', 'b: 1373.00', '2018-10-31_16:38:59.275000', 'g: 4095.00', 't: 1376639'])"
"set(['g: 4095.00', 'b: 1374.00', 't: 1376659', '2018-10-31_16:38:59.326000', 'p: 2690.00'])"
"set(['2018-10-31_16:38:59.377000', 'p: 2675.00', 't: 1376679', 'b: 1366.00', 'g: 4095.00'])"
"set(['t: 1376699', '2018-10-31_16:38:59.410000', 'b: 1367.00', 'g: 4095.00', 'p: 2689.00'])"
"set(['2018-10-31_16:38:59.441000', 'p: 2691.00', 'b: 1374.00', 't: 1376719', 'g: 4095.00'])"
"set(['g: 4095.00', '2018-10-31_16:38:59.470000', 'b: 1360.00', 't: 1376739', 'p: 2687.00'])"
"set(['t: 1376759', '2018-10-31_16:38:59.503000', 'b: 1379.00', 'g: 4095.00', 'p: 2690.00'])"
"set(['b: 1369.00', 't: 1376779', '2018-10-31_16:38:59.544000', 'g: 4095.00', 'p: 2690.00'])"
"set(['b: 1325.00', 't: 1376799', 'g: 4095.00', '2018-10-31_16:38:59.587000', 'p: 2687.00'])"
"set(['2018-10-31_16:38:59.626000', 'b: 1363.00', 't: 1376819', 'g: 4095.00', 'p: 2690.00'])"
"set(['g: 4095.00', 'p: 2689.00', '2018-10-31_16:38:59.662000', 't: 1376839', 'b: 1367.00'])"
"set(['2018-10-31_16:38:59.708000', 'b: 1373.00', 'p: 2687.00', 'g: 4095.00', 't: 1376859'])"
"set(['t: 1376879', 'b: 1373.00', '2018-10-31_16:38:59.741000', 'g: 4095.00', 'p: 2687.00'])"
"set(['b: 1344.00', 't: 1376899', 'g: 4095.00', '2018-10-31_16:38:59.771000', 'p: 2687.00'])"
"set(['2018-10-31_16:38:59.801000', 'b: 1363.00', 'g: 4095.00', 't: 1376919', 'p: 2687.00'])"
"set(['p: 2689.00', '2018-10-31_16:38:59.832000', 't: 1376939', 'g: 4095.00', 'b: 1370.00'])"
"set(['g: 4095.00', 't: 1376959', '2018-10-31_16:38:59.875000', 'b: 1372.00', 'p: 2687.00'])"
"set(['t: 1376979', '2018-10-31_16:38:59.916000', 'b: 1374.00', 'g: 4095.00', 'p: 2687.00'])"
"set(['b: 1376.00', '2018-10-31_16:38:59.958000', 'g: 4095.00', 't: 1376999', 'p: 2687.00'])"
"set(['t: 1377019', 'b: 1373.00', '2018-10-31_16:38:59.996000', 'g: 4095.00', 'p: 2687.00'])"
"set(['p: 2689.00', 't: 1377039', 'b: 1373.00', '2018-10-31_16:39:00.036000', 'g: 4095.00'])"
"set(['2018-10-31_16:39:00.073000', 'b: 1374.00', 't: 1377059', 'g: 4095.00', 'p: 2687.00'])"
"set(['b: 1370.00', '2018-10-31_16:39:00.106000', 'g: 4095.00', 't: 1377079', 'p: 2698.00'])"
"set(['t: 1377099', 'p: 2689.00', 'b: 1373.00', '2018-10-31_16:39:00.141000', 'g: 4095.00'])"
"set(['g: 4095.00', 'b: 1373.00', '2018-10-31_16:39:00.184000', 't: 1377119', 'p: 2687.00'])"
"set(['b: 1370.00', 't: 1377139', 'g: 4095.00', '2018-10-31_16:39:00.227000', 'p: 2687.00'])"
"set(['t: 1377159', 'b: 1369.00', 'g: 4095.00', '2018-10-31_16:39:00.274000', 'p: 2687.00'])"
"set(['2018-10-31_16:39:00.328000', 'b: 1370.00', 'p: 2687.00', 'g: 4095.00', 't: 1377179'])"
"set(['g: 4095.00', '2018-10-31_16:39:00.379000', 'b: 1371.00', 't: 1377199', 'p: 2687.00'])"
"set(['b: 1371.00', 'p: 2686.00', 'g: 4095.00', 't: 1377219', '2018-10-31_16:39:00.416000'])"
"set(['b: 1373.00', 'p: 2694.00', 't: 1377239', 'g: 4095.00', '2018-10-31_16:39:00.446000'])"
"set(['t: 1377259', 'b: 1370.00', '2018-10-31_16:39:00.475000', 'g: 4095.00', 'p: 2687.00'])"
"set(['t: 1377279', 'p: 2689.00', 'b: 1371.00', 'g: 4095.00', '2018-10-31_16:39:00.506000'])"
"set(['2018-10-31_16:39:00.536000', 'b: 1351.00', 'g: 4095.00', 't: 1377299', 'p: 2687.00'])"
"set(['2018-10-31_16:39:00.566000', 't: 1377319', 'b: 1371.00', 'g: 4095.00', 'p: 2690.00'])"
"set(['b: 1369.00', 'p: 2691.00', 't: 1377339', '2018-10-31_16:39:00.600000', 'g: 4095.00'])"
"set(['b: 1385.00', 'p: 2691.00', 'g: 4095.00', '2018-10-31_16:39:00.639000', 't: 1377359'])"
"set(['t: 1377379', 'b: 1370.00', 'g: 4095.00', '2018-10-31_16:39:00.680000', 'p: 2687.00'])"
"set(['g: 4095.00', 't: 1377399', '2018-10-31_16:39:00.718000', 'b: 1372.00', 'p: 2687.00'])"
"set(['2018-10-31_16:39:00.757000', 'b: 1369.00', 't: 1377419', 'g: 4095.00', 'p: 2687.00'])"
"set(['b: 1370.00', '2018-10-31_16:39:00.799000', 'g: 4095.00', 't: 1377439', 'p: 2687.00'])"
"set(['t: 1377459', '2018-10-31_16:39:00.837000', 'b: 1367.00', 'g: 4095.00', 'p: 2687.00'])"
"set(['2018-10-31_16:39:00.875000', 't: 1377479', 'p: 2691.00', 'g: 4095.00', 'b: 1367.00'])"
"set(['b: 1373.00', '2018-10-31_16:39:00.913000', 't: 1377499', 'g: 4095.00', 'p: 2690.00'])"
"set(['2018-10-31_16:39:00.952000', 't: 1377519', 'b: 1373.00', 'g: 4095.00', 'p: 2687.00'])"
"set(['2018-10-31_16:39:00.991000', 'p: 2691.00', 'g: 4095.00', 'b: 1368.00', 't: 1377539'])"
"set(['g: 4095.00', '2018-10-31_16:39:01.067000', 'b: 1373.00', 't: 1377559', 'p: 2687.00'])"
"set(['p: 2689.00', 't: 1377579', '2018-10-31_16:39:01.104000', 'g: 4095.00', 'b: 1367.00'])"
"set(['p: 2695.00', 't: 1377599', '2018-10-31_16:39:01.142000', 'b: 1371.00', 'g: 4095.00'])"
"set(['2018-10-31_16:39:01.179000', 'p: 2689.00', 't: 1377619', 'g: 4095.00', 'b: 1369.00'])"
"set(['t: 1377639', '2018-10-31_16:39:01.224000', 'b: 1367.00', 'g: 4095.00', 'p: 2690.00'])"
"set(['p: 2693.00', '2018-10-31_16:39:01.278000', 'b: 1365.00', 't: 1377659', 'g: 4095.00'])"
"set(['p: 2689.00', '2018-10-31_16:39:01.329000', 't: 1377679', 'g: 4095.00', 'b: 1367.00'])"
"set(['2018-10-31_16:39:01.377000', 'b: 1376.00', 't: 1377699', 'p: 2691.00', 'g: 4095.00'])"
"set(['2018-10-31_16:39:01.417000', 'p: 2687.00', 'b: 1371.00', 'g: 4095.00', 't: 1377719'])"
"set(['t: 1377739', 'b: 1370.00', '2018-10-31_16:39:01.456000', 'g: 4095.00', 'p: 2687.00'])"
"set(['2018-10-31_16:39:01.496000', 'b: 1370.00', 't: 1377759', 'g: 4095.00', 'p: 2687.00'])"
"set(['g: 4095.00', '2018-10-31_16:39:01.536000', 'b: 1367.00', 't: 1377779', 'p: 2687.00'])"
"set(['2018-10-31_16:39:01.588000', 'p: 2689.00', 'b: 1369.00', 'g: 4095.00', 't: 1377799'])"
"set(['t: 1377819', 'p: 2689.00', '2018-10-31_16:39:01.637000', 'g: 4095.00', 'b: 1370.00'])"
"set(['t: 1377839', 'b: 1371.00', 'g: 4095.00', '2018-10-31_16:39:01.678000', 'p: 2687.00'])"
"set(['2018-10-31_16:39:01.720000', 'p: 2689.00', 't: 1377859', 'g: 4095.00', 'b: 1370.00'])"
"set(['g: 4095.00', '2018-10-31_16:39:01.760000', 'b: 1368.00', 't: 1377879', 'p: 2687.00'])"
"set(['t: 1377899', 'p: 2689.00', '2018-10-31_16:39:01.801000', 'g: 4095.00', 'b: 1367.00'])"
"set(['g: 4095.00', 'b: 1369.00', 't: 1377919', '2018-10-31_16:39:01.842000', 'p: 2687.00'])"
"set(['g: 4095.00', '2018-10-31_16:39:01.886000', 't: 1377939', 'b: 1367.00', 'p: 2690.00'])"
"set(['b: 1383.00', 't: 1377959', '2018-10-31_16:39:01.940000', 'g: 4095.00', 'p: 2690.00'])"
"set(['b: 1370.00', 'p: 2690.00', '2018-10-31_16:39:01.994000', 'g: 4095.00', 't: 1377979'])"
"set(['g: 4095.00', 'p: 2693.00', '2018-10-31_16:39:02.050000', 't: 1377999', 'b: 1367.00'])"
"set(['t: 1378019', '2018-10-31_16:39:02.164000', 'b: 1366.00', 'g: 4095.00', 'p: 2687.00'])"
"set(['g: 4095.00', 'p: 2691.00', 'b: 1365.00', '2018-10-31_16:39:02.219000', 't: 1378039'])"
"set(['g: 4095.00', '2018-10-31_16:39:02.274000', 'b: 1366.00', 't: 1378059', 'p: 2687.00'])"
"set(['2018-10-31_16:39:02.327000', 'p: 2689.00', 't: 1378079', 'g: 4095.00', 'b: 1367.00'])"
"set(['t: 1378099', 'b: 1367.00', '2018-10-31_16:39:02.380000', 'g: 4095.00', 'p: 2687.00'])"
"set(['g: 4095.00', '2018-10-31_16:39:02.434000', 't: 1378119', 'p: 2685.00', 'b: 1367.00'])"
"set(['p: 2689.00', '2018-10-31_16:39:02.483000', 'g: 4095.00', 't: 1378139', 'b: 1367.00'])"
"set(['t: 1378159', 'b: 1369.00', '2018-10-31_16:39:02.525000', 'g: 4095.00', 'p: 2687.00'])"
"set(['2018-10-31_16:39:02.576000', 'b: 1376.00', 't: 1378179', 'g: 4095.00', 'p: 2690.00'])"
"set(['p: 2691.00', '2018-10-31_16:39:02.625000', 't: 1378199', 'g: 4095.00', 'b: 1370.00'])"
"set(['p: 2689.00', 'b: 1370.00', 'g: 4095.00', '2018-10-31_16:39:02.678000', 't: 1378219'])"
"set(['t: 1378239', '2018-10-31_16:39:02.725000', 'b: 1367.00', 'g: 4095.00', 'p: 2690.00'])"
"set(['b: 1373.00', 't: 1378259', '2018-10-31_16:39:02.774000', 'g: 4095.00', 'p: 2701.00'])"
"set(['g: 4095.00', '2018-10-31_16:39:02.812000', 'p: 2691.00', 't: 1378279', 'b: 1365.00'])"
"set(['2018-10-31_16:39:02.851000', 'p: 2691.00', 'g: 4095.00', 'b: 1368.00', 't: 1378299'])"
"set(['p: 2689.00', 't: 1378319', 'b: 1366.00', 'g: 4095.00', '2018-10-31_16:39:02.889000'])"
"set(['t: 1378339', '2018-10-31_16:39:02.930000', 'b: 1367.00', 'g: 4095.00', 'p: 2698.00'])"
"set(['2018-10-31_16:39:02.969000', 'b: 1389.00', 'p: 2699.00', 'g: 4095.00', 't: 1378359'])"
"set(['2018-10-31_16:39:03.010000', 'b: 1366.00', 't: 1378379', 'g: 4095.00', 'p: 2687.00'])"
"set(['p: 2689.00', 't: 1378399', 'g: 4095.00', '2018-10-31_16:39:03.052000', 'b: 1370.00'])"
"set(['g: 4095.00', '2018-10-31_16:39:03.093000', 't: 1378419', 'b: 1368.00', 'p: 2687.00'])"
"set(['b: 1370.00', '2018-10-31_16:39:03.141000', 't: 1378439', 'g: 4095.00', 'p: 2690.00'])"
"set(['t: 1378459', 'b: 1374.00', '2018-10-31_16:39:03.194000', 'p: 2704.00', 'g: 4095.00'])"
"set(['2018-10-31_16:39:03.244000', 'b: 1370.00', 'g: 4095.00', 'p: 2679.00', 't: 1378479'])"
"set(['g: 4095.00', '2018-10-31_16:39:03.284000', 'p: 2694.00', 't: 1378499', 'b: 1370.00'])"
"set(['t: 1378519', '2018-10-31_16:39:03.325000', 'b: 1371.00', 'g: 4095.00', 'p: 2687.00'])"
"set(['p: 2689.00', 't: 1378539', 'g: 4095.00', '2018-10-31_16:39:03.360000', 'b: 1370.00'])"
"set(['2018-10-31_16:39:03.400000', 't: 1378559', 'g: 4095.00', 'b: 1368.00', 'p: 2690.00'])"
"set(['b: 1369.00', 'p: 2693.00', 'g: 4095.00', 't: 1378579', '2018-10-31_16:39:03.439000'])"
"set(['t: 1378599', 'b: 1367.00', 'g: 4095.00', '2018-10-31_16:39:03.478000', 'p: 2687.00'])"
"set(['2018-10-31_16:39:03.518000', 't: 1378619', 'p: 2691.00', 'g: 4095.00', 'b: 1367.00'])"
"set(['g: 4095.00', '2018-10-31_16:39:03.557000', 'b: 1370.00', 't: 1378639', 'p: 2687.00'])"
"set(['p: 2689.00', 'b: 1364.00', 'g: 4095.00', '2018-10-31_16:39:03.597000', 't: 1378659'])"
"set(['g: 4095.00', 't: 1378679', '2018-10-31_16:39:03.640000', 'b: 1365.00', 'p: 2687.00'])"
"set(['p: 2695.00', 't: 1378699', '2018-10-31_16:39:03.692000', 'g: 4095.00', 'b: 1370.00'])"
"set(['p: 2693.00', 'b: 1424.00', 'g: 4095.00', 't: 1378719', '2018-10-31_16:39:03.787000'])"
"set(['p: 2689.00', '2018-10-31_16:39:03.842000', 't: 1378739', 'g: 4095.00', 'b: 1367.00'])"
"set(['g: 4095.00', 't: 1378759', '2018-10-31_16:39:03.892000', 'b: 1365.00', 'p: 2687.00'])"
"set(['t: 1378779', 'p: 2695.00', 'b: 1363.00', 'g: 4095.00', '2018-10-31_16:39:03.933000'])"
"set(['2018-10-31_16:39:03.986000', 'b: 1366.00', 'g: 4095.00', 't: 1378799', 'p: 2687.00'])"
"set(['g: 4095.00', 't: 1378819', 'b: 1365.00', '2018-10-31_16:39:04.037000', 'p: 2687.00'])"
"set(['b: 1366.00', '2018-10-31_16:39:04.077000', 'p: 2686.00', 'g: 4095.00', 't: 1378839'])"
"set(['g: 4095.00', 'p: 2683.00', 't: 1378859', '2018-10-31_16:39:04.121000', 'b: 1365.00'])"
"set(['g: 4095.00', 't: 1378879', '2018-10-31_16:39:04.171000', 'b: 1365.00', 'p: 2687.00'])"
"set(['g: 4095.00', 't: 1378899', '2018-10-31_16:39:04.210000', 'b: 1365.00', 'p: 2687.00'])"
"set(['2018-10-31_16:39:04.251000', 'b: 1364.00', 't: 1378919', 'g: 4095.00', 'p: 2687.00'])"
"set(['p: 2689.00', '2018-10-31_16:39:04.293000', 'b: 1368.00', 't: 1378939', 'g: 4095.00'])"
"set(['t: 1378959', 'b: 1362.00', '2018-10-31_16:39:04.335000', 'g: 4095.00', 'p: 2687.00'])"
"set(['g: 4095.00', 't: 1378979', '2018-10-31_16:39:04.375000', 'b: 1364.00', 'p: 2687.00'])"
"set(['2018-10-31_16:39:04.421000', 't: 1378999', 'g: 4095.00', 'b: 1360.00', 'p: 2687.00'])"
"set(['2018-10-31_16:39:04.475000', 'b: 1363.00', 'g: 4095.00', 't: 1379019', 'p: 2687.00'])"
"set(['2018-10-31_16:39:04.527000', 'b: 1366.00', 't: 1379039', 'g: 4095.00', 'p: 2690.00'])"
"set(['2018-10-31_16:39:04.582000', 'b: 1369.00', 't: 1379059', 'g: 4095.00', 'p: 2687.00'])"
"set(['t: 1379079', '2018-10-31_16:39:04.634000', 'b: 1371.00', 'g: 4095.00', 'p: 2687.00'])"
"set(['2018-10-31_16:39:04.675000', 'b: 1364.00', 'g: 4095.00', 't: 1379099', 'p: 2687.00'])"
"set(['p: 2689.00', 't: 1379119', 'g: 4095.00', 'b: 1360.00', '2018-10-31_16:39:04.715000'])"
"set(['b: 1469.00', '2018-10-31_16:39:47.529000', 'g: 2559.00', 'p: 2679.00', 't: 1429199'])"
"set(['g: 3071.00', '2018-10-31_16:39:47.658000', 't: 1429219', 'b: 1463.00', 'p: 2679.00'])"
"set(['b: 1462.00', 'g: 3143.00', '2018-10-31_16:39:47.781000', 'p: 2679.00', 't: 1429239'])"
"set(['t: 1429259', '2018-10-31_16:39:47.919000', 'b: 1456.00', 'g: 1226.00', 'p: 2679.00'])"
"set(['2018-10-31_16:39:48.032000', 't: 1429279', 'b: 1449.00', 'p: 2679.00', 'g: 2493.00'])"
"set(['p: 2678.00', 'b: 1445.00', 't: 1429299', '2018-10-31_16:39:48.119000', 'g: 2121.00'])"
"set(['t: 1429319', '2018-10-31_16:39:48.259000', 'g: 1732.00', 'b: 1441.00', 'p: 2678.00'])"
"set(['p: 2678.00', 'g: 1981.00', '2018-10-31_16:39:48.382000', 'b: 1441.00', 't: 1429339'])"
"set(['2018-10-31_16:39:48.584000', 'g: 2213.00', 't: 1429359', 'p: 2679.00', 'b: 1438.00'])"
"set(['g: 1297.00', 'b: 1431.00', 'p: 2675.00', 't: 1429379', '2018-10-31_16:39:48.706000'])"
"set(['t: 1429399', 'p: 2675.00', 'g: 842.00', '2018-10-31_16:39:48.832000', 'b: 1431.00'])"
"set(['g: 1477.00', 'b: 1429.00', 'p: 2679.00', 't: 1429419', '2018-10-31_16:39:48.965000'])"
"set(['2018-10-31_16:39:49.104000', 'b: 1429.00', 't: 1429439', 'p: 2674.00', 'g: 786.00'])"
"set(['b: 1425.00', 't: 1429459', '2018-10-31_16:39:49.164000', 'p: 2675.00', 'g: 1642.00'])"
"set(['t: 1429479', 'b: 1423.00', 'g: 1483.00', 'p: 2677.00', '2018-10-31_16:39:49.245000'])"
"set(['g: 2707.00', '2018-10-31_16:39:49.357000', 'p: 2679.00', 't: 1429499', 'b: 1419.00'])"
"set(['g: 1698.00', 'p: 2675.00', 't: 1429519', '2018-10-31_16:39:49.505000', 'b: 1422.00'])"
"set(['2018-10-31_16:39:49.605000', 'g: 1667.00', 'p: 2677.00', 't: 1429539', 'b: 1419.00'])"
"set(['b: 1418.00', '2018-10-31_16:39:49.705000', 'p: 2677.00', 'g: 1840.00', 't: 1429559'])"
"set(['2018-10-31_16:39:49.816000', 't: 1429579', 'g: 1383.00', 'b: 1421.00', 'p: 2678.00'])"
"set(['2018-10-31_16:39:49.958000', 't: 1429599', 'g: 1242.00', 'p: 2679.00', 'b: 1419.00'])"
"set(['t: 1429619', 'g: 1639.00', '2018-10-31_16:39:50.100000', 'b: 1422.00', 'p: 2679.00'])"
"set(['g: 2159.00', 'p: 2678.00', 't: 1429639', '2018-10-31_16:39:50.300000', 'b: 1420.00'])"
"set(['b: 1418.00', 't: 1429659', '2018-10-31_16:39:50.408000', 'p: 2679.00', 'g: 1535.00'])"
"set(['g: 1518.00', 'p: 2678.00', '2018-10-31_16:39:50.548000', 't: 1429679', 'b: 1419.00'])"
"set([' 1456.00  g', ' 2677.00  b', ' 1490779  p', 't', '2018-10-31_16:40:49.106000'])"
"set([' 1490799  p', '2018-10-31_16:40:49.183000', ' 1459.00  g', 't', ' 2695.00  b'])"
"set(['2018-10-31_16:40:49.259000', ' 1490819  p', ' 1460.00  g', 't', ' 2679.00  b'])"
"set([' 1456.00  g', '2018-10-31_16:40:49.364000', ' 2675.00  b', 't', ' 1490839  p'])"
"set([' 2677.00  b', ' 1447.00  g', '2018-10-31_16:40:49.484000', 't', ' 1490859  p'])"
"set([' 1445.00  g', ' 2677.00  b', ' 1490879  p', 't', '2018-10-31_16:40:49.581000'])"
"set([' 1490899  p', ' 2675.00  b', '2018-10-31_16:40:49.687000', 't', ' 1450.00  g'])"
"set([' 1456.00  g', ' 2677.00  b', ' 1490919  p', 't', '2018-10-31_16:40:49.811000'])"
"set([' 1445.00  g', ' 2677.00  b', '2018-10-31_16:40:49.939000', ' 1490939  p', 't'])"
"set([' 1445.00  g', ' 2677.00  b', '2018-10-31_16:40:50.082000', 't', ' 1490959  p'])"
"set([' 1490979  p', ' 2677.00  b', ' 1430.00  g', 't', '2018-10-31_16:40:50.135000'])"
"set(['2018-10-31_16:40:50.193000', ' 1440.00  g', ' 1490999  p', ' 2675.00  b', 't'])"
"set([' 1440.00  g', ' 1491019  p', 't', '2018-10-31_16:40:50.258000', ' 2679.00  b'])"
"set([' 2677.00  b', ' 1491039  p', 't', '2018-10-31_16:40:50.290000', ' 1437.00  g'])"
"set([' 1491059  p', ' 1434.00  g', ' 2678.00  b', '2018-10-31_16:40:50.324000', 't'])"
"set([' 1434.00  g', ' 2677.00  b', '2018-10-31_16:40:50.355000', 't', ' 1491079  p'])"
"set([' 1427.00  g', ' 2675.00  b', ' 1491099  p', 't', '2018-10-31_16:40:50.392000'])"
"set([' 1424.00  g', ' 1491119  p', '2018-10-31_16:40:50.423000', 't', ' 2675.00  b'])"
"set(['2018-10-31_16:40:50.456000', ' 2679.00  b', 't', ' 1424.00  g', ' 1491139  p'])"
"set([' 1421.00  g', ' 2679.00  b', '2018-10-31_16:40:50.490000', 't', ' 1491159  p'])"
"set([' 1491179  p', '2018-10-31_16:40:50.548000', 't', ' 1414.00  g', ' 2677.00  b'])"
"set(['2018-10-31_16:40:50.599000', ' 1417.00  g', ' 1491199  p', 't', ' 2675.00  b'])"
"set(['2018-10-31_16:40:50.694000', ' 1491219  p', ' 1418.00  g', 't', ' 2679.00  b'])"
"set([' 2677.00  b', ' 1415.00  g', ' 1491239  p', 't', '2018-10-31_16:40:50.758000'])"
"set(['2018-10-31_16:40:50.825000', ' 2678.00  b', 't', ' 1491259  p', ' 1413.00  g'])"
"set([' 1491279  p', ' 2682.00  b', '2018-10-31_16:40:50.894000', 't', ' 1414.00  g'])"
"set([' 1491299  p', '2018-10-31_16:40:51.004000', ' 2678.00  b', 't', ' 1414.00  g'])"
"set([' 1413.00  g', ' 1491319  p', 't', '2018-10-31_16:40:51.062000', ' 2679.00  b'])"
"set(['2018-10-31_16:40:51.206000', ' 2679.00  b', ' 1408.00  g', 't', ' 1491339  p'])"
"set(['2018-10-31_16:40:51.300000', ' 2675.00  b', ' 1405.00  g', 't', ' 1491359  p'])"
"set([' 2678.00  b', ' 1491379  p', 't', '2018-10-31_16:40:51.372000', ' 1402.00  g'])"
"set(['2018-10-31_16:40:51.408000', ' 1491399  p', ' 2670.00  b', 't', ' 1398.00  g'])"
"set([' 1491419  p', ' 2678.00  b', '2018-10-31_16:40:51.461000', ' 1405.00  g', 't'])"
"set([' 1398.00  g', ' 2675.00  b', '2018-10-31_16:40:51.514000', 't', ' 1491439  p'])"
"set([' 2685.00  b', '2018-10-31_16:40:51.624000', ' 1491459  p', 't', ' 1403.00  g'])"
"set([' 2687.00  b', ' 1491479  p', ' 1406.00  g', 't', '2018-10-31_16:40:51.739000'])"
"set([' 1922.00  g', '2018-10-31_16:53:52.997000', ' 2274679  p', 't', ' 2673.00  b'])"
"set([' 2674.00  b', '2018-10-31_16:53:53.134000', 't', ' 2274699  p', ' 1895.00  g'])"
"set([' 1888.00  g', ' 2675.00  b', '2018-10-31_16:53:53.276000', 't', ' 2274719  p'])"
"set([' 1883.00  g', ' 2274739  p', 't', ' 2675.00  b', '2018-10-31_16:53:53.339000'])"
"set(['2018-10-31_16:53:53.418000', ' 2274759  p', ' 2675.00  b', 't', ' 1879.00  g'])"
"set([' 1885.00  g', '2018-10-31_16:53:53.597000', 't', ' 2673.00  b', ' 2274779  p'])"
"set(['2018-10-31_16:53:53.670000', ' 1872.00  g', 't', ' 2674.00  b', ' 2274799  p'])"
"set([' 2675.00  b', ' 2274819  p', 't', ' 1855.00  g', '2018-10-31_16:53:53.786000'])"
"set(['2018-10-31_16:53:53.923000', ' 2274839  p', ' 1870.00  g', 't', ' 2673.00  b'])"
"set([' 2274859  p', ' 1869.00  g', '2018-10-31_16:53:54.032000', 't', ' 2674.00  b'])"
"set(['2018-10-31_16:53:54.169000', ' 2675.00  b', ' 1870.00  g', 't', ' 2274879  p'])"
"set([' 1870.00  g', '2018-10-31_16:53:54.256000', ' 2274899  p', 't', ' 2674.00  b'])"
"set(['2018-10-31_16:53:54.352000', ' 2274919  p', ' 1855.00  g', 't', ' 2675.00  b'])"
"set([' 2687.00  b', ' 2319439  p', 't', '2018-10-31_16:54:37.755000', ' 730.00  g'])"
"set([' 656.00  g', '2018-10-31_16:54:37.802000', 't', ' 2319459  p', ' 2686.00  b'])"
"set([' 2319479  p', ' 2687.00  b', '2018-10-31_16:54:37.851000', 't', ' 640.00  g'])"
"set([' 2687.00  b', ' 2319499  p', ' 681.00  g', 't', '2018-10-31_16:54:37.900000'])"
"set([' 2319519  p', '2018-10-31_16:54:37.948000', 't', ' 785.00  g', ' 2686.00  b'])"
"set([' 2687.00  b', ' 662.00  g', '2018-10-31_16:54:37.997000', 't', ' 2319539  p'])"
"set([' 2687.00  b', ' 901.00  g', 't', '2018-10-31_16:54:38.051000', ' 2319559  p'])"
"set(['2018-10-31_16:54:38.101000', ' 811.00  g', ' 2319579  p', 't', ' 2686.00  b'])"
"set([' 2687.00  b', ' 2319599  p', ' 978.00  g', 't', '2018-10-31_16:54:38.139000'])"
"set([' 2687.00  b', '2018-10-31_16:54:38.228000', ' 980.00  g', ' 2319619  p', 't'])"
"set(['2018-10-31_16:54:38.281000', ' 2319639  p', ' 800.00  g', 't', ' 2679.00  b'])"
"set([' 2319659  p', ' 810.00  g', '2018-10-31_16:54:38.333000', 't', ' 2679.00  b'])"
"set(['2018-10-31_16:54:38.385000', ' 816.00  g', 't', ' 2319679  p', ' 2686.00  b'])"
"set([' 2687.00  b', '2018-10-31_16:54:38.437000', ' 912.00  g', ' 2319699  p', 't'])"
"set([' 2687.00  b', ' 2319719  p', 't', ' 957.00  g', '2018-10-31_16:54:38.476000'])"
"set([' 809.00  g', ' 2685.00  b', '2018-10-31_16:54:38.513000', 't', ' 2319739  p'])"
"set([' 954.00  g', '2018-10-31_16:54:38.548000', ' 2695.00  b', 't', ' 2319759  p'])"
"set([' 2687.00  b', ' 2319779  p', ' 696.00  g', 't', '2018-10-31_16:54:38.597000'])"
"set([' 2687.00  b', ' 944.00  g', ' 2319799  p', 't', '2018-10-31_16:54:38.649000'])"
"set([' 2687.00  b', ' 915.00  g', '2018-10-31_16:54:38.701000', 't', ' 2319819  p'])"
"set([' 2319839  p', ' 806.00  g', '2018-10-31_16:54:38.751000', ' 2683.00  b', 't'])"
"set([' 2687.00  b', ' 2319859  p', ' 848.00  g', 't', '2018-10-31_16:54:38.803000'])"
"set([' 2687.00  b', ' 685.00  g', ' 2319879  p', 't', '2018-10-31_16:54:38.854000'])"
"set([' 2687.00  b', '2018-10-31_16:54:38.944000', 't', ' 2319899  p', ' 800.00  g'])"
"set(['2018-10-31_16:54:38.985000', ' 2703.00  b', ' 640.00  g', 't', ' 2319919  p'])"
"set([' 2703.00  b', '2018-10-31_16:54:39.021000', ' 2319939  p', 't', ' 666.00  g'])"
"set([' 2319959  p', ' 584.00  g', 't', ' 2689.00  b', '2018-10-31_16:54:39.060000'])"
"set([' 2687.00  b', ' 653.00  g', '2018-10-31_16:54:39.114000', 't', ' 2319979  p'])"
"set([' 2687.00  b', '2018-10-31_16:54:39.168000', ' 880.00  g', 't', ' 2319999  p'])"
"set([' 2687.00  b', ' 2320019  p', 't', ' 852.00  g', '2018-10-31_16:54:39.211000'])"
"set(['2018-10-31_16:54:39.250000', ' 790.00  g', ' 2320039  p', 't', ' 2689.00  b'])"
"set([' 2687.00  b', ' 638.00  g', '2018-10-31_16:54:39.300000', 't', ' 2320059  p'])"
"set([' 2320079  p', ' 2687.00  b', 't', '2018-10-31_16:54:39.353000', ' 761.00  g'])"
"set([' 2687.00  b', ' 2320099  p', '2018-10-31_16:54:39.405000', 't', ' 849.00  g'])"
"set([' 2687.00  b', ' 2320119  p', '2018-10-31_16:54:39.513000', 't', ' 782.00  g'])"
"set([' 864.00  g', '2018-10-31_16:54:39.567000', 't', ' 2689.00  b', ' 2320139  p'])"
"set([' 864.00  g', ' 2691.00  b', '2018-10-31_16:54:39.619000', 't', ' 2320159  p'])"
"set([' 2687.00  b', '2018-10-31_16:54:39.670000', ' 2320179  p', 't', ' 878.00  g'])"
"set([' 2687.00  b', ' 2320199  p', '2018-10-31_16:54:39.722000', 't', ' 877.00  g'])"
"set([' 804.00  g', ' 2320219  p', 't', ' 2689.00  b', '2018-10-31_16:54:39.776000'])"
"set([' 2687.00  b', '2018-10-31_16:54:39.828000', ' 2320239  p', 't', ' 728.00  g'])"
"set([' 2320259  p', ' 772.00  g', ' 2669.00  b', 't', '2018-10-31_16:54:39.880000'])"
"set([' 2687.00  b', '2018-10-31_16:54:39.939000', ' 690.00  g', 't', ' 2320279  p'])"
"set([' 2687.00  b', ' 814.00  g', ' 2320299  p', 't', '2018-10-31_16:54:39.991000'])"
"set([' 2687.00  b', ' 2320319  p', '2018-10-31_16:54:40.041000', 't', ' 769.00  g'])"
"set([' 2687.00  b', '2018-10-31_16:54:40.081000', ' 754.00  g', 't', ' 2320339  p'])"
"set([' 2687.00  b', ' 701.00  g', '2018-10-31_16:54:40.119000', 't', ' 2320359  p'])"
"set([' 2103.00', '2018-10-31_16:58:08.794000', ' 2853.00', ' 2530479', ' 2690.00'])"
"set([' 2530499', ' 2691.00', ' 2103.00', '2018-10-31_16:58:08.874000', ' 4095.00'])"
"set([' 4095.00', '2018-10-31_16:58:08.962000', ' 2103.00', ' 2530519', ' 2690.00'])"
"set([' 3315.00', ' 2530539', '2018-10-31_16:58:09.080000', ' 2689.00', ' 2107.00'])"
"set([' 2691.00', ' 2530559', ' 4095.00', '2018-10-31_16:58:09.150000', ' 2102.00'])"
"set([' 2691.00', ' 4095.00', '2018-10-31_16:58:09.219000', ' 2107.00', ' 2530579'])"
"set([' 2691.00', ' 4095.00', ' 2530599', ' 2107.00', '2018-10-31_16:58:09.355000'])"
"set([' 4095.00', ' 2103.00', '2018-10-31_16:58:09.415000', ' 2530619', ' 2690.00'])"
"set([' 2103.00', ' 2885.00', ' 2530639', '2018-10-31_16:58:09.456000', ' 2690.00'])"
"set([' 4095.00', ' 2530659', '2018-10-31_16:58:09.516000', ' 2106.00', ' 2690.00'])"
"set([' 2530679', ' 4095.00', ' 2103.00', '2018-10-31_16:58:09.568000', ' 2690.00'])"
"set(['2018-10-31_16:58:09.661000', ' 2101.00', ' 2689.00', ' 2530699', ' 2823.00'])"
"set([' 2691.00', ' 4095.00', ' 2103.00', ' 2530719', '2018-10-31_16:58:09.752000'])"
"set([' 4095.00', '2018-10-31_16:58:09.788000', ' 2530739', ' 2107.00', ' 2689.00'])"
"set([' 4095.00', ' 2103.00', ' 2687.00', '2018-10-31_16:58:09.830000', ' 2530759'])"
"set([' 2677.00', ' 2530779', ' 2103.00', ' 4095.00', '2018-10-31_16:58:09.862000'])"
"set([' 4095.00', ' 2103.00', ' 2530799', ' 2689.00', '2018-10-31_16:58:09.898000'])"
"set(['2018-10-31_16:58:09.930000', ' 2559.00', ' 2103.00', ' 2687.00', ' 2530819'])"
"set(['2018-10-31_16:58:09.963000', ' 2382.00', ' 2098.00', ' 2530839', ' 2683.00'])"
"set([' 2530859', ' 2682.00', ' 2183.00', ' 2097.00', '2018-10-31_16:58:09.998000'])"
"set(['2018-10-31_16:58:10.034000', ' 2530879', ' 1236.00', ' 2689.00', ' 2098.00'])"
"set([' 2387.00', '2018-10-31_16:58:10.073000', ' 2530899', ' 2099.00', ' 2683.00'])"
"set([' 2530919', ' 2679.00', ' 2098.00', ' 1735.00', '2018-10-31_16:58:10.188000'])"
"set([' 2682.00', ' 1204.00', ' 2096.00', '2018-10-31_16:58:10.258000', ' 2530939'])"
"set([' 1644.00', ' 2679.00', ' 2096.00', ' 2530959', '2018-10-31_16:58:10.371000'])"
"set(['2018-10-31_16:58:10.497000', ' 2678.00', ' 2530979', ' 1519.00', ' 2096.00'])"
"set([' 2530999', '2018-10-31_16:58:10.619000', ' 2097.00', ' 1535.00', ' 2675.00'])"
"set([' 2679.00', ' 2531019', '2018-10-31_16:58:10.758000', ' 2096.00', ' 464.00'])"
"set([' 2677.00', '2018-10-31_16:58:10.836000', ' 1853.00', ' 2097.00', ' 2531039'])"
"set([' 2677.00', '2018-10-31_16:58:10.948000', ' 2097.00', ' 1810.00', ' 2531059'])"
"set([' 2531079', ' 2679.00', ' 1211.00', ' 2097.00', '2018-10-31_16:58:11.039000'])"
"set([' 2682.00', ' 2531099', ' 2097.00', '2018-10-31_16:58:11.178000', ' 2107.00'])"
"set(['2018-10-31_16:58:11.293000', ' 2096.00', ' 2188.00', ' 2531119', ' 2683.00'])"
"set([' 1998.00', ' 2096.00', ' 2531139', '2018-10-31_16:58:11.398000', ' 2683.00'])"
"set([' 2682.00', ' 2531159', ' 2097.00', '2018-10-31_16:58:11.535000', ' 580.00'])"
"set([' 2531179', ' 1744.00', '2018-10-31_16:58:11.647000', ' 2099.00', ' 2683.00'])"
"set(['2018-10-31_16:58:11.705000', ' 2096.00', ' 1857.00', ' 2531199', ' 2683.00'])"
"set([' 2682.00', ' 1965.00', '2018-10-31_16:58:11.821000', ' 2097.00', ' 2531219'])"
"set([' 2679.00', ' 2531239', '2018-10-31_16:58:11.962000', ' 2099.00', ' 1000.00'])"
"set([' 2531259', ' 2679.00', '2018-10-31_16:58:12.020000', ' 2099.00', ' 2434.00'])"
"set([' 1068.00', ' 2679.00', '2018-10-31_16:58:12.150000', ' 2099.00', ' 2531279'])"
"set(['2018-10-31_16:58:12.285000', ' 2679.00', ' 2096.00', ' 2531299', ' 2085.00'])"
"set([' 2531319', '2018-10-31_16:58:12.403000', ' 2896.00', ' 2098.00', ' 2683.00'])"
"set([' 2211.00', ' 2531339', ' 2095.00', ' 2681.00', '2018-10-31_16:58:12.501000'])"
"set([' 4095.00', '2018-10-31_16:59:15.012000', ' 2085.00', ' 2596699', ' 2690.00'])"
"set([' 2691.00', ' 4095.00', '2018-10-31_16:59:15.200000', ' 2596719', ' 2086.00'])"
"set([' 2093.00', ' 4095.00', ' 2687.00', ' 2596739', '2018-10-31_16:59:15.328000'])"
"set([' 4095.00', ' 2085.00', ' 2690.00', '2018-10-31_16:59:15.383000', ' 2596759'])"
"set([' 4095.00', ' 2596779', ' 2085.00', '2018-10-31_16:59:15.456000', ' 2690.00'])"
"set([' 2691.00', ' 4095.00', '2018-10-31_16:59:15.567000', ' 2596799', ' 2086.00'])"
"set([' 4095.00', '2018-10-31_16:59:15.703000', ' 2687.00', ' 2596819', ' 2085.00'])"
"set([' 4095.00', '2018-10-31_16:59:15.843000', ' 2086.00', ' 2596839', ' 2690.00'])"
"set([' 2596859', ' 4095.00', ' 2687.00', '2018-10-31_16:59:15.982000', ' 2085.00'])"
"set([' 4095.00', ' 2596879', ' 2687.00', ' 2086.00', '2018-10-31_16:59:16.118000'])"
"set([' 4095.00', ' 2083.00', ' 2687.00', ' 2596899', '2018-10-31_16:59:16.257000'])"
"set([' 2691.00', ' 2596919', '2018-10-31_16:59:16.392000', ' 4095.00', ' 2085.00'])"
"set([' 4095.00', ' 2083.00', ' 2690.00', '2018-10-31_16:59:16.493000', ' 2596939'])"
"set([' 2691.00', ' 4095.00', '2018-10-31_16:59:16.626000', ' 2596959', ' 2087.00'])"
"set([' 2691.00', ' 4095.00', ' 2596979', '2018-10-31_16:59:16.680000', ' 2086.00'])"
"set([' 4095.00', ' 2596999', ' 2687.00', ' 2086.00', '2018-10-31_16:59:16.734000'])"
"set([' 2691.00', ' 4095.00', '2018-10-31_16:59:16.847000', ' 2597019', ' 2087.00'])"
"set([' 4095.00', ' 2687.00', '2018-10-31_16:59:16.925000', ' 2597039', ' 2087.00'])"
"set([' 2691.00', ' 2083.00', '2018-10-31_16:59:16.984000', ' 4095.00', ' 2597059'])"
"set([' 4095.00', ' 2597079', '2018-10-31_16:59:17.037000', ' 2085.00', ' 2690.00'])"
"set([' 4095.00', ' 2059.00', ' 2597099', ' 2689.00', '2018-10-31_16:59:17.151000'])"
"set([' 2084.00', ' 4095.00', '2018-10-31_16:59:17.288000', ' 2689.00', ' 2597119'])"
"set([' 4095.00', '2018-10-31_16:59:17.396000', ' 2687.00', ' 2597139', ' 2086.00'])"
"set([' 2691.00', ' 4095.00', ' 2597159', '2018-10-31_16:59:17.529000', ' 2085.00'])"
"set(['2689.00', '2081.00', '2018-10-31_17:00:16.573000', '2658259', '4095.00'])"
"set(['2658279', '2689.00', '2079.00', '2018-10-31_17:00:16.679000', '4095.00'])"
"set(['2018-10-31_17:00:16.732000', '2693.00', '2658299', '2081.00', '4095.00'])"
"set(['2690.00', '4095.00', '2078.00', '2018-10-31_17:00:16.781000', '2658319'])"
"set(['2080.00', '2018-10-31_17:00:16.886000', '2658339', '4095.00', '2691.00'])"
"set(['2018-10-31_17:00:17.007000', '2658359', '2694.00', '2079.00', '4095.00'])"
"set(['2658379', '4095.00', '2081.00', '2018-10-31_17:00:17.147000', '2699.00'])"
"set(['2085.00', '2018-10-31_17:00:17.240000', '4095.00', '2694.00', '2658399'])"
"set(['2658419', '4095.00', '2081.00', '2018-10-31_17:00:17.313000', '2691.00'])"
"set(['2690.00', '2085.00', '2018-10-31_17:00:17.346000', '2658439', '4095.00'])"
"set(['2689.00', '2080.00', '2658459', '2018-10-31_17:00:17.379000', '4095.00'])"
"set(['2081.00', '2658479', '2687.00', '2018-10-31_17:00:17.425000', '4095.00'])"
"set(['2658499', '2701.00', '2018-10-31_17:00:17.506000', '2085.00', '4095.00'])"
"set(['2693.00', '2078.00', '2658519', '2018-10-31_17:00:17.583000', '4095.00'])"
"set(['2080.00', '2018-10-31_17:00:17.666000', '2691.00', '4095.00', '2658539'])"
"set(['2658559', '2079.00', '2018-10-31_17:00:17.714000', '4095.00', '2691.00'])"
"set(['2018-10-31_17:00:17.762000', '2658579', '2073.00', '4095.00', '2691.00'])"
"set(['2690.00', '2018-10-31_17:00:17.843000', '2071.00', '2658599', '4095.00'])"
"set(['2091.00', '2018-10-31_17:00:17.916000', '2687.00', '2658619', '4095.00'])"
"set(['2658639', '2150.00', '4095.00', '2018-10-31_17:00:18.047000', '2691.00'])"
"set(['2658659', '4095.00', '2096.00', '2018-10-31_17:00:18.144000', '2691.00'])"
"set(['2690.00', '2658679', '2018-10-31_17:00:18.225000', '2083.00', '4095.00'])"
"set(['2085.00', '4095.00', '2018-10-31_17:00:18.330000', '2658699', '2691.00'])"
"set(['2018-10-31_17:00:18.402000', '2689.00', '2658719', '2078.00', '4095.00'])"
"set(['2658739', '2018-10-31_17:00:18.475000', '4095.00', '2077.00', '2691.00'])"
"set(['2018-10-31_17:00:18.583000', '2691.00', '2079.00', '4095.00', '2658759'])"
"set(['2018-10-31_17:00:18.644000', '4095.00', '2081.00', '2658779', '2691.00'])"
"set(['2080.00', '2018-10-31_17:00:18.753000', '2658799', '4095.00', '2691.00'])"
"set(['2018-10-31_17:00:18.811000', '4095.00', '2658819', '2082.00', '2691.00'])"
"set(['2018-10-31_17:00:18.867000', '2658839', '2080.00', '4095.00', '2691.00'])"
"set(['2658859', '2018-10-31_17:00:18.984000', '2080.00', '4095.00', '2691.00'])"
"set(['2018-10-31_17:09:52.685000', '2695.00', '4095.00', '3234379', '2022.00'])"
"set(['2693.00', '2018-10-31_17:09:53.537000', '4095.00', '3234399', '2022.00'])"
"set(['2029.00', '3234419', '2018-10-31_17:09:53.566000', '2695.00', '4095.00'])"
"set(['3234439', '2695.00', '2015.00', '2018-10-31_17:09:53.596000', '4095.00'])"
"set(['2690.00', '2005.00', '4095.00', '2018-10-31_17:09:53.624000', '3234459'])"
"set(['2018-10-31_17:09:53.654000', '2695.00', '3234479', '4095.00', '2013.00'])"
"set(['2018-10-31_17:09:53.690000', '2000.00', '3234499', '2687.00', '4095.00'])"
"set(['2690.00', '2006.00', '2018-10-31_17:09:53.730000', '3234519', '4095.00'])"
"set(['3234539', '2690.00', '1983.00', '2018-10-31_17:09:53.758000', '4095.00'])"
"set(['2018-10-31_17:09:53.786000', '3234559', '4095.00', '1969.00', '2691.00'])"
"set(['1969.00', '4095.00', '3234579', '2018-10-31_17:09:53.813000', '2691.00'])"
"set(['1972.00', '4095.00', '2018-10-31_17:09:53.841000', '3234599', '2691.00'])"
"set(['1981.00', '2693.00', '2018-10-31_17:09:53.868000', '3234619', '4095.00'])"
"set(['1989.00', '2692.00', '4095.00', '2018-10-31_17:09:53.896000', '3234639'])"
"set(['2018-10-31_17:09:53.925000', '3234659', '1988.00', '4095.00', '2693.00'])"
"set(['2018-10-31_17:09:53.956000', '3234679', '1977.00', '4095.00', '2691.00'])"
"set(['2693.00', '4095.00', '3234699', '2018-10-31_17:09:53.985000', '1982.00'])"
"set(['3234719', '2690.00', '1984.00', '2018-10-31_17:09:54.014000', '4095.00'])"
"set(['2018-10-31_17:09:54.044000', '1975.00', '4095.00', '3234739', '2691.00'])"
"set(['2693.00', '2018-10-31_17:09:54.072000', '1975.00', '3234759', '4095.00'])"
"set(['1981.00', '2693.00', '3234779', '2018-10-31_17:09:54.099000', '4095.00'])"
"set(['3234799', '2693.00', '1969.00', '2018-10-31_17:09:54.128000', '4095.00'])"
"set(['1981.00', '2693.00', '4095.00', '2018-10-31_17:09:54.157000', '3234819'])"
"set(['1978.00', '2693.00', '3234839', '2018-10-31_17:09:54.199000', '4095.00'])"
"set(['2693.00', '2018-10-31_17:09:54.244000', '3234859', '4095.00', '1979.00'])"
"set(['1981.00', '3234879', '2018-10-31_17:09:54.299000', '2727.00', '4095.00'])"
"set(['2018-10-31_17:09:54.354000', '1979.00', '2691.00', '4095.00', '3234899'])"
"set(['3234919', '1975.00', '4095.00', '2018-10-31_17:09:54.397000', '2691.00'])"
"set(['2693.00', '1984.00', '3234939', '2018-10-31_17:09:54.437000', '4095.00'])"
"set(['2690.00', '4095.00', '2018-10-31_17:09:54.483000', '3234959', '1971.00'])"
"set(['3234979', '1968.00', '4095.00', '2018-10-31_17:09:54.525000', '2691.00'])"
"set(['2018-10-31_17:09:54.565000', '3234999', '4095.00', '1983.00', '2691.00'])"
"set(['3235019', '1968.00', '2018-10-31_17:09:54.673000', '4095.00', '2691.00'])"
"set(['1978.00', '2693.00', '2018-10-31_17:09:54.720000', '3235039', '4095.00'])"
"set(['2690.00', '1968.00', '3235059', '2018-10-31_17:09:54.774000', '4095.00'])"
"set(['2018-10-31_17:09:54.828000', '3235079', '2695.00', '1965.00', '4095.00'])"
"set(['3235099', '1978.00', '2018-10-31_17:09:54.883000', '4095.00', '2691.00'])"
"set(['2018-10-31_17:09:54.924000', '2692.00', '4095.00', '3235119', '1977.00'])"
"set(['2018-10-31_17:09:54.973000', '2691.00', '1966.00', '4095.00', '3235139'])"
"set(['2018-10-31_17:09:55.026000', '3235159', '4095.00', '1965.00', '2693.00'])"
"set(['2018-10-31_17:09:55.080000', '1968.00', '3235179', '4095.00', '2691.00'])"
"set(['2018-10-31_17:09:55.169000', '1969.00', '4095.00', '3235199', '2691.00'])"
"set(['2690.00', '1968.00', '2018-10-31_17:09:55.225000', '3235219', '4095.00'])"
"set(['3235239', '2690.00', '4095.00', '2018-10-31_17:09:55.275000', '1968.00'])"
"set(['2690.00', '2018-10-31_17:09:55.314000', '3235259', '1966.00', '4095.00'])"
"set(['2018-10-31_17:09:55.354000', '4095.00', '3235279', '1965.00', '2691.00'])"
"set(['4095.00', '2694.00', '2018-10-31_17:09:55.405000', '3235299', '1962.00'])"
"set(['2018-10-31_17:09:55.448000', '1959.00', '3235319', '2687.00', '4095.00'])"
"set(['2018-10-31_17:09:55.493000', '3235339', '1959.00', '4095.00', '2691.00'])"
"set(['1963.00', '2693.00', '4095.00', '2018-10-31_17:09:55.534000', '3235359'])"
"set(['1963.00', '4095.00', '2018-10-31_17:09:55.577000', '3235379', '2691.00'])"
"set(['3235399', '2018-10-31_17:09:55.618000', '1957.00', '4095.00', '2691.00'])"
"set(['1963.00', '2687.00', '2018-10-31_17:09:55.672000', '3235419', '4095.00'])"
"set(['1959.00', '3235439', '2018-10-31_17:09:55.724000', '2694.00', '4095.00'])"
"set(['3235459', '4095.00', '2018-10-31_17:09:55.776000', '1954.00', '2691.00'])"
"set(['1959.00', '2018-10-31_17:09:55.816000', '2694.00', '3235479', '4095.00'])"
"set(['2694.00', '3235499', '2018-10-31_17:09:55.857000', '1965.00', '4095.00'])"
"set(['2690.00', '3235519', '2018-10-31_17:09:55.908000', '4095.00', '1968.00'])"
"set(['2018-10-31_17:09:55.953000', '3235539', '1955.00', '2695.00', '4095.00'])"
"set(['2018-10-31_17:09:56.007000', '4095.00', '2694.00', '3235559', '1962.00'])"
"set(['1959.00', '2691.00', '2018-10-31_17:09:56.057000', '4095.00', '3235579'])"
"set(['1963.00', '3235599', '2018-10-31_17:09:56.101000', '4095.00', '2691.00'])"
"set(['1963.00', '2018-10-31_17:09:56.154000', '3235619', '4095.00', '2691.00'])"
"set(['1963.00', '2018-10-31_17:09:56.203000', '4095.00', '3235639', '2691.00'])"
"set(['2690.00', '1951.00', '2018-10-31_17:09:56.242000', '3235659', '4095.00'])"
"set(['3235679', '1951.00', '2018-10-31_17:09:56.283000', '2687.00', '4095.00'])"
"set(['2018-10-31_17:09:56.321000', '3235699', '2694.00', '1958.00', '4095.00'])"
"set(['2693.00', '4095.00', '2018-10-31_17:09:56.361000', '1954.00', '3235719'])"
"set(['1946.00', '2018-10-31_17:09:56.449000', '4095.00', '3235739', '2691.00'])"
"set(['2018-10-31_17:09:56.494000', '2693.00', '1958.00', '3235759', '4095.00'])"
"set(['3235779', '2018-10-31_17:09:56.548000', '4095.00', '1943.00', '2691.00'])"
"set(['1945.00', '2018-10-31_17:09:56.601000', '2692.00', '4095.00', '3235799'])"
"set(['3235819', '4095.00', '1941.00', '2018-10-31_17:09:56.693000', '2691.00'])"
"set(['2018-10-31_17:09:56.733000', '4095.00', '1941.00', '3235839', '2691.00'])"
"set(['1945.00', '2018-10-31_17:09:56.775000', '4095.00', '3235859', '2691.00'])"
"set(['3235879', '4095.00', '2018-10-31_17:09:56.816000', '1943.00', '2691.00'])"
"set(['3235899', '1945.00', '2692.00', '2018-10-31_17:09:56.852000', '4095.00'])"
"set(['1936.00', '4095.00', '2018-10-31_17:09:56.886000', '3235919', '2691.00'])"
"set(['2018-10-31_17:09:56.916000', '1936.00', '2691.00', '4095.00', '3235939'])"
"set(['3235959', '1939.00', '4095.00', '2018-10-31_17:09:56.945000', '2691.00'])"
"set(['2693.00', '3235979', '2018-10-31_17:09:56.972000', '4095.00', '1939.00'])"
"set(['2018-10-31_17:09:57.002000', '2689.00', '4095.00', '3235999', '1933.00'])"
"set(['1934.00', '2693.00', '2018-10-31_17:09:57.033000', '3236019', '4095.00'])"
"set(['2018-10-31_17:09:57.067000', '1936.00', '2691.00', '4095.00', '3236039'])"
"set(['3236059', '4095.00', '2018-10-31_17:09:57.096000', '1937.00', '2691.00'])"
"set(['2018-10-31_17:09:57.134000', '3236079', '2687.00', '1942.00', '4095.00'])"
"set(['2693.00', '1936.00', '2018-10-31_17:09:57.175000', '3236099', '4095.00'])"
"set(['3236119', '1936.00', '4095.00', '2018-10-31_17:09:57.214000', '2691.00'])"
"set(['2693.00', '2018-10-31_17:09:57.255000', '1939.00', '3236139', '4095.00'])"
"set(['2018-10-31_17:09:57.296000', '2693.00', '4095.00', '3236159', '1937.00'])"
"set(['2018-10-31_17:09:57.335000', '3236179', '1939.00', '4095.00', '2691.00'])"
"set(['3236199', '2731.00', '4095.00', '2018-10-31_17:09:57.376000', '1935.00'])"
"set(['1936.00', '3236219', '4095.00', '2018-10-31_17:09:57.414000', '2691.00'])"
"set(['3236239', '2695.00', '2018-10-31_17:09:57.454000', '4095.00', '1935.00'])"
"set(['1936.00', '2691.00', '2018-10-31_17:09:57.529000', '4095.00', '3236259'])"
"set(['1934.00', '2018-10-31_17:09:57.567000', '4095.00', '3236279', '2691.00'])"
"set(['2693.00', '3236299', '2018-10-31_17:09:57.608000', '1932.00', '4095.00'])"
"set(['2018-10-31_17:09:57.650000', '1936.00', '2694.00', '3236319', '4095.00'])"
"set(['3236339', '2687.00', '1933.00', '2018-10-31_17:09:57.690000', '4095.00'])"
"set(['2018-10-31_17:09:57.730000', '3236359', '1932.00', '2704.00', '4095.00'])"
"set(['2693.00', '1936.00', '2018-10-31_17:09:57.771000', '3236379', '4095.00'])"
"set(['2693.00', '2018-10-31_17:09:57.810000', '1930.00', '3236399', '4095.00'])"
"set(['2018-10-31_17:09:57.849000', '3236419', '4095.00', '1933.00', '2691.00'])"
"set(['2689.00', '3236439', '1936.00', '2018-10-31_17:09:57.888000', '4095.00'])"
"set(['2709.00', '1936.00', '3236459', '2018-10-31_17:09:57.931000', '4095.00'])"
"set(['2693.00', '2018-10-31_17:09:58.032000', '4095.00', '1938.00', '3236479'])"
"set(['2018-10-31_17:09:58.078000', '3236499', '4095.00', '1941.00', '2693.00'])"
"set(['2018-10-31_17:09:58.117000', '2695.00', '3236519', '1943.00', '4095.00'])"
"set(['1945.00', '3236539', '4095.00', '2018-10-31_17:09:58.159000', '2691.00'])"
"set(['3236559', '1950.00', '4095.00', '2018-10-31_17:09:58.210000', '2691.00'])"
"set(['2693.00', '2018-10-31_17:09:58.263000', '4095.00', '3236579', '1946.00'])"
"set(['2018-10-31_17:09:58.317000', '4095.00', '3236599', '1943.00', '2691.00'])"
"set(['2018-10-31_17:09:58.358000', '2691.00', '4095.00', '1943.00', '3236619'])"
"set(['2018-10-31_17:09:58.398000', '4095.00', '3236639', '1942.00', '2691.00'])"
"set(['2018-10-31_17:09:58.437000', '3236659', '1942.00', '4095.00', '2691.00'])"
"set(['3236679', '1953.00', '4095.00', '2018-10-31_17:09:58.488000', '2701.00'])"
"set(['1949.00', '4095.00', '2694.00', '2018-10-31_17:09:58.547000', '3236699'])"
"set(['1951.00', '3236719', '2695.00', '2018-10-31_17:09:58.605000', '4095.00'])"
"set(['2693.00', '1948.00', '3236739', '2018-10-31_17:09:58.644000', '4095.00'])"
"set(['2690.00', '1947.00', '2018-10-31_17:09:58.681000', '3236759', '4095.00'])"
"set(['3236779', '4095.00', '2018-10-31_17:09:58.719000', '1942.00', '2691.00'])"
"set(['3236799', '1948.00', '4095.00', '2018-10-31_17:09:58.761000', '2691.00'])"
"set(['2693.00', '4095.00', '3236819', '2018-10-31_17:09:58.797000', '1953.00'])"
"set(['2018-10-31_17:09:58.828000', '4095.00', '2694.00', '1955.00', '3236839'])"
"set(['2018-10-31_17:09:58.856000', '3236859', '1947.00', '4095.00', '2691.00'])"
"set(['2693.00', '3236879', '2018-10-31_17:09:58.888000', '1943.00', '4095.00'])"
"set(['2693.00', '1936.00', '2018-10-31_17:09:58.927000', '3236899', '4095.00'])"
"set(['3236919', '1935.00', '2018-10-31_17:09:58.967000', '4095.00', '2691.00'])"
"set(['2018-10-31_17:09:59.004000', '1937.00', '4095.00', '3236939', '2691.00'])"
"set(['1937.00', '4095.00', '3236959', '2018-10-31_17:09:59.043000', '2691.00'])"
"set(['2702.00', '2018-10-31_17:09:59.080000', '3236979', '1938.00', '4095.00'])"
"set(['3236999', '1938.00', '2018-10-31_17:09:59.117000', '2687.00', '4095.00'])"
"set(['1935.00', '2018-10-31_17:09:59.156000', '4095.00', '3237019', '2691.00'])"
"set(['3237039', '1936.00', '4095.00', '2018-10-31_17:09:59.194000', '2691.00'])"
"set(['2693.00', '3237059', '1940.00', '2018-10-31_17:09:59.232000', '4095.00'])"
"set(['1937.00', '2695.00', '3237079', '2018-10-31_17:09:59.269000', '4095.00'])"
"set(['2018-10-31_17:09:59.310000', '1939.00', '4095.00', '3237099', '2691.00'])"
"set(['2018-10-31_17:09:59.347000', '1936.00', '3237119', '2694.00', '4095.00'])"
"set(['3237139', '1936.00', '4095.00', '2018-10-31_17:09:59.384000', '2691.00'])"
"set(['2018-10-31_17:09:59.422000', '2695.00', '1938.00', '4095.00', '3237159'])"
"set(['2018-10-31_17:09:59.462000', '2693.00', '1936.00', '3237179', '4095.00'])"
"set(['1935.00', '2018-10-31_17:09:59.500000', '3237199', '4095.00', '2691.00'])"
"set(['3237219', '2690.00', '4095.00', '2018-10-31_17:09:59.537000', '1935.00'])"
"set(['2693.00', '1931.00', '2018-10-31_17:09:59.575000', '3237239', '4095.00'])"
"set(['2693.00', '1936.00', '3237259', '2018-10-31_17:09:59.612000', '4095.00'])"
"set(['2693.00', '3237279', '2018-10-31_17:09:59.645000', '1936.00', '4095.00'])"
"set(['3237299', '2018-10-31_17:09:59.679000', '2695.00', '4095.00', '1935.00'])"
"set(['1936.00', '4095.00', '2018-10-31_17:09:59.708000', '3237319', '2691.00'])"
"set(['1937.00', '2691.00', '2018-10-31_17:09:59.736000', '4095.00', '3237339'])"
"set(['3237359', '4095.00', '2018-10-31_17:09:59.762000', '1937.00', '2691.00'])"
"set(['1927.00', '3237379', '2687.00', '2018-10-31_17:09:59.788000', '4095.00'])"
"set(['2693.00', '2018-10-31_17:09:59.814000', '4095.00', '3237399', '1926.00'])"
"set(['2018-10-31_17:09:59.841000', '3237419', '4095.00', '1933.00', '2691.00'])"
"set(['1934.00', '2018-10-31_17:09:59.869000', '4095.00', '3237439', '2691.00'])"
"set(['2690.00', '2018-10-31_17:09:59.897000', '1933.00', '3237459', '4095.00'])"
"set(['3237479', '2693.00', '2018-10-31_17:09:59.929000', '1933.00', '4095.00'])"
"set(['2018-10-31_17:09:59.963000', '3237499', '4095.00', '1925.00', '2691.00'])"
"set(['2690.00', '1925.00', '4095.00', '2018-10-31_17:09:59.995000', '3237519'])"
"set(['2018-10-31_17:10:00.023000', '4095.00', '3237539', '1910.00', '2691.00'])"
"set(['2690.00', '2018-10-31_17:10:00.053000', '3237559', '1923.00', '4095.00'])"
"set(['3237579', '1922.00', '2711.00', '2018-10-31_17:10:00.085000', '4095.00'])"
"set(['2018-10-31_17:10:00.124000', '1926.00', '2694.00', '4095.00', '3237599'])"
"set(['2018-10-31_17:10:00.163000', '2693.00', '4095.00', '3237619', '1923.00'])"
"set(['2018-10-31_17:10:00.203000', '3237639', '4095.00', '1920.00', '2691.00'])"
"set(['3237659', '1927.00', '4095.00', '2018-10-31_17:10:00.247000', '2691.00'])"
"set(['2018-10-31_17:10:00.292000', '1914.00', '2694.00', '3237679', '4095.00'])"
"set(['2690.00', '1923.00', '3237699', '2018-10-31_17:10:00.335000', '4095.00'])"
"set(['1927.00', '3237719', '2018-10-31_17:10:00.420000', '4095.00', '2693.00'])"
"set(['1904.00', '3237739', '4095.00', '2018-10-31_17:10:00.468000', '2691.00'])"
"set(['2018-10-31_17:10:00.512000', '1922.00', '3237759', '4095.00', '2691.00'])"
"set(['2689.00', '1917.00', '2018-10-31_17:10:00.561000', '4095.00', '3237779'])"
"set(['3237799', '4095.00', '1919.00', '2018-10-31_17:10:00.605000', '2691.00'])"
"set(['2018-10-31_17:10:00.650000', '4095.00', '1918.00', '3237819', '2691.00'])"
"set(['3237839', '2693.00', '4095.00', '2018-10-31_17:10:00.694000', '1926.00'])"
"set(['3237859', '4095.00', '2018-10-31_17:10:00.792000', '2003.00', '2691.00'])"
"set(['2018-10-31_17:10:00.845000', '2079.00', '3237879', '4095.00', '2691.00'])"
"set(['2690.00', '2018-10-31_17:10:00.895000', '2079.00', '3237899', '4095.00'])"
"set(['2018-10-31_17:10:00.944000', '3237919', '2079.00', '4095.00', '2691.00'])"
"set(['3237939', '2018-10-31_17:10:01.000000', '4095.00', '2078.00', '2691.00'])"
"set(['4095.00', '2070.00', '2018-10-31_17:10:01.055000', '2685.00', '3237959'])"
"set(['2077.00', '2018-10-31_17:10:01.114000', '4095.00', '3237979', '2691.00'])"
"set(['2693.00', '3237999', '4095.00', '2018-10-31_17:10:01.172000', '1997.00'])"
"set(['2692.00', '3238019', '2018-10-31_17:10:01.210000', '2073.00', '4095.00'])"
"set(['3238039', '2043.00', '4095.00', '2018-10-31_17:10:01.249000', '2693.00'])"
"set(['2077.00', '2691.00', '4095.00', '2018-10-31_17:10:01.291000', '3238059'])"
"set(['2018-10-31_17:10:01.346000', '4095.00', '2078.00', '3238079', '2691.00'])"
"set(['2018-10-31_17:10:01.400000', '2065.00', '3238099', '4095.00', '2691.00'])"
"set(['2067.00', '2018-10-31_17:10:01.457000', '4095.00', '3238119', '2691.00'])"
"set(['3238139', '2077.00', '2697.00', '2018-10-31_17:10:01.511000', '4095.00'])"
"set(['2018-10-31_17:10:01.564000', '3238159', '2697.00', '2065.00', '4095.00'])"
"set(['2018-10-31_17:10:01.621000', '2695.00', '3238179', '4095.00', '2066.00'])"
"set(['2018-10-31_17:10:01.661000', '2693.00', '4095.00', '3238199', '2039.00'])"
"set(['2018-10-31_17:10:01.702000', '4095.00', '2694.00', '3238219', '2022.00'])"
"set(['2693.00', '2018-10-31_17:10:01.744000', '4095.00', '2019.00', '3238239'])"
"set(['3238259', '4095.00', '2002.00', '2018-10-31_17:10:01.784000', '2693.00'])"
"set(['1989.00', '2692.00', '3238279', '2018-10-31_17:10:01.829000', '4095.00'])"
"set(['1981.00', '2018-10-31_17:10:01.878000', '2695.00', '3238299', '4095.00'])"
"set(['3238319', '2693.00', '4095.00', '2018-10-31_17:10:01.918000', '1973.00'])"
"set(['2018-10-31_17:10:01.971000', '2693.00', '4095.00', '3238339', '1968.00'])"
