127631,1021.00,2019-03-11_13:17:18.071000
127731,1029.00,2019-03-11_13:17:18.211000
127831,1004.00,2019-03-11_13:17:18.273000
127931,1009.00,2019-03-11_13:17:18.371000
128031,1008.00,2019-03-11_13:17:18.504000
128131,997.00,2019-03-11_13:17:18.572000
128231,1017.00,2019-03-11_13:17:18.754000
128331,997.00,2019-03-11_13:17:18.832000
128431,987.00,2019-03-11_13:17:18.991000
128531,996.00,2019-03-11_13:17:19.116000
128631,1037.00,2019-03-11_13:17:19.208000
128731,980.00,2019-03-11_13:17:19.276000
128831,1008.00,2019-03-11_13:17:19.328000
128931,1001.00,2019-03-11_13:17:19.380000
129031,976.00,2019-03-11_13:17:19.473000
129131,1010.00,2019-03-11_13:17:19.576000
129231,1018.00,2019-03-11_13:17:19.685000
129331,976.00,2019-03-11_13:17:19.829000
129431,990.00,2019-03-11_13:17:19.910000
129531,1001.00,2019-03-11_13:17:19.962000
129631,990.00,2019-03-11_13:17:20.069000
129731,980.00,2019-03-11_13:17:20.202000
129831,977.00,2019-03-11_13:17:20.330000
129931,995.00,2019-03-11_13:17:20.449000
130031,962.00,2019-03-11_13:17:20.529000
130131,912.00,2019-03-11_13:17:20.680000
130231,973.00,2019-03-11_13:17:20.870000
130331,992.00,2019-03-11_13:17:21.065000
130431,986.00,2019-03-11_13:17:21.225000
130531,981.00,2019-03-11_13:17:21.339000
130631,980.00,2019-03-11_13:17:21.415000
130731,992.00,2019-03-11_13:17:21.532000
130831,1008.00,2019-03-11_13:17:21.649000
130931,987.00,2019-03-11_13:17:21.725000
131031,1008.00,2019-03-11_13:17:21.871000
131131,963.00,2019-03-11_13:17:22.033000
131231,987.00,2019-03-11_13:17:22.165000
131331,995.00,2019-03-11_13:17:22.220000
131431,971.00,2019-03-11_13:17:22.331000
131531,942.00,2019-03-11_13:17:22.412000
131631,944.00,2019-03-11_13:17:22.521000
131731,960.00,2019-03-11_13:17:22.637000
131831,973.00,2019-03-11_13:17:22.764000
131931,960.00,2019-03-11_13:17:22.836000
132031,937.00,2019-03-11_13:17:22.986000
132131,923.00,2019-03-11_13:17:23.079000
132231,933.00,2019-03-11_13:17:23.274000
132331,932.00,2019-03-11_13:17:23.399000
132431,929.00,2019-03-11_13:17:23.503000
132531,938.00,2019-03-11_13:17:23.640000
132631,944.00,2019-03-11_13:17:23.779000
132731,930.00,2019-03-11_13:17:23.838000
132831,937.00,2019-03-11_13:17:23.915000
132931,941.00,2019-03-11_13:17:23.984000
133031,937.00,2019-03-11_13:17:24.043000
133131,942.00,2019-03-11_13:17:24.119000
133231,932.00,2019-03-11_13:17:24.201000
133331,928.00,2019-03-11_13:17:24.282000
133431,928.00,2019-03-11_13:17:24.337000
133531,944.00,2019-03-11_13:17:24.423000
133631,940.00,2019-03-11_13:17:24.520000
133731,945.00,2019-03-11_13:17:24.572000
133831,945.00,2019-03-11_13:17:24.704000
133931,944.00,2019-03-11_13:17:24.847000
134031,940.00,2019-03-11_13:17:24.937000
134131,934.00,2019-03-11_13:17:25.066000
134231,941.00,2019-03-11_13:17:25.128000
134331,938.00,2019-03-11_13:17:25.240000
134431,946.00,2019-03-11_13:17:25.312000
134531,944.00,2019-03-11_13:17:25.367000
134631,950.00,2019-03-11_13:17:25.472000
134731,948.00,2019-03-11_13:17:25.666000
134831,938.00,2019-03-11_13:17:25.718000
134931,944.00,2019-03-11_13:17:25.853000
135031,937.00,2019-03-11_13:17:26.001000
135131,938.00,2019-03-11_13:17:26.118000
135231,944.00,2019-03-11_13:17:26.211000
135331,944.00,2019-03-11_13:17:26.278000
135431,932.00,2019-03-11_13:17:26.386000
135531,948.00,2019-03-11_13:17:26.486000
135631,960.00,2019-03-11_13:17:26.684000
135731,953.00,2019-03-11_13:17:26.767000
135831,941.00,2019-03-11_13:17:26.880000
135931,949.00,2019-03-11_13:17:26.937000
136031,928.00,2019-03-11_13:17:27.124000
136131,944.00,2019-03-11_13:17:27.247000
136231,944.00,2019-03-11_13:17:27.337000
136331,934.00,2019-03-11_13:17:27.395000
136431,944.00,2019-03-11_13:17:27.457000
136531,934.00,2019-03-11_13:17:27.525000
136631,930.00,2019-03-11_13:17:27.583000
136731,942.00,2019-03-11_13:17:27.764000
136831,955.00,2019-03-11_13:17:27.883000
136931,944.00,2019-03-11_13:17:27.984000
137031,947.00,2019-03-11_13:17:28.038000
137131,928.00,2019-03-11_13:17:28.091000
137231,939.00,2019-03-11_13:17:28.245000
137331,909.00,2019-03-11_13:17:28.386000
137431,889.00,2019-03-11_13:17:28.476000
137531,930.00,2019-03-11_13:17:28.524000
137631,896.00,2019-03-11_13:17:28.576000
137731,942.00,2019-03-11_13:17:28.646000
137831,953.00,2019-03-11_13:17:28.731000
137931,938.00,2019-03-11_13:17:28.791000
138031,912.00,2019-03-11_13:17:28.883000
138131,918.00,2019-03-11_13:17:29.017000
138231,921.00,2019-03-11_13:17:29.153000
138331,944.00,2019-03-11_13:17:29.208000
138431,928.00,2019-03-11_13:17:29.257000
138531,914.00,2019-03-11_13:17:29.320000
138631,871.00,2019-03-11_13:17:29.378000
138731,911.00,2019-03-11_13:17:29.502000
138831,891.00,2019-03-11_13:17:29.732000
138931,912.00,2019-03-11_13:17:29.787000
139031,901.00,2019-03-11_13:17:29.860000
139131,910.00,2019-03-11_13:17:29.910000
139231,887.00,2019-03-11_13:17:30.014000
139331,908.00,2019-03-11_13:17:30.130000
139431,864.00,2019-03-11_13:17:30.237000
139531,889.00,2019-03-11_13:17:30.316000
139631,842.00,2019-03-11_13:17:30.382000
139731,884.00,2019-03-11_13:17:30.459000
139831,848.00,2019-03-11_13:17:30.517000
139931,837.00,2019-03-11_13:17:30.623000
140031,874.00,2019-03-11_13:17:30.731000
140131,853.00,2019-03-11_13:17:30.827000
140231,899.00,2019-03-11_13:17:30.903000
140331,896.00,2019-03-11_13:17:30.976000
140431,843.00,2019-03-11_13:17:31.027000
140531,867.00,2019-03-11_13:17:31.075000
140631,891.00,2019-03-11_13:17:31.198000
140731,864.00,2019-03-11_13:17:31.287000
140831,880.00,2019-03-11_13:17:31.394000
140931,874.00,2019-03-11_13:17:31.514000
141031,875.00,2019-03-11_13:17:31.599000
141131,853.00,2019-03-11_13:17:31.777000
141231,883.00,2019-03-11_13:17:31.891000
141331,875.00,2019-03-11_13:17:32.075000
141431,866.00,2019-03-11_13:17:32.151000
141531,858.00,2019-03-11_13:17:32.237000
141631,867.00,2019-03-11_13:17:32.301000
141731,866.00,2019-03-11_13:17:32.363000
141831,864.00,2019-03-11_13:17:32.445000
141931,884.00,2019-03-11_13:17:32.532000
142031,896.00,2019-03-11_13:17:32.659000
142131,901.00,2019-03-11_13:17:32.724000
142231,896.00,2019-03-11_13:17:32.814000
142331,907.00,2019-03-11_13:17:32.947000
142431,914.00,2019-03-11_13:17:33.033000
142531,945.00,2019-03-11_13:17:33.082000
142631,926.00,2019-03-11_13:17:33.149000
142731,912.00,2019-03-11_13:17:33.290000
142831,945.00,2019-03-11_13:17:33.360000
142931,939.00,2019-03-11_13:17:33.446000
143031,942.00,2019-03-11_13:17:33.535000
143131,942.00,2019-03-11_13:17:33.629000
143231,976.00,2019-03-11_13:17:33.758000
143331,1003.00,2019-03-11_13:17:33.866000
143431,1008.00,2019-03-11_13:17:33.960000
143531,1015.00,2019-03-11_13:17:34.012000
143631,1021.00,2019-03-11_13:17:34.117000
143731,1030.00,2019-03-11_13:17:34.166000
143831,1022.00,2019-03-11_13:17:34.268000
143931,1020.00,2019-03-11_13:17:34.466000
144031,1040.00,2019-03-11_13:17:34.525000
144131,1035.00,2019-03-11_13:17:34.646000
144231,1037.00,2019-03-11_13:17:34.736000
144331,1010.00,2019-03-11_13:17:34.919000
144431,1016.00,2019-03-11_13:17:35.060000
144531,1008.00,2019-03-11_13:17:35.136000
144631,1017.00,2019-03-11_13:17:35.265000
144731,1008.00,2019-03-11_13:17:35.416000
144831,1008.00,2019-03-11_13:17:35.564000
144931,1000.00,2019-03-11_13:17:35.671000
145031,1008.00,2019-03-11_13:17:35.846000
145131,1003.00,2019-03-11_13:17:35.974000
145231,1002.00,2019-03-11_13:17:36.107000
145331,1008.00,2019-03-11_13:17:36.260000
145431,1003.00,2019-03-11_13:17:36.322000
145531,994.00,2019-03-11_13:17:36.423000
145631,994.00,2019-03-11_13:17:36.618000
145731,999.00,2019-03-11_13:17:36.802000
145831,987.00,2019-03-11_13:17:36.884000
145931,1008.00,2019-03-11_13:17:36.966000
146031,1013.00,2019-03-11_13:17:37.131000
146131,996.00,2019-03-11_13:17:37.307000
146231,999.00,2019-03-11_13:17:37.447000
146331,977.00,2019-03-11_13:17:37.653000
146431,1000.00,2019-03-11_13:17:37.778000
146531,994.00,2019-03-11_13:17:37.866000
146631,989.00,2019-03-11_13:17:37.951000
146731,976.00,2019-03-11_13:17:38.046000
146831,984.00,2019-03-11_13:17:38.131000
146931,976.00,2019-03-11_13:17:38.216000
147031,976.00,2019-03-11_13:17:38.304000
147131,976.00,2019-03-11_13:17:38.384000
147231,965.00,2019-03-11_13:17:38.514000
147331,974.00,2019-03-11_13:17:38.603000
147431,976.00,2019-03-11_13:17:38.696000
147531,960.00,2019-03-11_13:17:38.756000
147631,976.00,2019-03-11_13:17:38.816000
147731,965.00,2019-03-11_13:17:38.876000
147831,962.00,2019-03-11_13:17:38.942000
147931,962.00,2019-03-11_13:17:38.998000
148031,969.00,2019-03-11_13:17:39.097000
148131,971.00,2019-03-11_13:17:39.167000
148231,960.00,2019-03-11_13:17:39.318000
148331,976.00,2019-03-11_13:17:39.427000
148431,933.00,2019-03-11_13:17:39.539000
148531,934.00,2019-03-11_13:17:39.734000
148631,987.00,2019-03-11_13:17:39.837000
148731,934.00,2019-03-11_13:17:39.934000
148831,976.00,2019-03-11_13:17:40.072000
148931,970.00,2019-03-11_13:17:40.222000
149031,1003.00,2019-03-11_13:17:40.375000
149131,962.00,2019-03-11_13:17:40.468000
149231,969.00,2019-03-11_13:17:40.623000
149331,1008.00,2019-03-11_13:17:40.752000
149431,932.00,2019-03-11_13:17:40.879000
149531,953.00,2019-03-11_13:17:40.939000
149631,977.00,2019-03-11_13:17:41.069000
149731,990.00,2019-03-11_13:17:41.155000
149831,945.00,2019-03-11_13:17:41.330000
149931,976.00,2019-03-11_13:17:41.513000
150031,960.00,2019-03-11_13:17:41.584000
150131,960.00,2019-03-11_13:17:41.663000
150231,969.00,2019-03-11_13:17:41.718000
150331,976.00,2019-03-11_13:17:41.821000
150431,978.00,2019-03-11_13:17:41.999000
150531,999.00,2019-03-11_13:17:42.126000
150631,963.00,2019-03-11_13:17:42.178000
150731,1040.00,2019-03-11_13:17:42.248000
150831,963.00,2019-03-11_13:17:42.444000
150931,985.00,2019-03-11_13:17:42.607000
151031,978.00,2019-03-11_13:17:42.787000
151131,992.00,2019-03-11_13:17:42.945000
151231,1000.00,2019-03-11_13:17:43.086000
151331,976.00,2019-03-11_13:17:43.237000
151431,1008.00,2019-03-11_13:17:43.368000
151531,982.00,2019-03-11_13:17:43.490000
151631,998.00,2019-03-11_13:17:43.607000
151731,976.00,2019-03-11_13:17:43.810000
151831,988.00,2019-03-11_13:17:43.959000
151931,996.00,2019-03-11_13:17:44.033000
152031,990.00,2019-03-11_13:17:44.162000
152131,992.00,2019-03-11_13:17:44.245000
152231,994.00,2019-03-11_13:17:44.328000
152331,985.00,2019-03-11_13:17:44.407000
152431,975.00,2019-03-11_13:17:44.477000
152531,976.00,2019-03-11_13:17:44.529000
152631,961.00,2019-03-11_13:17:44.591000
152731,966.00,2019-03-11_13:17:44.690000
152831,947.00,2019-03-11_13:17:44.872000
152931,980.00,2019-03-11_13:17:45.036000
153031,965.00,2019-03-11_13:17:45.095000
153131,986.00,2019-03-11_13:17:45.258000
153231,976.00,2019-03-11_13:17:45.367000
153331,960.00,2019-03-11_13:17:45.474000
153431,954.00,2019-03-11_13:17:45.661000
153531,966.00,2019-03-11_13:17:45.753000
153631,987.00,2019-03-11_13:17:45.963000
153731,962.00,2019-03-11_13:17:46.121000
153831,947.00,2019-03-11_13:17:46.248000
153931,957.00,2019-03-11_13:17:46.333000
154031,964.00,2019-03-11_13:17:46.482000
154131,948.00,2019-03-11_13:17:46.623000
154231,947.00,2019-03-11_13:17:46.791000
154331,946.00,2019-03-11_13:17:46.983000
154431,975.00,2019-03-11_13:17:47.194000
154531,950.00,2019-03-11_13:17:47.340000
154631,944.00,2019-03-11_13:17:47.428000
154731,938.00,2019-03-11_13:17:47.514000
154831,971.00,2019-03-11_13:17:47.726000
154931,929.00,2019-03-11_13:17:47.926000
155031,950.00,2019-03-11_13:17:47.988000
155131,944.00,2019-03-11_13:17:48.097000
155231,910.00,2019-03-11_13:17:48.228000
155331,942.00,2019-03-11_13:17:48.346000
155431,912.00,2019-03-11_13:17:48.476000
155531,944.00,2019-03-11_13:17:48.573000
155631,934.00,2019-03-11_13:17:48.634000
155731,938.00,2019-03-11_13:17:48.746000
155831,898.00,2019-03-11_13:17:48.948000
155931,901.00,2019-03-11_13:17:49.090000
156031,928.00,2019-03-11_13:17:49.230000
156131,901.00,2019-03-11_13:17:49.346000
156231,914.00,2019-03-11_13:17:49.480000
156331,912.00,2019-03-11_13:17:49.586000
156431,897.00,2019-03-11_13:17:49.712000
156531,921.00,2019-03-11_13:17:49.806000
156631,890.00,2019-03-11_13:17:49.894000
156731,896.00,2019-03-11_13:17:50.080000
156831,901.00,2019-03-11_13:17:50.186000
156931,900.00,2019-03-11_13:17:50.248000
157031,908.00,2019-03-11_13:17:50.342000
157131,899.00,2019-03-11_13:17:50.525000
157231,912.00,2019-03-11_13:17:50.599000
157331,915.00,2019-03-11_13:17:50.706000
157431,907.00,2019-03-11_13:17:50.870000
157531,900.00,2019-03-11_13:17:50.926000
157631,912.00,2019-03-11_13:17:51.084000
157731,909.00,2019-03-11_13:17:51.208000
157831,898.00,2019-03-11_13:17:51.417000
157931,890.00,2019-03-11_13:17:51.517000
158031,901.00,2019-03-11_13:17:51.615000
158131,906.00,2019-03-11_13:17:51.782000
158231,907.00,2019-03-11_13:17:51.960000
158331,906.00,2019-03-11_13:17:52.119000
158431,898.00,2019-03-11_13:17:52.243000
158531,901.00,2019-03-11_13:17:52.369000
158631,898.00,2019-03-11_13:17:52.498000
158731,883.00,2019-03-11_13:17:52.617000
158831,896.00,2019-03-11_13:17:52.719000
158931,896.00,2019-03-11_13:17:52.872000
159031,897.00,2019-03-11_13:17:53.051000
159131,889.00,2019-03-11_13:17:53.234000
159231,883.00,2019-03-11_13:17:53.357000
159331,892.00,2019-03-11_13:17:53.548000
159431,893.00,2019-03-11_13:17:53.729000
159531,896.00,2019-03-11_13:17:53.884000
159631,893.00,2019-03-11_13:17:53.967000
159731,896.00,2019-03-11_13:17:54.069000
159831,897.00,2019-03-11_13:17:54.124000
159931,896.00,2019-03-11_13:17:54.180000
160031,907.00,2019-03-11_13:17:54.266000
160131,896.00,2019-03-11_13:17:54.436000
160231,891.00,2019-03-11_13:17:54.569000
160331,906.00,2019-03-11_13:17:54.650000
160431,906.00,2019-03-11_13:17:54.796000
160531,912.00,2019-03-11_13:17:54.980000
160631,916.00,2019-03-11_13:17:55.057000
160731,904.00,2019-03-11_13:17:55.178000
160831,897.00,2019-03-11_13:17:55.294000
160931,896.00,2019-03-11_13:17:55.401000
161031,902.00,2019-03-11_13:17:55.560000
161131,909.00,2019-03-11_13:17:55.663000
161231,898.00,2019-03-11_13:17:55.731000
161331,898.00,2019-03-11_13:17:55.854000
161431,905.00,2019-03-11_13:17:56.010000
161531,899.00,2019-03-11_13:17:56.124000
161631,907.00,2019-03-11_13:17:56.177000
161731,906.00,2019-03-11_13:17:56.241000
161831,907.00,2019-03-11_13:17:56.299000
161931,912.00,2019-03-11_13:17:56.395000
162031,892.00,2019-03-11_13:17:56.462000
162131,885.00,2019-03-11_13:17:56.527000
162231,882.00,2019-03-11_13:17:56.702000
162331,890.00,2019-03-11_13:17:56.802000
162431,864.00,2019-03-11_13:17:56.878000
162531,887.00,2019-03-11_13:17:57.061000
162631,885.00,2019-03-11_13:17:57.215000
162731,888.00,2019-03-11_13:17:57.366000
162831,914.00,2019-03-11_13:17:57.455000
162931,896.00,2019-03-11_13:17:57.632000
163031,885.00,2019-03-11_13:17:57.746000
163131,903.00,2019-03-11_13:17:57.836000
163231,888.00,2019-03-11_13:17:57.917000
163331,885.00,2019-03-11_13:17:58.097000
163431,875.00,2019-03-11_13:17:58.213000
163531,884.00,2019-03-11_13:17:58.320000
163631,865.00,2019-03-11_13:17:58.491000
163731,890.00,2019-03-11_13:17:58.615000
163831,893.00,2019-03-11_13:17:58.849000
163931,848.00,2019-03-11_13:17:59.015000
164031,848.00,2019-03-11_13:17:59.119000
164131,901.00,2019-03-11_13:17:59.175000
164231,816.00,2019-03-11_13:17:59.305000
164331,864.00,2019-03-11_13:17:59.409000
164431,879.00,2019-03-11_13:17:59.552000
164531,850.00,2019-03-11_13:17:59.639000
164631,880.00,2019-03-11_13:17:59.762000
164731,841.00,2019-03-11_13:17:59.866000
164831,829.00,2019-03-11_13:17:59.973000
164931,886.00,2019-03-11_13:18:00.076000
165031,848.00,2019-03-11_13:18:00.178000
165131,848.00,2019-03-11_13:18:00.253000
165231,848.00,2019-03-11_13:18:00.402000
165331,914.00,2019-03-11_13:18:00.506000
165431,856.00,2019-03-11_13:18:00.656000
165531,824.00,2019-03-11_13:18:00.762000
165631,819.00,2019-03-11_13:18:00.877000
165731,846.00,2019-03-11_13:18:00.969000
165831,828.00,2019-03-11_13:18:01.154000
165931,822.00,2019-03-11_13:18:01.316000
166031,842.00,2019-03-11_13:18:01.372000
166131,883.00,2019-03-11_13:18:01.471000
166231,839.00,2019-03-11_13:18:01.663000
166331,848.00,2019-03-11_13:18:01.781000
166431,837.00,2019-03-11_13:18:01.904000
166531,891.00,2019-03-11_13:18:01.979000
166631,848.00,2019-03-11_13:18:02.036000
166731,826.00,2019-03-11_13:18:02.161000
166831,822.00,2019-03-11_13:18:02.278000
166931,841.00,2019-03-11_13:18:02.444000
167031,834.00,2019-03-11_13:18:02.582000
167131,842.00,2019-03-11_13:18:02.666000
167231,829.00,2019-03-11_13:18:02.801000
167331,826.00,2019-03-11_13:18:02.873000
167431,858.00,2019-03-11_13:18:02.953000
167531,857.00,2019-03-11_13:18:03.051000
167631,833.00,2019-03-11_13:18:03.106000
167731,868.00,2019-03-11_13:18:03.209000
167831,861.00,2019-03-11_13:18:03.293000
167931,833.00,2019-03-11_13:18:03.373000
168031,834.00,2019-03-11_13:18:03.489000
168131,886.00,2019-03-11_13:18:03.582000
168231,822.00,2019-03-11_13:18:03.668000
168331,860.00,2019-03-11_13:18:03.756000
168431,829.00,2019-03-11_13:18:03.860000
168531,848.00,2019-03-11_13:18:03.987000
168631,858.00,2019-03-11_13:18:04.212000
168731,816.00,2019-03-11_13:18:04.363000
168831,848.00,2019-03-11_13:18:04.489000
168931,829.00,2019-03-11_13:18:04.625000
169031,850.00,2019-03-11_13:18:04.801000
169131,848.00,2019-03-11_13:18:04.875000
169231,867.00,2019-03-11_13:18:04.937000
169331,832.00,2019-03-11_13:18:05.030000
169431,885.00,2019-03-11_13:18:05.148000
169531,848.00,2019-03-11_13:18:05.269000
169631,854.00,2019-03-11_13:18:05.398000
169731,864.00,2019-03-11_13:18:05.478000
169831,861.00,2019-03-11_13:18:05.627000
169931,880.00,2019-03-11_13:18:05.760000
170031,848.00,2019-03-11_13:18:05.840000
170131,855.00,2019-03-11_13:18:05.963000
170231,885.00,2019-03-11_13:18:06.025000
170331,836.00,2019-03-11_13:18:06.084000
170431,880.00,2019-03-11_13:18:06.142000
170531,879.00,2019-03-11_13:18:06.213000
170631,896.00,2019-03-11_13:18:06.298000
170731,884.00,2019-03-11_13:18:06.397000
170831,886.00,2019-03-11_13:18:06.561000
170931,882.00,2019-03-11_13:18:06.650000
171031,876.00,2019-03-11_13:18:06.735000
171131,881.00,2019-03-11_13:18:06.955000
171231,896.00,2019-03-11_13:18:07.109000
171331,900.00,2019-03-11_13:18:07.219000
171431,918.00,2019-03-11_13:18:07.277000
171531,940.00,2019-03-11_13:18:07.439000
171631,928.00,2019-03-11_13:18:07.538000
171731,916.00,2019-03-11_13:18:07.675000
171831,920.00,2019-03-11_13:18:07.811000
171931,944.00,2019-03-11_13:18:07.909000
172031,957.00,2019-03-11_13:18:08.064000
172131,942.00,2019-03-11_13:18:08.170000
172231,967.00,2019-03-11_13:18:08.237000
172331,976.00,2019-03-11_13:18:08.289000
172431,966.00,2019-03-11_13:18:08.359000
172531,976.00,2019-03-11_13:18:08.457000
172631,971.00,2019-03-11_13:18:08.571000
172731,960.00,2019-03-11_13:18:08.701000
172831,960.00,2019-03-11_13:18:08.794000
172931,997.00,2019-03-11_13:18:08.884000
173031,987.00,2019-03-11_13:18:08.960000
173131,978.00,2019-03-11_13:18:09.082000
173231,988.00,2019-03-11_13:18:09.153000
173331,980.00,2019-03-11_13:18:09.257000
173431,979.00,2019-03-11_13:18:09.393000
173531,979.00,2019-03-11_13:18:09.480000
173631,989.00,2019-03-11_13:18:09.618000
173731,997.00,2019-03-11_13:18:09.832000
173831,998.00,2019-03-11_13:18:09.963000
173931,1014.00,2019-03-11_13:18:10.036000
174031,1023.00,2019-03-11_13:18:10.191000
174131,1030.00,2019-03-11_13:18:10.309000
174231,1030.00,2019-03-11_13:18:10.482000
174331,1017.00,2019-03-11_13:18:10.595000
174431,1017.00,2019-03-11_13:18:10.656000
174531,1038.00,2019-03-11_13:18:10.731000
174631,1023.00,2019-03-11_13:18:10.799000
174731,1040.00,2019-03-11_13:18:10.886000
174831,1037.00,2019-03-11_13:18:10.964000
174931,1034.00,2019-03-11_13:18:11.070000
175031,1020.00,2019-03-11_13:18:11.135000
175131,1019.00,2019-03-11_13:18:11.198000
175231,1014.00,2019-03-11_13:18:11.356000
175331,1011.00,2019-03-11_13:18:11.475000
175431,1008.00,2019-03-11_13:18:11.544000
175531,980.00,2019-03-11_13:18:11.632000
175631,996.00,2019-03-11_13:18:11.723000
175731,970.00,2019-03-11_13:18:11.815000
175831,1006.00,2019-03-11_13:18:11.906000
175931,1014.00,2019-03-11_13:18:12.095000
176031,1033.00,2019-03-11_13:18:12.265000
176131,1008.00,2019-03-11_13:18:12.320000
176231,1002.00,2019-03-11_13:18:12.408000
176331,1008.00,2019-03-11_13:18:12.582000
176431,1008.00,2019-03-11_13:18:12.763000
176531,1020.00,2019-03-11_13:18:12.913000
176631,1009.00,2019-03-11_13:18:13.009000
176731,1010.00,2019-03-11_13:18:13.095000
176831,998.00,2019-03-11_13:18:13.224000
176931,1008.00,2019-03-11_13:18:13.421000
177031,1030.00,2019-03-11_13:18:13.581000
177131,976.00,2019-03-11_13:18:13.781000
177231,996.00,2019-03-11_13:18:13.991000
177331,1018.00,2019-03-11_13:18:14.151000
177431,1008.00,2019-03-11_13:18:14.217000
177531,1019.00,2019-03-11_13:18:14.294000
177631,1011.00,2019-03-11_13:18:14.415000
177731,1013.00,2019-03-11_13:18:14.616000
177831,1029.00,2019-03-11_13:18:14.775000
177931,1008.00,2019-03-11_13:18:14.866000
178031,1022.00,2019-03-11_13:18:14.977000
178131,1013.00,2019-03-11_13:18:15.130000
178231,1006.00,2019-03-11_13:18:15.282000
178331,1017.00,2019-03-11_13:18:15.369000
178431,1015.00,2019-03-11_13:18:15.466000
178531,1021.00,2019-03-11_13:18:15.599000
178631,1018.00,2019-03-11_13:18:15.825000
178731,1037.00,2019-03-11_13:18:15.975000
178831,1008.00,2019-03-11_13:18:16.069000
178931,1042.00,2019-03-11_13:18:16.220000
179031,1019.00,2019-03-11_13:18:16.365000
179131,1065.00,2019-03-11_13:18:16.509000
179231,1057.00,2019-03-11_13:18:16.645000
179331,1014.00,2019-03-11_13:18:16.789000
179431,995.00,2019-03-11_13:18:16.938000
179531,1008.00,2019-03-11_13:18:17.081000
179631,1002.00,2019-03-11_13:18:17.252000
179731,1099.00,2019-03-11_13:18:17.350000
179831,1036.00,2019-03-11_13:18:17.494000
179931,1069.00,2019-03-11_13:18:17.683000
180031,1057.00,2019-03-11_13:18:17.869000
180131,1023.00,2019-03-11_13:18:18.017000
180231,1042.00,2019-03-11_13:18:18.151000
180331,1049.00,2019-03-11_13:18:18.209000
180431,1061.00,2019-03-11_13:18:18.298000
180531,1088.00,2019-03-11_13:18:18.483000
180631,1049.00,2019-03-11_13:18:18.665000
180731,1056.00,2019-03-11_13:18:18.828000
180831,1057.00,2019-03-11_13:18:18.930000
180931,1052.00,2019-03-11_13:18:19.002000
181031,1067.00,2019-03-11_13:18:19.157000
181131,1093.00,2019-03-11_13:18:19.280000
181231,1029.00,2019-03-11_13:18:19.358000
181331,1054.00,2019-03-11_13:18:19.501000
181431,1050.00,2019-03-11_13:18:19.614000
181531,1137.00,2019-03-11_13:18:19.747000
181631,1136.00,2019-03-11_13:18:19.865000
181731,1047.00,2019-03-11_13:18:19.987000
181831,1062.00,2019-03-11_13:18:20.147000
181931,988.00,2019-03-11_13:18:20.309000
182031,992.00,2019-03-11_13:18:20.426000
182131,933.00,2019-03-11_13:18:20.556000
182231,960.00,2019-03-11_13:18:20.663000
182331,976.00,2019-03-11_13:18:20.815000
182431,960.00,2019-03-11_13:18:20.920000
182531,944.00,2019-03-11_13:18:20.993000
182631,942.00,2019-03-11_13:18:21.065000
182731,960.00,2019-03-11_13:18:21.118000
182831,937.00,2019-03-11_13:18:21.206000
182931,944.00,2019-03-11_13:18:21.352000
183031,954.00,2019-03-11_13:18:21.548000
183131,944.00,2019-03-11_13:18:21.604000
183231,1001.00,2019-03-11_13:18:21.660000
183331,989.00,2019-03-11_13:18:21.782000
183431,1004.00,2019-03-11_13:18:21.969000
183531,984.00,2019-03-11_13:18:22.095000
183631,977.00,2019-03-11_13:18:22.174000
183731,938.00,2019-03-11_13:18:22.248000
183831,928.00,2019-03-11_13:18:22.459000
183931,960.00,2019-03-11_13:18:22.631000
184031,939.00,2019-03-11_13:18:22.770000
184131,967.00,2019-03-11_13:18:22.859000
184231,968.00,2019-03-11_13:18:23.045000
184331,974.00,2019-03-11_13:18:23.185000
184431,954.00,2019-03-11_13:18:23.359000
184531,966.00,2019-03-11_13:18:23.501000
184631,961.00,2019-03-11_13:18:23.693000
184731,957.00,2019-03-11_13:18:23.892000
184831,967.00,2019-03-11_13:18:23.989000
184931,953.00,2019-03-11_13:18:24.057000
185031,950.00,2019-03-11_13:18:24.144000
185131,928.00,2019-03-11_13:18:24.243000
185231,930.00,2019-03-11_13:18:24.347000
185331,906.00,2019-03-11_13:18:24.442000
185431,930.00,2019-03-11_13:18:24.534000
185531,925.00,2019-03-11_13:18:24.661000
185631,896.00,2019-03-11_13:18:24.873000
185731,978.00,2019-03-11_13:18:25.026000
185831,954.00,2019-03-11_13:18:25.163000
185931,900.00,2019-03-11_13:18:25.250000
186031,901.00,2019-03-11_13:18:25.367000
186131,926.00,2019-03-11_13:18:25.550000
186231,908.00,2019-03-11_13:18:25.736000
186331,915.00,2019-03-11_13:18:25.879000
186431,866.00,2019-03-11_13:18:26.045000
186531,912.00,2019-03-11_13:18:26.177000
186631,885.00,2019-03-11_13:18:26.361000
186731,870.00,2019-03-11_13:18:26.425000
186831,885.00,2019-03-11_13:18:26.480000
186931,874.00,2019-03-11_13:18:26.541000
187031,869.00,2019-03-11_13:18:26.602000
187131,868.00,2019-03-11_13:18:26.665000
187231,850.00,2019-03-11_13:18:26.732000
187331,864.00,2019-03-11_13:18:26.834000
187431,861.00,2019-03-11_13:18:26.941000
187531,869.00,2019-03-11_13:18:27.004000
187631,864.00,2019-03-11_13:18:27.065000
187731,868.00,2019-03-11_13:18:27.169000
187831,869.00,2019-03-11_13:18:27.281000
187931,859.00,2019-03-11_13:18:27.448000
188031,874.00,2019-03-11_13:18:27.548000
188131,874.00,2019-03-11_13:18:27.635000
188231,869.00,2019-03-11_13:18:27.769000
188331,864.00,2019-03-11_13:18:27.903000
188431,871.00,2019-03-11_13:18:28.005000
188531,874.00,2019-03-11_13:18:28.155000
188631,857.00,2019-03-11_13:18:28.229000
188731,880.00,2019-03-11_13:18:28.327000
188831,877.00,2019-03-11_13:18:28.470000
188931,861.00,2019-03-11_13:18:28.625000
189031,876.00,2019-03-11_13:18:28.718000
189131,874.00,2019-03-11_13:18:28.858000
189231,865.00,2019-03-11_13:18:28.947000
189331,864.00,2019-03-11_13:18:29.095000
189431,861.00,2019-03-11_13:18:29.161000
189531,845.00,2019-03-11_13:18:29.215000
189631,858.00,2019-03-11_13:18:29.281000
189731,848.00,2019-03-11_13:18:29.338000
189831,852.00,2019-03-11_13:18:29.525000
189931,846.00,2019-03-11_13:18:29.665000
190031,860.00,2019-03-11_13:18:29.854000
190131,848.00,2019-03-11_13:18:29.908000
190231,850.00,2019-03-11_13:18:29.965000
190331,843.00,2019-03-11_13:18:30.066000
190431,850.00,2019-03-11_13:18:30.205000
190531,848.00,2019-03-11_13:18:30.266000
190631,848.00,2019-03-11_13:18:30.361000
190731,843.00,2019-03-11_13:18:30.418000
190831,843.00,2019-03-11_13:18:30.516000
190931,834.00,2019-03-11_13:18:30.587000
191031,838.00,2019-03-11_13:18:30.704000
191131,832.00,2019-03-11_13:18:30.892000
191231,832.00,2019-03-11_13:18:31.029000
191331,830.00,2019-03-11_13:18:31.117000
191431,832.00,2019-03-11_13:18:31.269000
191531,832.00,2019-03-11_13:18:31.389000
191631,818.00,2019-03-11_13:18:31.492000
191731,827.00,2019-03-11_13:18:31.603000
191831,832.00,2019-03-11_13:18:31.759000
191931,820.00,2019-03-11_13:18:31.901000
192031,817.00,2019-03-11_13:18:32.076000
192131,816.00,2019-03-11_13:18:32.242000
192231,837.00,2019-03-11_13:18:32.344000
192331,819.00,2019-03-11_13:18:32.458000
192431,832.00,2019-03-11_13:18:32.600000
192531,821.00,2019-03-11_13:18:32.772000
192631,844.00,2019-03-11_13:18:32.864000
192731,814.00,2019-03-11_13:18:32.963000
192831,835.00,2019-03-11_13:18:33.061000
192931,821.00,2019-03-11_13:18:33.119000
193031,816.00,2019-03-11_13:18:33.231000
193131,813.00,2019-03-11_13:18:33.346000
193231,813.00,2019-03-11_13:18:33.402000
193331,803.00,2019-03-11_13:18:33.460000
193431,823.00,2019-03-11_13:18:33.557000
193531,848.00,2019-03-11_13:18:33.661000
193631,816.00,2019-03-11_13:18:33.771000
193731,805.00,2019-03-11_13:18:33.910000
193831,816.00,2019-03-11_13:18:33.967000
193931,795.00,2019-03-11_13:18:34.022000
194031,784.00,2019-03-11_13:18:34.076000
194131,802.00,2019-03-11_13:18:34.218000
194231,800.00,2019-03-11_13:18:34.304000
194331,789.00,2019-03-11_13:18:34.389000
194431,814.00,2019-03-11_13:18:34.507000
194531,838.00,2019-03-11_13:18:34.559000
194631,793.00,2019-03-11_13:18:34.611000
194731,773.00,2019-03-11_13:18:34.673000
194831,764.00,2019-03-11_13:18:34.775000
194931,744.00,2019-03-11_13:18:34.881000
195031,786.00,2019-03-11_13:18:34.948000
195131,760.00,2019-03-11_13:18:35.093000
195231,772.00,2019-03-11_13:18:35.217000
195331,764.00,2019-03-11_13:18:35.388000
195431,772.00,2019-03-11_13:18:35.532000
195531,754.00,2019-03-11_13:18:35.713000
195631,784.00,2019-03-11_13:18:35.812000
195731,726.00,2019-03-11_13:18:36.026000
195831,764.00,2019-03-11_13:18:36.187000
195931,770.00,2019-03-11_13:18:36.290000
196031,770.00,2019-03-11_13:18:36.350000
196131,764.00,2019-03-11_13:18:36.477000
196231,776.00,2019-03-11_13:18:36.591000
196331,753.00,2019-03-11_13:18:36.798000
196431,794.00,2019-03-11_13:18:36.955000
196531,768.00,2019-03-11_13:18:37.107000
196631,804.00,2019-03-11_13:18:37.302000
196731,784.00,2019-03-11_13:18:37.473000
196831,784.00,2019-03-11_13:18:37.694000
196931,752.00,2019-03-11_13:18:37.910000
197031,754.00,2019-03-11_13:18:38.080000
197131,836.00,2019-03-11_13:18:38.177000
197231,850.00,2019-03-11_13:18:38.277000
197331,800.00,2019-03-11_13:18:38.353000
197431,791.00,2019-03-11_13:18:38.566000
197531,801.00,2019-03-11_13:18:38.730000
197631,801.00,2019-03-11_13:18:38.901000
197731,782.00,2019-03-11_13:18:39.055000
197831,816.00,2019-03-11_13:18:39.216000
197931,795.00,2019-03-11_13:18:39.356000
198031,806.00,2019-03-11_13:18:39.503000
198131,827.00,2019-03-11_13:18:39.593000
198231,840.00,2019-03-11_13:18:39.719000
198331,890.00,2019-03-11_13:18:39.860000
198431,850.00,2019-03-11_13:18:40.059000
198531,887.00,2019-03-11_13:18:40.262000
198631,897.00,2019-03-11_13:18:40.353000
198731,896.00,2019-03-11_13:18:40.440000
198831,887.00,2019-03-11_13:18:40.534000
198931,874.00,2019-03-11_13:18:40.682000
199031,860.00,2019-03-11_13:18:40.847000
199131,874.00,2019-03-11_13:18:40.986000
199231,866.00,2019-03-11_13:18:41.078000
199331,872.00,2019-03-11_13:18:41.213000
199431,872.00,2019-03-11_13:18:41.415000
199531,880.00,2019-03-11_13:18:41.562000
199631,890.00,2019-03-11_13:18:41.693000
199731,893.00,2019-03-11_13:18:41.827000
199831,886.00,2019-03-11_13:18:41.975000
199931,896.00,2019-03-11_13:18:42.096000
200031,885.00,2019-03-11_13:18:42.185000
200131,890.00,2019-03-11_13:18:42.272000
200231,880.00,2019-03-11_13:18:42.342000
200331,883.00,2019-03-11_13:18:42.497000
200431,864.00,2019-03-11_13:18:42.682000
200531,877.00,2019-03-11_13:18:42.812000
200631,816.00,2019-03-11_13:18:43.005000
200731,896.00,2019-03-11_13:18:43.127000
200831,889.00,2019-03-11_13:18:43.210000
200931,899.00,2019-03-11_13:18:43.296000
201031,893.00,2019-03-11_13:18:43.442000
201131,896.00,2019-03-11_13:18:43.650000
201231,897.00,2019-03-11_13:18:43.859000
201331,890.00,2019-03-11_13:18:43.957000
201431,909.00,2019-03-11_13:18:44.094000
201531,902.00,2019-03-11_13:18:44.299000
201631,890.00,2019-03-11_13:18:44.474000
201731,908.00,2019-03-11_13:18:44.620000
201831,912.00,2019-03-11_13:18:44.761000
201931,902.00,2019-03-11_13:18:44.889000
202031,905.00,2019-03-11_13:18:45.044000
202131,908.00,2019-03-11_13:18:45.128000
202231,904.00,2019-03-11_13:18:45.216000
202331,910.00,2019-03-11_13:18:45.391000
202431,913.00,2019-03-11_13:18:45.518000
202531,912.00,2019-03-11_13:18:45.727000
202631,950.00,2019-03-11_13:18:45.887000
202731,944.00,2019-03-11_13:18:46.072000
202831,928.00,2019-03-11_13:18:46.265000
202931,944.00,2019-03-11_13:18:46.366000
203031,960.00,2019-03-11_13:18:46.524000
203131,914.00,2019-03-11_13:18:46.706000
203231,944.00,2019-03-11_13:18:46.846000
203331,954.00,2019-03-11_13:18:46.940000
203431,910.00,2019-03-11_13:18:47.057000
203531,966.00,2019-03-11_13:18:47.241000
203631,972.00,2019-03-11_13:18:47.369000
203731,967.00,2019-03-11_13:18:47.481000
203831,977.00,2019-03-11_13:18:47.640000
203931,976.00,2019-03-11_13:18:47.840000
204031,1011.00,2019-03-11_13:18:47.996000
204131,970.00,2019-03-11_13:18:48.063000
204231,976.00,2019-03-11_13:18:48.230000
204331,992.00,2019-03-11_13:18:48.374000
204431,981.00,2019-03-11_13:18:48.524000
204531,979.00,2019-03-11_13:18:48.617000
204631,993.00,2019-03-11_13:18:48.843000
204731,972.00,2019-03-11_13:18:48.992000
204831,1008.00,2019-03-11_13:18:49.126000
204931,998.00,2019-03-11_13:18:49.195000
205031,1040.00,2019-03-11_13:18:49.305000
205131,1002.00,2019-03-11_13:18:49.406000
205231,1008.00,2019-03-11_13:18:49.512000
205331,1022.00,2019-03-11_13:18:49.707000
205431,989.00,2019-03-11_13:18:49.859000
205531,1002.00,2019-03-11_13:18:50.068000
205631,988.00,2019-03-11_13:18:50.232000
205731,1010.00,2019-03-11_13:18:50.298000
205831,1021.00,2019-03-11_13:18:50.355000
205931,979.00,2019-03-11_13:18:50.438000
206031,1062.00,2019-03-11_13:18:50.543000
206131,989.00,2019-03-11_13:18:50.669000
206231,968.00,2019-03-11_13:18:50.814000
206331,1000.00,2019-03-11_13:18:50.997000
206431,994.00,2019-03-11_13:18:51.178000
206531,1015.00,2019-03-11_13:18:51.309000
206631,993.00,2019-03-11_13:18:51.457000
206731,1004.00,2019-03-11_13:18:51.569000
206831,1004.00,2019-03-11_13:18:51.674000
206931,1002.00,2019-03-11_13:18:51.746000
207031,976.00,2019-03-11_13:18:51.814000
207131,969.00,2019-03-11_13:18:51.908000
207231,932.00,2019-03-11_13:18:51.981000
207331,943.00,2019-03-11_13:18:52.083000
207431,949.00,2019-03-11_13:18:52.193000
207531,976.00,2019-03-11_13:18:52.264000
207631,962.00,2019-03-11_13:18:52.331000
207731,896.00,2019-03-11_13:18:52.406000
207831,963.00,2019-03-11_13:18:52.517000
207931,930.00,2019-03-11_13:18:52.587000
208031,923.00,2019-03-11_13:18:52.650000
208131,912.00,2019-03-11_13:18:52.737000
208231,882.00,2019-03-11_13:18:52.811000
208331,894.00,2019-03-11_13:18:52.883000
208431,890.00,2019-03-11_13:18:52.956000
208531,893.00,2019-03-11_13:18:53.047000
208631,891.00,2019-03-11_13:18:53.132000
208731,885.00,2019-03-11_13:18:53.188000
208831,865.00,2019-03-11_13:18:53.376000
208931,896.00,2019-03-11_13:18:53.544000
209031,922.00,2019-03-11_13:18:53.636000
209131,880.00,2019-03-11_13:18:53.701000
209231,880.00,2019-03-11_13:18:53.763000
209331,864.00,2019-03-11_13:18:53.828000
209431,851.00,2019-03-11_13:18:53.895000
209531,857.00,2019-03-11_13:18:53.953000
209631,860.00,2019-03-11_13:18:54.024000
209731,865.00,2019-03-11_13:18:54.129000
209831,867.00,2019-03-11_13:18:54.198000
209931,847.00,2019-03-11_13:18:54.248000
210031,843.00,2019-03-11_13:18:54.336000
210131,842.00,2019-03-11_13:18:54.423000
210231,870.00,2019-03-11_13:18:54.502000
210331,842.00,2019-03-11_13:18:54.558000
210431,860.00,2019-03-11_13:18:54.643000
210531,837.00,2019-03-11_13:18:54.777000
210631,848.00,2019-03-11_13:18:54.873000
210731,845.00,2019-03-11_13:18:54.999000
210831,842.00,2019-03-11_13:18:55.098000
210931,852.00,2019-03-11_13:18:55.260000
211031,843.00,2019-03-11_13:18:55.388000
211131,828.00,2019-03-11_13:18:55.468000
211231,836.00,2019-03-11_13:18:55.567000
211331,848.00,2019-03-11_13:18:55.639000
211431,837.00,2019-03-11_13:18:55.790000
211531,832.00,2019-03-11_13:18:55.920000
211631,821.00,2019-03-11_13:18:56.006000
211731,834.00,2019-03-11_13:18:56.125000
211831,838.00,2019-03-11_13:18:56.301000
211931,838.00,2019-03-11_13:18:56.425000
212031,825.00,2019-03-11_13:18:56.583000
212131,838.00,2019-03-11_13:18:56.666000
212231,836.00,2019-03-11_13:18:56.838000
212331,820.00,2019-03-11_13:18:57.002000
212431,837.00,2019-03-11_13:18:57.090000
212531,832.00,2019-03-11_13:18:57.160000
212631,832.00,2019-03-11_13:18:57.247000
212731,832.00,2019-03-11_13:18:57.429000
212831,830.00,2019-03-11_13:18:57.610000
212931,840.00,2019-03-11_13:18:57.692000
213031,809.00,2019-03-11_13:18:57.831000
213131,800.00,2019-03-11_13:18:57.977000
213231,832.00,2019-03-11_13:18:58.162000
213331,818.00,2019-03-11_13:18:58.259000
213431,828.00,2019-03-11_13:18:58.315000
213531,808.00,2019-03-11_13:18:58.412000
213631,797.00,2019-03-11_13:18:58.545000
213731,772.00,2019-03-11_13:18:58.681000
213831,794.00,2019-03-11_13:18:58.776000
213931,813.00,2019-03-11_13:18:58.877000
214031,813.00,2019-03-11_13:18:58.958000
214131,817.00,2019-03-11_13:18:59.058000
214231,819.00,2019-03-11_13:18:59.154000
214331,854.00,2019-03-11_13:18:59.208000
214431,810.00,2019-03-11_13:18:59.257000
214531,848.00,2019-03-11_13:18:59.308000
214631,804.00,2019-03-11_13:18:59.364000
214731,826.00,2019-03-11_13:18:59.452000
214831,793.00,2019-03-11_13:18:59.557000
214931,819.00,2019-03-11_13:18:59.718000
215031,820.00,2019-03-11_13:18:59.808000
215131,835.00,2019-03-11_13:18:59.899000
215231,784.00,2019-03-11_13:19:00.020000
215331,797.00,2019-03-11_13:19:00.183000
215431,814.00,2019-03-11_13:19:00.405000
215531,816.00,2019-03-11_13:19:00.588000
215631,809.00,2019-03-11_13:19:00.717000
215731,848.00,2019-03-11_13:19:00.845000
215831,784.00,2019-03-11_13:19:00.945000
215931,800.00,2019-03-11_13:19:01.100000
216031,793.00,2019-03-11_13:19:01.196000
216131,804.00,2019-03-11_13:19:01.290000
216231,794.00,2019-03-11_13:19:01.397000
216331,796.00,2019-03-11_13:19:01.528000
216431,810.00,2019-03-11_13:19:01.729000
216531,776.00,2019-03-11_13:19:01.822000
216631,786.00,2019-03-11_13:19:01.912000
216731,764.00,2019-03-11_13:19:01.965000
216831,793.00,2019-03-11_13:19:02.056000
216931,777.00,2019-03-11_13:19:02.244000
217031,774.00,2019-03-11_13:19:02.301000
217131,786.00,2019-03-11_13:19:02.381000
217231,760.00,2019-03-11_13:19:02.505000
217331,780.00,2019-03-11_13:19:02.617000
217431,788.00,2019-03-11_13:19:02.826000
217531,758.00,2019-03-11_13:19:02.894000
217631,782.00,2019-03-11_13:19:02.951000
217731,784.00,2019-03-11_13:19:03.046000
217831,778.00,2019-03-11_13:19:03.132000
217931,757.00,2019-03-11_13:19:03.233000
218031,768.00,2019-03-11_13:19:03.419000
218131,780.00,2019-03-11_13:19:03.566000
218231,800.00,2019-03-11_13:19:03.690000
218331,795.00,2019-03-11_13:19:03.781000
218431,832.00,2019-03-11_13:19:03.922000
218531,835.00,2019-03-11_13:19:04.024000
218631,800.00,2019-03-11_13:19:04.134000
218731,842.00,2019-03-11_13:19:04.289000
218831,816.00,2019-03-11_13:19:04.395000
218931,816.00,2019-03-11_13:19:04.483000
219031,820.00,2019-03-11_13:19:04.624000
219131,832.00,2019-03-11_13:19:04.682000
219231,847.00,2019-03-11_13:19:04.792000
219331,784.00,2019-03-11_13:19:04.891000
219431,820.00,2019-03-11_13:19:04.982000
219531,812.00,2019-03-11_13:19:05.086000
219631,800.00,2019-03-11_13:19:05.292000
219731,798.00,2019-03-11_13:19:05.408000
219831,812.00,2019-03-11_13:19:05.483000
219931,806.00,2019-03-11_13:19:05.539000
220031,840.00,2019-03-11_13:19:05.610000
220131,832.00,2019-03-11_13:19:05.767000
220231,853.00,2019-03-11_13:19:05.851000
220331,850.00,2019-03-11_13:19:05.922000
220431,835.00,2019-03-11_13:19:06.055000
220531,857.00,2019-03-11_13:19:06.110000
220631,838.00,2019-03-11_13:19:06.192000
220731,816.00,2019-03-11_13:19:06.276000
220831,880.00,2019-03-11_13:19:06.340000
220931,880.00,2019-03-11_13:19:06.424000
221031,874.00,2019-03-11_13:19:06.497000
221131,880.00,2019-03-11_13:19:06.569000
221231,844.00,2019-03-11_13:19:06.648000
221331,883.00,2019-03-11_13:19:06.719000
221431,886.00,2019-03-11_13:19:06.777000
221531,928.00,2019-03-11_13:19:06.833000
221631,873.00,2019-03-11_13:19:06.894000
221731,888.00,2019-03-11_13:19:06.954000
221831,880.00,2019-03-11_13:19:07.050000
221931,897.00,2019-03-11_13:19:07.147000
222031,910.00,2019-03-11_13:19:07.295000
222131,912.00,2019-03-11_13:19:07.502000
222231,904.00,2019-03-11_13:19:07.601000
222331,912.00,2019-03-11_13:19:07.753000
222431,907.00,2019-03-11_13:19:07.890000
222531,899.00,2019-03-11_13:19:08.037000
222631,900.00,2019-03-11_13:19:08.249000
222731,911.00,2019-03-11_13:19:08.433000
222831,912.00,2019-03-11_13:19:08.597000
222931,921.00,2019-03-11_13:19:08.788000
223031,917.00,2019-03-11_13:19:08.841000
223131,924.00,2019-03-11_13:19:08.962000
223231,919.00,2019-03-11_13:19:09.110000
223331,915.00,2019-03-11_13:19:09.265000
223431,898.00,2019-03-11_13:19:09.366000
223531,915.00,2019-03-11_13:19:09.448000
223631,902.00,2019-03-11_13:19:09.598000
223731,914.00,2019-03-11_13:19:09.711000
223831,922.00,2019-03-11_13:19:09.882000
223931,919.00,2019-03-11_13:19:09.949000
224031,913.00,2019-03-11_13:19:10.015000
224131,914.00,2019-03-11_13:19:10.094000
224231,916.00,2019-03-11_13:19:10.237000
224331,930.00,2019-03-11_13:19:10.319000
224431,925.00,2019-03-11_13:19:10.454000
224531,919.00,2019-03-11_13:19:10.548000
224631,931.00,2019-03-11_13:19:10.717000
224731,922.00,2019-03-11_13:19:10.886000
224831,930.00,2019-03-11_13:19:11.012000
224931,932.00,2019-03-11_13:19:11.071000
225031,954.00,2019-03-11_13:19:11.167000
225131,916.00,2019-03-11_13:19:11.271000
225231,937.00,2019-03-11_13:19:11.459000
225331,933.00,2019-03-11_13:19:11.636000
225431,934.00,2019-03-11_13:19:11.728000
225531,928.00,2019-03-11_13:19:11.850000
225631,918.00,2019-03-11_13:19:12.006000
225731,921.00,2019-03-11_13:19:12.102000
225831,925.00,2019-03-11_13:19:12.226000
225931,913.00,2019-03-11_13:19:12.348000
226031,919.00,2019-03-11_13:19:12.534000
226131,912.00,2019-03-11_13:19:12.665000
226231,917.00,2019-03-11_13:19:12.783000
226331,909.00,2019-03-11_13:19:12.867000
226431,912.00,2019-03-11_13:19:12.920000
226531,912.00,2019-03-11_13:19:13.009000
226631,925.00,2019-03-11_13:19:13.132000
226731,923.00,2019-03-11_13:19:13.249000
226831,917.00,2019-03-11_13:19:13.382000
226931,927.00,2019-03-11_13:19:13.439000
227031,925.00,2019-03-11_13:19:13.502000
227131,908.00,2019-03-11_13:19:13.658000
227231,913.00,2019-03-11_13:19:13.851000
227331,922.00,2019-03-11_13:19:14.043000
227431,917.00,2019-03-11_13:19:14.213000
227531,928.00,2019-03-11_13:19:14.318000
227631,930.00,2019-03-11_13:19:14.452000
227731,934.00,2019-03-11_13:19:14.587000
227831,923.00,2019-03-11_13:19:14.653000
227931,925.00,2019-03-11_13:19:14.708000
228031,928.00,2019-03-11_13:19:14.788000
228131,922.00,2019-03-11_13:19:15.009000
228231,941.00,2019-03-11_13:19:15.163000
228331,942.00,2019-03-11_13:19:15.263000
228431,960.00,2019-03-11_13:19:15.419000
228531,965.00,2019-03-11_13:19:15.619000
228631,966.00,2019-03-11_13:19:15.806000
228731,957.00,2019-03-11_13:19:15.966000
228831,965.00,2019-03-11_13:19:16.063000
228931,981.00,2019-03-11_13:19:16.204000
229031,970.00,2019-03-11_13:19:16.353000
229131,966.00,2019-03-11_13:19:16.515000
229231,962.00,2019-03-11_13:19:16.634000
229331,964.00,2019-03-11_13:19:16.856000
229431,976.00,2019-03-11_13:19:17.002000
229531,1017.00,2019-03-11_13:19:17.089000
229631,979.00,2019-03-11_13:19:17.208000
229731,978.00,2019-03-11_13:19:17.325000
229831,963.00,2019-03-11_13:19:17.517000
229931,957.00,2019-03-11_13:19:17.607000
230031,949.00,2019-03-11_13:19:17.706000
230131,983.00,2019-03-11_13:19:17.781000
230231,954.00,2019-03-11_13:19:17.933000
230331,976.00,2019-03-11_13:19:18.070000
230431,1004.00,2019-03-11_13:19:18.241000
230531,986.00,2019-03-11_13:19:18.310000
230631,1008.00,2019-03-11_13:19:18.388000
230731,985.00,2019-03-11_13:19:18.563000
230831,963.00,2019-03-11_13:19:18.632000
230931,960.00,2019-03-11_13:19:18.855000
231031,967.00,2019-03-11_13:19:19.049000
231131,975.00,2019-03-11_13:19:19.181000
231231,968.00,2019-03-11_13:19:19.333000
231331,940.00,2019-03-11_13:19:19.426000
231431,980.00,2019-03-11_13:19:19.477000
231531,970.00,2019-03-11_13:19:19.532000
231631,982.00,2019-03-11_13:19:19.625000
231731,937.00,2019-03-11_13:19:19.725000
231831,964.00,2019-03-11_13:19:19.849000
231931,944.00,2019-03-11_13:19:19.974000
232031,1013.00,2019-03-11_13:19:20.077000
232131,996.00,2019-03-11_13:19:20.230000
232231,952.00,2019-03-11_13:19:20.431000
232331,986.00,2019-03-11_13:19:20.649000
232431,1004.00,2019-03-11_13:19:20.833000
232531,1005.00,2019-03-11_13:19:20.973000
232631,986.00,2019-03-11_13:19:21.131000
232731,994.00,2019-03-11_13:19:21.282000
232831,1009.00,2019-03-11_13:19:21.381000
232931,993.00,2019-03-11_13:19:21.547000
233031,980.00,2019-03-11_13:19:21.698000
233131,970.00,2019-03-11_13:19:21.849000
233231,988.00,2019-03-11_13:19:21.919000
233331,960.00,2019-03-11_13:19:21.982000
233431,1015.00,2019-03-11_13:19:22.117000
233531,998.00,2019-03-11_13:19:22.294000
233631,994.00,2019-03-11_13:19:22.352000
233731,990.00,2019-03-11_13:19:22.418000
233831,964.00,2019-03-11_13:19:22.513000
233931,973.00,2019-03-11_13:19:22.638000
234031,968.00,2019-03-11_13:19:22.793000
234131,981.00,2019-03-11_13:19:22.884000
234231,961.00,2019-03-11_13:19:22.965000
234331,1003.00,2019-03-11_13:19:23.056000
234431,989.00,2019-03-11_13:19:23.158000
234531,992.00,2019-03-11_13:19:23.221000
234631,954.00,2019-03-11_13:19:23.276000
234731,966.00,2019-03-11_13:19:23.341000
234831,976.00,2019-03-11_13:19:23.424000
234931,978.00,2019-03-11_13:19:23.475000
235031,973.00,2019-03-11_13:19:23.527000
235131,961.00,2019-03-11_13:19:23.588000
235231,964.00,2019-03-11_13:19:23.653000
235331,920.00,2019-03-11_13:19:23.716000
235431,937.00,2019-03-11_13:19:23.768000
235531,946.00,2019-03-11_13:19:23.819000
235631,947.00,2019-03-11_13:19:23.868000
235731,960.00,2019-03-11_13:19:23.920000
235831,994.00,2019-03-11_13:19:23.990000
235931,945.00,2019-03-11_13:19:24.066000
236031,969.00,2019-03-11_13:19:24.123000
236131,913.00,2019-03-11_13:19:24.173000
236231,880.00,2019-03-11_13:19:24.224000
236331,864.00,2019-03-11_13:19:24.279000
236431,850.00,2019-03-11_13:19:24.332000
236531,865.00,2019-03-11_13:19:24.386000
236631,845.00,2019-03-11_13:19:24.470000
236731,846.00,2019-03-11_13:19:24.557000
236831,836.00,2019-03-11_13:19:24.651000
236931,829.00,2019-03-11_13:19:24.710000
237031,834.00,2019-03-11_13:19:24.785000
237131,896.00,2019-03-11_13:19:24.843000
237231,983.00,2019-03-11_13:19:24.897000
237331,1036.00,2019-03-11_13:19:24.953000
237431,1041.00,2019-03-11_13:19:25.015000
237531,1046.00,2019-03-11_13:19:25.066000
237631,1054.00,2019-03-11_13:19:25.151000
237731,1072.00,2019-03-11_13:19:25.280000
237831,1072.00,2019-03-11_13:19:25.359000
237931,1076.00,2019-03-11_13:19:25.475000
238031,1074.00,2019-03-11_13:19:25.644000
238131,1081.00,2019-03-11_13:19:25.766000
238231,1104.00,2019-03-11_13:19:25.919000
238331,1115.00,2019-03-11_13:19:26.100000
238431,1109.00,2019-03-11_13:19:26.281000
238531,1099.00,2019-03-11_13:19:26.370000
238631,1138.00,2019-03-11_13:19:26.462000
238731,1184.00,2019-03-11_13:19:26.548000
238831,1104.00,2019-03-11_13:19:26.697000
238931,1136.00,2019-03-11_13:19:26.845000
239031,1200.00,2019-03-11_13:19:26.992000
239131,1136.00,2019-03-11_13:19:27.063000
239231,1101.00,2019-03-11_13:19:27.118000
239331,1085.00,2019-03-11_13:19:27.215000
239431,1069.00,2019-03-11_13:19:27.315000
239531,1088.00,2019-03-11_13:19:27.464000
239631,1121.00,2019-03-11_13:19:27.560000
239731,1141.00,2019-03-11_13:19:27.621000
239831,1136.00,2019-03-11_13:19:27.692000
239931,1108.00,2019-03-11_13:19:27.760000
240031,1117.00,2019-03-11_13:19:27.817000
240131,1106.00,2019-03-11_13:19:27.871000
240231,1104.00,2019-03-11_13:19:27.934000
240331,1098.00,2019-03-11_13:19:27.989000
240431,1083.00,2019-03-11_13:19:28.101000
240531,1083.00,2019-03-11_13:19:28.160000
240631,1067.00,2019-03-11_13:19:28.228000
240731,1075.00,2019-03-11_13:19:28.285000
240831,1056.00,2019-03-11_13:19:28.366000
240931,1056.00,2019-03-11_13:19:28.479000
241031,1040.00,2019-03-11_13:19:28.561000
241131,1045.00,2019-03-11_13:19:28.670000
241231,1014.00,2019-03-11_13:19:28.790000
241331,1018.00,2019-03-11_13:19:28.845000
241431,1013.00,2019-03-11_13:19:28.963000
241531,1052.00,2019-03-11_13:19:29.096000
241631,1010.00,2019-03-11_13:19:29.293000
241731,1021.00,2019-03-11_13:19:29.399000
241831,989.00,2019-03-11_13:19:29.490000
241931,1003.00,2019-03-11_13:19:29.651000
242031,1036.00,2019-03-11_13:19:29.763000
242131,1021.00,2019-03-11_13:19:29.908000
242231,999.00,2019-03-11_13:19:29.968000
242331,976.00,2019-03-11_13:19:30.144000
242431,999.00,2019-03-11_13:19:30.275000
242531,996.00,2019-03-11_13:19:30.361000
242631,1008.00,2019-03-11_13:19:30.494000
242731,1030.00,2019-03-11_13:19:30.626000
242831,964.00,2019-03-11_13:19:30.731000
242931,1032.00,2019-03-11_13:19:30.894000
243031,982.00,2019-03-11_13:19:31.036000
243131,1008.00,2019-03-11_13:19:31.143000
243231,1003.00,2019-03-11_13:19:31.197000
243331,997.00,2019-03-11_13:19:31.290000
243431,994.00,2019-03-11_13:19:31.398000
243531,993.00,2019-03-11_13:19:31.508000
243631,965.00,2019-03-11_13:19:31.650000
243731,988.00,2019-03-11_13:19:31.804000
243831,1009.00,2019-03-11_13:19:31.995000
243931,960.00,2019-03-11_13:19:32.141000
244031,955.00,2019-03-11_13:19:32.291000
244131,985.00,2019-03-11_13:19:32.423000
244231,969.00,2019-03-11_13:19:32.566000
244331,994.00,2019-03-11_13:19:32.785000
244431,989.00,2019-03-11_13:19:32.914000
244531,971.00,2019-03-11_13:19:32.974000
244631,989.00,2019-03-11_13:19:33.043000
244731,961.00,2019-03-11_13:19:33.152000
244831,995.00,2019-03-11_13:19:33.357000
244931,982.00,2019-03-11_13:19:33.512000
245031,988.00,2019-03-11_13:19:33.689000
245131,1014.00,2019-03-11_13:19:33.916000
245231,982.00,2019-03-11_13:19:34.110000
245331,998.00,2019-03-11_13:19:34.216000
245431,997.00,2019-03-11_13:19:34.365000
245531,968.00,2019-03-11_13:19:34.479000
245631,945.00,2019-03-11_13:19:34.550000
245731,982.00,2019-03-11_13:19:34.753000
245831,970.00,2019-03-11_13:19:34.845000
245931,966.00,2019-03-11_13:19:34.943000
246031,970.00,2019-03-11_13:19:35.081000
246131,976.00,2019-03-11_13:19:35.229000
246231,946.00,2019-03-11_13:19:35.398000
246331,947.00,2019-03-11_13:19:35.460000
246431,997.00,2019-03-11_13:19:35.605000
246531,982.00,2019-03-11_13:19:35.811000
246631,963.00,2019-03-11_13:19:35.924000
246731,998.00,2019-03-11_13:19:36.017000
246831,979.00,2019-03-11_13:19:36.171000
246931,1009.00,2019-03-11_13:19:36.290000
247031,960.00,2019-03-11_13:19:36.488000
247131,975.00,2019-03-11_13:19:36.562000
247231,948.00,2019-03-11_13:19:36.640000
247331,992.00,2019-03-11_13:19:36.788000
247431,997.00,2019-03-11_13:19:36.932000
247531,934.00,2019-03-11_13:19:37.063000
247631,966.00,2019-03-11_13:19:37.133000
247731,994.00,2019-03-11_13:19:37.316000
247831,1006.00,2019-03-11_13:19:37.472000
247931,984.00,2019-03-11_13:19:37.625000
248031,998.00,2019-03-11_13:19:37.837000
248131,976.00,2019-03-11_13:19:38.063000
248231,1021.00,2019-03-11_13:19:38.252000
248331,1002.00,2019-03-11_13:19:38.419000
248431,1012.00,2019-03-11_13:19:38.523000
248531,1006.00,2019-03-11_13:19:38.722000
248631,994.00,2019-03-11_13:19:38.817000
248731,992.00,2019-03-11_13:19:38.918000
248831,1056.00,2019-03-11_13:19:39.020000
248931,1008.00,2019-03-11_13:19:39.243000
249031,1030.00,2019-03-11_13:19:39.426000
249131,1039.00,2019-03-11_13:19:39.523000
249231,1013.00,2019-03-11_13:19:39.662000
249331,1013.00,2019-03-11_13:19:39.875000
249431,1056.00,2019-03-11_13:19:39.968000
249531,1004.00,2019-03-11_13:19:40.025000
249631,994.00,2019-03-11_13:19:40.131000
249731,1018.00,2019-03-11_13:19:40.309000
249831,1042.00,2019-03-11_13:19:40.511000
249931,1018.00,2019-03-11_13:19:40.573000
250031,1082.00,2019-03-11_13:19:40.670000
250131,1017.00,2019-03-11_13:19:40.817000
250231,1045.00,2019-03-11_13:19:41.034000
250331,1072.00,2019-03-11_13:19:41.122000
250431,1014.00,2019-03-11_13:19:41.258000
250531,1040.00,2019-03-11_13:19:41.425000
250631,1056.00,2019-03-11_13:19:41.582000
250731,1046.00,2019-03-11_13:19:41.666000
250831,1070.00,2019-03-11_13:19:41.823000
250931,1060.00,2019-03-11_13:19:41.947000
251031,1058.00,2019-03-11_13:19:42.104000
251131,1071.00,2019-03-11_13:19:42.275000
251231,1068.00,2019-03-11_13:19:42.413000
251331,1073.00,2019-03-11_13:19:42.529000
251431,1069.00,2019-03-11_13:19:42.672000
251531,1074.00,2019-03-11_13:19:42.869000
251631,1074.00,2019-03-11_13:19:42.938000
251731,1073.00,2019-03-11_13:19:43.023000
251831,1073.00,2019-03-11_13:19:43.144000
251931,1085.00,2019-03-11_13:19:43.266000
252031,1056.00,2019-03-11_13:19:43.445000
252131,1072.00,2019-03-11_13:19:43.612000
252231,1073.00,2019-03-11_13:19:43.774000
252331,1087.00,2019-03-11_13:19:43.891000
252431,1079.00,2019-03-11_13:19:44.016000
252531,1078.00,2019-03-11_13:19:44.162000
252631,1072.00,2019-03-11_13:19:44.319000
252731,1100.00,2019-03-11_13:19:44.470000
252831,1077.00,2019-03-11_13:19:44.621000
252931,1082.00,2019-03-11_13:19:44.772000
253031,1058.00,2019-03-11_13:19:44.880000
253131,1086.00,2019-03-11_13:19:44.937000
253231,1082.00,2019-03-11_13:19:45.085000
253331,1072.00,2019-03-11_13:19:45.254000
253431,1088.00,2019-03-11_13:19:45.354000
253531,1095.00,2019-03-11_13:19:45.412000
253631,1094.00,2019-03-11_13:19:45.471000
253731,1091.00,2019-03-11_13:19:45.550000
253831,1088.00,2019-03-11_13:19:45.605000
253931,1094.00,2019-03-11_13:19:45.684000
254031,1092.00,2019-03-11_13:19:45.783000
254131,1085.00,2019-03-11_13:19:45.898000
254231,1088.00,2019-03-11_13:19:46.064000
254331,1090.00,2019-03-11_13:19:46.261000
254431,1085.00,2019-03-11_13:19:46.359000
254531,1084.00,2019-03-11_13:19:46.430000
254631,1090.00,2019-03-11_13:19:46.524000
254731,1088.00,2019-03-11_13:19:46.632000
254831,1085.00,2019-03-11_13:19:46.782000
254931,1088.00,2019-03-11_13:19:46.985000
255031,1085.00,2019-03-11_13:19:47.135000
255131,1090.00,2019-03-11_13:19:47.282000
255231,1088.00,2019-03-11_13:19:47.482000
255331,1104.00,2019-03-11_13:19:47.622000
255431,1104.00,2019-03-11_13:19:47.678000
255531,1097.00,2019-03-11_13:19:47.801000
255631,1098.00,2019-03-11_13:19:47.862000
255731,1103.00,2019-03-11_13:19:47.933000
255831,1106.00,2019-03-11_13:19:48.068000
255931,1099.00,2019-03-11_13:19:48.195000
256031,1101.00,2019-03-11_13:19:48.292000
256131,1090.00,2019-03-11_13:19:48.399000
256231,1091.00,2019-03-11_13:19:48.614000
256331,1079.00,2019-03-11_13:19:48.767000
256431,1098.00,2019-03-11_13:19:48.859000
256531,1104.00,2019-03-11_13:19:49.002000
256631,1104.00,2019-03-11_13:19:49.102000
256731,1100.00,2019-03-11_13:19:49.202000
256831,1104.00,2019-03-11_13:19:49.339000
256931,1104.00,2019-03-11_13:19:49.424000
257031,1104.00,2019-03-11_13:19:49.550000
257131,1088.00,2019-03-11_13:19:49.640000
257231,1104.00,2019-03-11_13:19:49.725000
257331,1104.00,2019-03-11_13:19:49.907000
257431,1104.00,2019-03-11_13:19:50.046000
257531,1104.00,2019-03-11_13:19:50.209000
257631,1102.00,2019-03-11_13:19:50.350000
257731,1109.00,2019-03-11_13:19:50.440000
257831,1107.00,2019-03-11_13:19:50.498000
257931,1101.00,2019-03-11_13:19:50.569000
258031,1108.00,2019-03-11_13:19:50.623000
258131,1104.00,2019-03-11_13:19:50.679000
258231,1073.00,2019-03-11_13:19:50.763000
258331,1097.00,2019-03-11_13:19:50.935000
258431,1097.00,2019-03-11_13:19:51.057000
258531,1090.00,2019-03-11_13:19:51.226000
258631,1098.00,2019-03-11_13:19:51.400000
258731,1104.00,2019-03-11_13:19:51.602000
258831,1097.00,2019-03-11_13:19:51.705000
258931,1104.00,2019-03-11_13:19:51.881000
259031,1104.00,2019-03-11_13:19:52.089000
259131,1090.00,2019-03-11_13:19:52.280000
259231,1093.00,2019-03-11_13:19:52.484000
259331,1083.00,2019-03-11_13:19:52.631000
259431,1104.00,2019-03-11_13:19:52.806000
259531,1094.00,2019-03-11_13:19:52.882000
259631,1088.00,2019-03-11_13:19:52.995000
259731,1097.00,2019-03-11_13:19:53.070000
259831,1104.00,2019-03-11_13:19:53.162000
259931,1104.00,2019-03-11_13:19:53.279000
260031,1098.00,2019-03-11_13:19:53.486000
260131,1104.00,2019-03-11_13:19:53.708000
260231,1106.00,2019-03-11_13:19:53.891000
260331,1104.00,2019-03-11_13:19:54.051000
260431,1098.00,2019-03-11_13:19:54.174000
260531,1093.00,2019-03-11_13:19:54.334000
260631,1115.00,2019-03-11_13:19:54.493000
260731,1051.00,2019-03-11_13:19:54.644000
260831,1100.00,2019-03-11_13:19:54.720000
260931,1088.00,2019-03-11_13:19:54.912000
261031,1120.00,2019-03-11_13:19:55.067000
261131,1092.00,2019-03-11_13:19:55.198000
261231,1094.00,2019-03-11_13:19:55.294000
261331,1085.00,2019-03-11_13:19:55.423000
261431,1100.00,2019-03-11_13:19:55.639000
261531,1072.00,2019-03-11_13:19:55.812000
261631,1083.00,2019-03-11_13:19:55.937000
261731,1068.00,2019-03-11_13:19:56.070000
261831,1088.00,2019-03-11_13:19:56.252000
261931,1090.00,2019-03-11_13:19:56.412000
262031,1063.00,2019-03-11_13:19:56.505000
262131,1062.00,2019-03-11_13:19:56.610000
262231,1130.00,2019-03-11_13:19:56.734000
262331,1110.00,2019-03-11_13:19:56.945000
262431,1101.00,2019-03-11_13:19:57.029000
262531,1100.00,2019-03-11_13:19:57.187000
262631,1103.00,2019-03-11_13:19:57.339000
262731,1075.00,2019-03-11_13:19:57.528000
262831,1088.00,2019-03-11_13:19:57.591000
262931,1104.00,2019-03-11_13:19:57.682000
263031,1066.00,2019-03-11_13:19:57.822000
263131,1088.00,2019-03-11_13:19:58.016000
263231,1073.00,2019-03-11_13:19:58.173000
263331,1101.00,2019-03-11_13:19:58.248000
263431,1099.00,2019-03-11_13:19:58.343000
263531,1115.00,2019-03-11_13:19:58.423000
263631,1072.00,2019-03-11_13:19:58.576000
263731,1132.00,2019-03-11_13:19:58.693000
263831,1146.00,2019-03-11_13:19:58.793000
263931,1122.00,2019-03-11_13:19:58.888000
264031,1115.00,2019-03-11_13:19:59.043000
264131,1113.00,2019-03-11_13:19:59.246000
264231,1146.00,2019-03-11_13:19:59.422000
264331,1105.00,2019-03-11_13:19:59.523000
264431,1182.00,2019-03-11_13:19:59.746000
264531,1105.00,2019-03-11_13:19:59.829000
264631,1104.00,2019-03-11_13:19:59.929000
264731,1104.00,2019-03-11_13:19:59.989000
264831,1114.00,2019-03-11_13:20:00.092000
264931,1137.00,2019-03-11_13:20:00.205000
265031,1113.00,2019-03-11_13:20:00.352000
265131,1124.00,2019-03-11_13:20:00.546000
265231,1134.00,2019-03-11_13:20:00.707000
265331,1144.00,2019-03-11_13:20:00.809000
265431,1120.00,2019-03-11_13:20:00.950000
265531,1132.00,2019-03-11_13:20:01.108000
265631,1110.00,2019-03-11_13:20:01.189000
265731,1124.00,2019-03-11_13:20:01.335000
265831,1113.00,2019-03-11_13:20:01.406000
265931,1104.00,2019-03-11_13:20:01.559000
266031,1125.00,2019-03-11_13:20:01.726000
266131,1127.00,2019-03-11_13:20:01.878000
266231,1134.00,2019-03-11_13:20:01.974000
266331,1157.00,2019-03-11_13:20:02.147000
266431,1112.00,2019-03-11_13:20:02.318000
266531,1104.00,2019-03-11_13:20:02.391000
266631,1137.00,2019-03-11_13:20:02.549000
266731,1117.00,2019-03-11_13:20:02.677000
266831,1139.00,2019-03-11_13:20:02.844000
266931,1089.00,2019-03-11_13:20:02.910000
267031,1132.00,2019-03-11_13:20:02.981000
267131,1089.00,2019-03-11_13:20:03.063000
267231,1142.00,2019-03-11_13:20:03.174000
267331,1133.00,2019-03-11_13:20:03.339000
267431,1120.00,2019-03-11_13:20:03.498000
267531,1118.00,2019-03-11_13:20:03.720000
267631,1183.00,2019-03-11_13:20:03.896000
267731,1136.00,2019-03-11_13:20:04.064000
267831,1136.00,2019-03-11_13:20:04.227000
267931,1152.00,2019-03-11_13:20:04.366000
268031,1130.00,2019-03-11_13:20:04.586000
268131,1148.00,2019-03-11_13:20:04.687000
268231,1129.00,2019-03-11_13:20:04.831000
268331,1136.00,2019-03-11_13:20:04.891000
268431,1137.00,2019-03-11_13:20:05.069000
268531,1126.00,2019-03-11_13:20:05.242000
268631,1141.00,2019-03-11_13:20:05.364000
268731,1120.00,2019-03-11_13:20:05.503000
268831,1113.00,2019-03-11_13:20:05.722000
268931,1104.00,2019-03-11_13:20:05.907000
269031,1126.00,2019-03-11_13:20:05.959000
269131,1104.00,2019-03-11_13:20:06.032000
269231,1101.00,2019-03-11_13:20:06.146000
269331,1130.00,2019-03-11_13:20:06.303000
269431,1094.00,2019-03-11_13:20:06.417000
269531,1106.00,2019-03-11_13:20:06.493000
269631,1131.00,2019-03-11_13:20:06.558000
269731,1137.00,2019-03-11_13:20:06.763000
269831,1129.00,2019-03-11_13:20:06.924000
269931,1120.00,2019-03-11_13:20:07.007000
270031,1108.00,2019-03-11_13:20:07.120000
270131,1110.00,2019-03-11_13:20:07.266000
270231,1131.00,2019-03-11_13:20:07.422000
270331,1091.00,2019-03-11_13:20:07.556000
270431,1116.00,2019-03-11_13:20:07.728000
270531,1102.00,2019-03-11_13:20:07.786000
270631,1083.00,2019-03-11_13:20:07.862000
270731,1104.00,2019-03-11_13:20:07.932000
270831,1105.00,2019-03-11_13:20:08.010000
270931,1087.00,2019-03-11_13:20:08.079000
271031,1109.00,2019-03-11_13:20:08.175000
271131,1124.00,2019-03-11_13:20:08.237000
271231,1101.00,2019-03-11_13:20:08.308000
271331,1146.00,2019-03-11_13:20:08.470000
271431,1072.00,2019-03-11_13:20:08.707000
271531,1104.00,2019-03-11_13:20:08.875000
271631,1083.00,2019-03-11_13:20:09.020000
271731,1073.00,2019-03-11_13:20:09.126000
271831,1103.00,2019-03-11_13:20:09.332000
271931,1070.00,2019-03-11_13:20:09.415000
272031,1135.00,2019-03-11_13:20:09.577000
272131,1088.00,2019-03-11_13:20:09.736000
272231,1089.00,2019-03-11_13:20:09.845000
272331,1053.00,2019-03-11_13:20:09.982000
272431,1076.00,2019-03-11_13:20:10.073000
272531,1092.00,2019-03-11_13:20:10.310000
272631,1088.00,2019-03-11_13:20:10.393000
272731,1067.00,2019-03-11_13:20:10.515000
272831,1072.00,2019-03-11_13:20:10.586000
272931,1065.00,2019-03-11_13:20:10.664000
273031,1054.00,2019-03-11_13:20:10.799000
273131,1046.00,2019-03-11_13:20:11.028000
273231,1058.00,2019-03-11_13:20:11.188000
273331,1035.00,2019-03-11_13:20:11.289000
273431,1040.00,2019-03-11_13:20:11.457000
273531,1047.00,2019-03-11_13:20:11.547000
273631,1040.00,2019-03-11_13:20:11.602000
273731,1040.00,2019-03-11_13:20:11.682000
273831,1040.00,2019-03-11_13:20:11.832000
273931,1035.00,2019-03-11_13:20:11.945000
274031,1040.00,2019-03-11_13:20:12.071000
274131,1023.00,2019-03-11_13:20:12.187000
274231,1010.00,2019-03-11_13:20:12.286000
274331,1036.00,2019-03-11_13:20:12.387000
274431,1023.00,2019-03-11_13:20:12.463000
274531,1040.00,2019-03-11_13:20:12.549000
274631,1032.00,2019-03-11_13:20:12.651000
274731,1040.00,2019-03-11_13:20:12.753000
274831,1040.00,2019-03-11_13:20:12.901000
274931,1013.00,2019-03-11_13:20:13.042000
275031,1014.00,2019-03-11_13:20:13.196000
275131,1010.00,2019-03-11_13:20:13.355000
275231,1012.00,2019-03-11_13:20:13.434000
275331,1018.00,2019-03-11_13:20:13.498000
275431,1017.00,2019-03-11_13:20:13.727000
275531,1017.00,2019-03-11_13:20:13.878000
275631,1008.00,2019-03-11_13:20:13.981000
275731,1011.00,2019-03-11_13:20:14.053000
275831,1009.00,2019-03-11_13:20:14.214000
275931,1019.00,2019-03-11_13:20:14.397000
276031,1010.00,2019-03-11_13:20:14.508000
276131,1008.00,2019-03-11_13:20:14.658000
276231,1013.00,2019-03-11_13:20:14.855000
276331,1047.00,2019-03-11_13:20:15.083000
276431,1008.00,2019-03-11_13:20:15.189000
276531,1006.00,2019-03-11_13:20:15.310000
276631,1005.00,2019-03-11_13:20:15.411000
276731,992.00,2019-03-11_13:20:15.503000
276831,1004.00,2019-03-11_13:20:15.639000
276931,1014.00,2019-03-11_13:20:15.718000
277031,1008.00,2019-03-11_13:20:15.888000
277131,1002.00,2019-03-11_13:20:16.036000
277231,1008.00,2019-03-11_13:20:16.128000
277331,1000.00,2019-03-11_13:20:16.227000
277431,1013.00,2019-03-11_13:20:16.322000
277531,1005.00,2019-03-11_13:20:16.422000
277631,1014.00,2019-03-11_13:20:16.565000
277731,1002.00,2019-03-11_13:20:16.715000
277831,1013.00,2019-03-11_13:20:16.897000
277931,992.00,2019-03-11_13:20:17.061000
278031,1006.00,2019-03-11_13:20:17.234000
278131,1009.00,2019-03-11_13:20:17.331000
278231,1008.00,2019-03-11_13:20:17.485000
278331,1011.00,2019-03-11_13:20:17.637000
278431,1019.00,2019-03-11_13:20:17.742000
278531,1011.00,2019-03-11_13:20:17.845000
278631,1008.00,2019-03-11_13:20:18.009000
278731,1009.00,2019-03-11_13:20:18.107000
278831,1007.00,2019-03-11_13:20:18.254000
278931,1008.00,2019-03-11_13:20:18.369000
279031,995.00,2019-03-11_13:20:18.461000
279131,1005.00,2019-03-11_13:20:18.550000
279231,1007.00,2019-03-11_13:20:18.623000
279331,1011.00,2019-03-11_13:20:18.706000
279431,999.00,2019-03-11_13:20:18.789000
279531,1001.00,2019-03-11_13:20:18.857000
279631,986.00,2019-03-11_13:20:19.020000
279731,999.00,2019-03-11_13:20:19.157000
279831,996.00,2019-03-11_13:20:19.278000
279931,1008.00,2019-03-11_13:20:19.332000
280031,994.00,2019-03-11_13:20:19.391000
280131,1003.00,2019-03-11_13:20:19.493000
280231,977.00,2019-03-11_13:20:19.557000
280331,997.00,2019-03-11_13:20:19.629000
280431,1003.00,2019-03-11_13:20:19.720000
280531,990.00,2019-03-11_13:20:19.787000
280631,994.00,2019-03-11_13:20:19.847000
280731,997.00,2019-03-11_13:20:19.902000
280831,996.00,2019-03-11_13:20:19.979000
280931,998.00,2019-03-11_13:20:20.130000
281031,1005.00,2019-03-11_13:20:20.245000
281131,1014.00,2019-03-11_13:20:20.378000
281231,990.00,2019-03-11_13:20:20.457000
281331,992.00,2019-03-11_13:20:20.531000
281431,995.00,2019-03-11_13:20:20.712000
281531,992.00,2019-03-11_13:20:20.860000
281631,983.00,2019-03-11_13:20:21.062000
281731,994.00,2019-03-11_13:20:21.219000
281831,996.00,2019-03-11_13:20:21.355000
281931,988.00,2019-03-11_13:20:21.443000
282031,994.00,2019-03-11_13:20:21.532000
282131,1006.00,2019-03-11_13:20:21.615000
282231,990.00,2019-03-11_13:20:21.724000
282331,994.00,2019-03-11_13:20:21.810000
282431,983.00,2019-03-11_13:20:21.898000
282531,984.00,2019-03-11_13:20:22.014000
282631,995.00,2019-03-11_13:20:22.182000
282731,965.00,2019-03-11_13:20:22.318000
282831,977.00,2019-03-11_13:20:22.449000
282931,977.00,2019-03-11_13:20:22.579000
283031,987.00,2019-03-11_13:20:22.778000
283131,974.00,2019-03-11_13:20:22.923000
283231,1008.00,2019-03-11_13:20:23.052000
283331,969.00,2019-03-11_13:20:23.263000
283431,973.00,2019-03-11_13:20:23.465000
283531,992.00,2019-03-11_13:20:23.613000
283631,960.00,2019-03-11_13:20:23.702000
283731,983.00,2019-03-11_13:20:23.785000
283831,980.00,2019-03-11_13:20:23.913000
283931,965.00,2019-03-11_13:20:24.071000
284031,950.00,2019-03-11_13:20:24.237000
284131,965.00,2019-03-11_13:20:24.436000
284231,976.00,2019-03-11_13:20:24.497000
284331,925.00,2019-03-11_13:20:24.561000
284431,1003.00,2019-03-11_13:20:24.615000
284531,998.00,2019-03-11_13:20:24.685000
284631,994.00,2019-03-11_13:20:24.818000
284731,960.00,2019-03-11_13:20:25.026000
284831,980.00,2019-03-11_13:20:25.177000
284931,994.00,2019-03-11_13:20:25.318000
285031,931.00,2019-03-11_13:20:25.442000
285131,980.00,2019-03-11_13:20:25.562000
285231,962.00,2019-03-11_13:20:25.730000
285331,957.00,2019-03-11_13:20:25.843000
285431,944.00,2019-03-11_13:20:26.046000
285531,974.00,2019-03-11_13:20:26.198000
285631,944.00,2019-03-11_13:20:26.364000
285731,967.00,2019-03-11_13:20:26.485000
285831,995.00,2019-03-11_13:20:26.600000
285931,941.00,2019-03-11_13:20:26.717000
286031,961.00,2019-03-11_13:20:26.892000
286131,969.00,2019-03-11_13:20:26.983000
286231,935.00,2019-03-11_13:20:27.052000
286331,948.00,2019-03-11_13:20:27.126000
286431,951.00,2019-03-11_13:20:27.258000
286531,950.00,2019-03-11_13:20:27.389000
286631,928.00,2019-03-11_13:20:27.469000
286731,923.00,2019-03-11_13:20:27.533000
286831,957.00,2019-03-11_13:20:27.622000
286931,945.00,2019-03-11_13:20:27.767000
287031,931.00,2019-03-11_13:20:27.955000
287131,922.00,2019-03-11_13:20:28.058000
287231,955.00,2019-03-11_13:20:28.136000
287331,965.00,2019-03-11_13:20:28.232000
287431,964.00,2019-03-11_13:20:28.294000
287531,938.00,2019-03-11_13:20:28.364000
287631,941.00,2019-03-11_13:20:28.429000
287731,926.00,2019-03-11_13:20:28.487000
287831,926.00,2019-03-11_13:20:28.542000
287931,912.00,2019-03-11_13:20:28.594000
288031,928.00,2019-03-11_13:20:28.665000
288131,935.00,2019-03-11_13:20:28.748000
288231,939.00,2019-03-11_13:20:28.904000
288331,925.00,2019-03-11_13:20:29.002000
288431,935.00,2019-03-11_13:20:29.148000
288531,933.00,2019-03-11_13:20:29.235000
288631,940.00,2019-03-11_13:20:29.342000
288731,896.00,2019-03-11_13:20:29.507000
288831,922.00,2019-03-11_13:20:29.635000
288931,942.00,2019-03-11_13:20:29.784000
289031,921.00,2019-03-11_13:20:29.876000
289131,912.00,2019-03-11_13:20:30.078000
289231,909.00,2019-03-11_13:20:30.206000
289331,933.00,2019-03-11_13:20:30.295000
289431,960.00,2019-03-11_13:20:30.380000
289531,957.00,2019-03-11_13:20:30.445000
289631,936.00,2019-03-11_13:20:30.500000
289731,930.00,2019-03-11_13:20:30.584000
289831,938.00,2019-03-11_13:20:30.696000
289931,971.00,2019-03-11_13:20:30.875000
290031,916.00,2019-03-11_13:20:31.064000
290131,940.00,2019-03-11_13:20:31.119000
290231,931.00,2019-03-11_13:20:31.203000
290331,916.00,2019-03-11_13:20:31.282000
290431,928.00,2019-03-11_13:20:31.374000
290531,952.00,2019-03-11_13:20:31.523000
290631,946.00,2019-03-11_13:20:31.613000
290731,929.00,2019-03-11_13:20:31.738000
290831,886.00,2019-03-11_13:20:31.882000
290931,922.00,2019-03-11_13:20:32.084000
291031,921.00,2019-03-11_13:20:32.296000
291131,872.00,2019-03-11_13:20:32.492000
291231,944.00,2019-03-11_13:20:32.702000
291331,980.00,2019-03-11_13:20:32.871000
291431,954.00,2019-03-11_13:20:32.974000
291531,954.00,2019-03-11_13:20:33.069000
291631,914.00,2019-03-11_13:20:33.202000
291731,914.00,2019-03-11_13:20:33.373000
291831,928.00,2019-03-11_13:20:33.467000
291931,933.00,2019-03-11_13:20:33.615000
292031,942.00,2019-03-11_13:20:33.754000
292131,937.00,2019-03-11_13:20:33.887000
292231,918.00,2019-03-11_13:20:34.027000
292331,954.00,2019-03-11_13:20:34.124000
292431,946.00,2019-03-11_13:20:34.253000
292531,944.00,2019-03-11_13:20:34.406000
292631,928.00,2019-03-11_13:20:34.493000
292731,954.00,2019-03-11_13:20:34.591000
292831,945.00,2019-03-11_13:20:34.718000
292931,930.00,2019-03-11_13:20:34.901000
293031,936.00,2019-03-11_13:20:35.031000
293131,936.00,2019-03-11_13:20:35.184000
293231,944.00,2019-03-11_13:20:35.316000
293331,865.00,2019-03-11_13:20:35.408000
293431,912.00,2019-03-11_13:20:35.542000
293531,912.00,2019-03-11_13:20:35.631000
293631,932.00,2019-03-11_13:20:35.769000
293731,945.00,2019-03-11_13:20:35.941000
293831,968.00,2019-03-11_13:20:36.129000
293931,925.00,2019-03-11_13:20:36.217000
294031,957.00,2019-03-11_13:20:36.268000
294131,922.00,2019-03-11_13:20:36.357000
294231,977.00,2019-03-11_13:20:36.438000
294331,954.00,2019-03-11_13:20:36.498000
294431,960.00,2019-03-11_13:20:36.636000
294531,976.00,2019-03-11_13:20:36.846000
294631,992.00,2019-03-11_13:20:37.003000
294731,964.00,2019-03-11_13:20:37.077000
294831,976.00,2019-03-11_13:20:37.167000
294931,1008.00,2019-03-11_13:20:37.296000
295031,990.00,2019-03-11_13:20:37.488000
295131,977.00,2019-03-11_13:20:37.630000
295231,975.00,2019-03-11_13:20:37.754000
295331,974.00,2019-03-11_13:20:37.962000
295431,1008.00,2019-03-11_13:20:38.150000
295531,1023.00,2019-03-11_13:20:38.239000
295631,960.00,2019-03-11_13:20:38.326000
295731,1047.00,2019-03-11_13:20:38.460000
295831,1003.00,2019-03-11_13:20:38.566000
295931,981.00,2019-03-11_13:20:38.746000
296031,1017.00,2019-03-11_13:20:38.856000
296131,1015.00,2019-03-11_13:20:38.924000
296231,1048.00,2019-03-11_13:20:39.010000
296331,1040.00,2019-03-11_13:20:39.097000
296431,1023.00,2019-03-11_13:20:39.274000
296531,1045.00,2019-03-11_13:20:39.336000
296631,1036.00,2019-03-11_13:20:39.437000
296731,1047.00,2019-03-11_13:20:39.538000
296831,1048.00,2019-03-11_13:20:39.610000
296931,1043.00,2019-03-11_13:20:39.708000
297031,1052.00,2019-03-11_13:20:39.880000
297131,1058.00,2019-03-11_13:20:39.970000
297231,1054.00,2019-03-11_13:20:40.069000
297331,1048.00,2019-03-11_13:20:40.205000
297431,1034.00,2019-03-11_13:20:40.412000
297531,1052.00,2019-03-11_13:20:40.548000
297631,1044.00,2019-03-11_13:20:40.646000
297731,1065.00,2019-03-11_13:20:40.849000
297831,1061.00,2019-03-11_13:20:40.983000
297931,1051.00,2019-03-11_13:20:41.050000
298031,1061.00,2019-03-11_13:20:41.107000
298131,1059.00,2019-03-11_13:20:41.167000
298231,1057.00,2019-03-11_13:20:41.233000
298331,1060.00,2019-03-11_13:20:41.324000
298431,1052.00,2019-03-11_13:20:41.435000
298531,1060.00,2019-03-11_13:20:41.601000
298631,1062.00,2019-03-11_13:20:41.720000
298731,1057.00,2019-03-11_13:20:41.822000
298831,1065.00,2019-03-11_13:20:41.978000
298931,1059.00,2019-03-11_13:20:42.100000
299031,1067.00,2019-03-11_13:20:42.194000
299131,1063.00,2019-03-11_13:20:42.273000
299231,1065.00,2019-03-11_13:20:42.384000
299331,1089.00,2019-03-11_13:20:42.464000
299431,1074.00,2019-03-11_13:20:42.668000
299531,1070.00,2019-03-11_13:20:42.891000
299631,1072.00,2019-03-11_13:20:43.036000
299731,1075.00,2019-03-11_13:20:43.091000
299831,1072.00,2019-03-11_13:20:43.182000
299931,1074.00,2019-03-11_13:20:43.285000
300031,1069.00,2019-03-11_13:20:43.487000
300131,1082.00,2019-03-11_13:20:43.577000
300231,1077.00,2019-03-11_13:20:43.659000
300331,1066.00,2019-03-11_13:20:43.724000
300431,1072.00,2019-03-11_13:20:43.775000
300531,1061.00,2019-03-11_13:20:43.831000
300631,1072.00,2019-03-11_13:20:43.922000
300731,1072.00,2019-03-11_13:20:44.080000
300831,1064.00,2019-03-11_13:20:44.174000
300931,1072.00,2019-03-11_13:20:44.304000
301031,1072.00,2019-03-11_13:20:44.459000
301131,1081.00,2019-03-11_13:20:44.659000
301231,1082.00,2019-03-11_13:20:44.731000
301331,1070.00,2019-03-11_13:20:44.819000
301431,1073.00,2019-03-11_13:20:44.961000
301531,1085.00,2019-03-11_13:20:45.144000
301631,1078.00,2019-03-11_13:20:45.302000
301731,1073.00,2019-03-11_13:20:45.398000
301831,1078.00,2019-03-11_13:20:45.611000
301931,1064.00,2019-03-11_13:20:45.745000
302031,1072.00,2019-03-11_13:20:45.837000
302131,1077.00,2019-03-11_13:20:45.905000
302231,1072.00,2019-03-11_13:20:45.970000
302331,1084.00,2019-03-11_13:20:46.024000
302431,1070.00,2019-03-11_13:20:46.136000
302531,1078.00,2019-03-11_13:20:46.304000
302631,1076.00,2019-03-11_13:20:46.471000
302731,1075.00,2019-03-11_13:20:46.544000
302831,1072.00,2019-03-11_13:20:46.675000
302931,1075.00,2019-03-11_13:20:46.828000
303031,1081.00,2019-03-11_13:20:46.936000
303131,1074.00,2019-03-11_13:20:47.047000
303231,1072.00,2019-03-11_13:20:47.093000
303331,1083.00,2019-03-11_13:20:47.147000
303431,1082.00,2019-03-11_13:20:47.239000
303531,1074.00,2019-03-11_13:20:47.352000
303631,1088.00,2019-03-11_13:20:47.523000
303731,1083.00,2019-03-11_13:20:47.710000
303831,1084.00,2019-03-11_13:20:47.907000
303931,1081.00,2019-03-11_13:20:48.116000
304031,1084.00,2019-03-11_13:20:48.299000
304131,1067.00,2019-03-11_13:20:48.387000
304231,1084.00,2019-03-11_13:20:48.591000
304331,1088.00,2019-03-11_13:20:48.771000
304431,1088.00,2019-03-11_13:20:48.876000
304531,1088.00,2019-03-11_13:20:49.007000
304631,1091.00,2019-03-11_13:20:49.203000
304731,1074.00,2019-03-11_13:20:49.402000
304831,1072.00,2019-03-11_13:20:49.493000
304931,1075.00,2019-03-11_13:20:49.584000
305031,1085.00,2019-03-11_13:20:49.688000
305131,1095.00,2019-03-11_13:20:49.875000
305231,1102.00,2019-03-11_13:20:49.984000
305331,1094.00,2019-03-11_13:20:50.081000
305431,1078.00,2019-03-11_13:20:50.250000
305531,1100.00,2019-03-11_13:20:50.433000
305631,1094.00,2019-03-11_13:20:50.559000
305731,1093.00,2019-03-11_13:20:50.680000
305831,1108.00,2019-03-11_13:20:50.758000
305931,1090.00,2019-03-11_13:20:50.942000
306031,1130.00,2019-03-11_13:20:51.115000
306131,1098.00,2019-03-11_13:20:51.170000
306231,1129.00,2019-03-11_13:20:51.303000
306331,1136.00,2019-03-11_13:20:51.397000
306431,1088.00,2019-03-11_13:20:51.489000
306531,1116.00,2019-03-11_13:20:51.631000
306631,1123.00,2019-03-11_13:20:51.716000
306731,1117.00,2019-03-11_13:20:51.796000
306831,1099.00,2019-03-11_13:20:51.854000
306931,1139.00,2019-03-11_13:20:51.929000
307031,1140.00,2019-03-11_13:20:52.094000
307131,1072.00,2019-03-11_13:20:52.283000
307231,1100.00,2019-03-11_13:20:52.396000
307331,1094.00,2019-03-11_13:20:52.518000
307431,1131.00,2019-03-11_13:20:52.647000
307531,1115.00,2019-03-11_13:20:52.779000
307631,1091.00,2019-03-11_13:20:52.873000
307731,1142.00,2019-03-11_13:20:52.967000
307831,1121.00,2019-03-11_13:20:53.096000
307931,1123.00,2019-03-11_13:20:53.306000
308031,1116.00,2019-03-11_13:20:53.478000
308131,1132.00,2019-03-11_13:20:53.543000
308231,1132.00,2019-03-11_13:20:53.597000
308331,1088.00,2019-03-11_13:20:53.665000
308431,1136.00,2019-03-11_13:20:53.802000
308531,1106.00,2019-03-11_13:20:53.956000
308631,1092.00,2019-03-11_13:20:54.077000
308731,1102.00,2019-03-11_13:20:54.133000
308831,1149.00,2019-03-11_13:20:54.200000
308931,1132.00,2019-03-11_13:20:54.313000
309031,1138.00,2019-03-11_13:20:54.438000
309131,1108.00,2019-03-11_13:20:54.509000
309231,1146.00,2019-03-11_13:20:54.583000
309331,1168.00,2019-03-11_13:20:54.655000
309431,1152.00,2019-03-11_13:20:54.730000
309531,1137.00,2019-03-11_13:20:54.878000
309631,1136.00,2019-03-11_13:20:55.061000
309731,1136.00,2019-03-11_13:20:55.154000
309831,1161.00,2019-03-11_13:20:55.243000
309931,1113.00,2019-03-11_13:20:55.373000
310031,1150.00,2019-03-11_13:20:55.582000
310131,1163.00,2019-03-11_13:20:55.734000
310231,1134.00,2019-03-11_13:20:55.787000
310331,1132.00,2019-03-11_13:20:55.837000
310431,1141.00,2019-03-11_13:20:55.900000
310531,1108.00,2019-03-11_13:20:55.984000
310631,1143.00,2019-03-11_13:20:56.075000
310731,1184.00,2019-03-11_13:20:56.143000
310831,1157.00,2019-03-11_13:20:56.205000
310931,1160.00,2019-03-11_13:20:56.302000
311031,1104.00,2019-03-11_13:20:56.415000
311131,1118.00,2019-03-11_13:20:56.468000
311231,1156.00,2019-03-11_13:20:56.531000
311331,1126.00,2019-03-11_13:20:56.707000
311431,1120.00,2019-03-11_13:20:56.836000
311531,1134.00,2019-03-11_13:20:56.982000
311631,1146.00,2019-03-11_13:20:57.122000
311731,1168.00,2019-03-11_13:20:57.314000
311831,1152.00,2019-03-11_13:20:57.473000
311931,1153.00,2019-03-11_13:20:57.576000
312031,1136.00,2019-03-11_13:20:57.678000
312131,1152.00,2019-03-11_13:20:57.808000
312231,1164.00,2019-03-11_13:20:57.940000
312331,1146.00,2019-03-11_13:20:58.031000
312431,1139.00,2019-03-11_13:20:58.165000
312531,1149.00,2019-03-11_13:20:58.254000
312631,1138.00,2019-03-11_13:20:58.354000
312731,1146.00,2019-03-11_13:20:58.406000
312831,1170.00,2019-03-11_13:20:58.458000
312931,1104.00,2019-03-11_13:20:58.521000
313031,1158.00,2019-03-11_13:20:58.696000
313131,1136.00,2019-03-11_13:20:58.776000
313231,1121.00,2019-03-11_13:20:58.904000
313331,1168.00,2019-03-11_13:20:59.093000
313431,1175.00,2019-03-11_13:20:59.226000
313531,1154.00,2019-03-11_13:20:59.282000
313631,1136.00,2019-03-11_13:20:59.352000
313731,1168.00,2019-03-11_13:20:59.402000
313831,1149.00,2019-03-11_13:20:59.459000
313931,1149.00,2019-03-11_13:20:59.566000
314031,1147.00,2019-03-11_13:20:59.748000
314131,1161.00,2019-03-11_13:20:59.895000
314231,1135.00,2019-03-11_13:21:00.026000
314331,1152.00,2019-03-11_13:21:00.239000
314431,1155.00,2019-03-11_13:21:00.442000
314531,1165.00,2019-03-11_13:21:00.517000
314631,1130.00,2019-03-11_13:21:00.583000
314731,1139.00,2019-03-11_13:21:00.743000
314831,1150.00,2019-03-11_13:21:00.923000
314931,1136.00,2019-03-11_13:21:01.072000
315031,1152.00,2019-03-11_13:21:01.201000
315131,1168.00,2019-03-11_13:21:01.304000
315231,1138.00,2019-03-11_13:21:01.509000
315331,1133.00,2019-03-11_13:21:01.653000
315431,1119.00,2019-03-11_13:21:01.796000
315531,1135.00,2019-03-11_13:21:01.887000
315631,1142.00,2019-03-11_13:21:02.018000
315731,1152.00,2019-03-11_13:21:02.218000
315831,1149.00,2019-03-11_13:21:02.348000
315931,1122.00,2019-03-11_13:21:02.400000
316031,1136.00,2019-03-11_13:21:02.465000
316131,1139.00,2019-03-11_13:21:02.516000
316231,1127.00,2019-03-11_13:21:02.606000
316331,1130.00,2019-03-11_13:21:02.692000
