23719,720.00,2018-11-08_10:06:58.214000
23739,711.00,2018-11-08_10:06:58.314000
23759,714.00,2018-11-08_10:06:58.405000
23779,709.00,2018-11-08_10:06:58.497000
23799,705.00,2018-11-08_10:06:58.587000
23819,704.00,2018-11-08_10:06:58.678000
23839,708.00,2018-11-08_10:06:58.766000
23859,710.00,2018-11-08_10:06:58.855000
23879,721.00,2018-11-08_10:06:58.917000
23899,733.00,2018-11-08_10:06:59.007000
23919,732.00,2018-11-08_10:06:59.056000
23939,721.00,2018-11-08_10:06:59.138000
23959,722.00,2018-11-08_10:06:59.218000
23979,752.00,2018-11-08_10:06:59.313000
23999,737.00,2018-11-08_10:06:59.402000
24019,737.00,2018-11-08_10:06:59.496000
24039,736.00,2018-11-08_10:06:59.593000
24059,740.00,2018-11-08_10:06:59.656000
24079,746.00,2018-11-08_10:06:59.710000
24099,748.00,2018-11-08_10:06:59.776000
24119,755.00,2018-11-08_10:06:59.861000
24139,749.00,2018-11-08_10:06:59.953000
24159,736.00,2018-11-08_10:07:00.047000
24179,737.00,2018-11-08_10:07:00.116000
24199,728.00,2018-11-08_10:07:00.213000
24219,724.00,2018-11-08_10:07:00.308000
24239,728.00,2018-11-08_10:07:00.367000
24259,738.00,2018-11-08_10:07:00.412000
24279,691.00,2018-11-08_10:07:00.460000
24299,737.00,2018-11-08_10:07:00.514000
24319,748.00,2018-11-08_10:07:00.570000
24339,728.00,2018-11-08_10:07:00.624000
24359,744.00,2018-11-08_10:07:00.681000
24379,766.00,2018-11-08_10:07:00.740000
24399,736.00,2018-11-08_10:07:00.793000
24419,724.00,2018-11-08_10:07:00.846000
24439,720.00,2018-11-08_10:07:00.902000
24459,726.00,2018-11-08_10:07:00.960000
24479,726.00,2018-11-08_10:07:01.015000
24499,725.00,2018-11-08_10:07:01.065000
24519,745.00,2018-11-08_10:07:01.116000
24539,736.00,2018-11-08_10:07:01.171000
24559,736.00,2018-11-08_10:07:01.267000
24579,714.00,2018-11-08_10:07:01.334000
24599,716.00,2018-11-08_10:07:01.403000
24619,717.00,2018-11-08_10:07:01.474000
24639,714.00,2018-11-08_10:07:01.543000
24659,714.00,2018-11-08_10:07:01.631000
24679,726.00,2018-11-08_10:07:01.737000
24699,722.00,2018-11-08_10:07:01.840000
24719,720.00,2018-11-08_10:07:01.940000
24739,729.00,2018-11-08_10:07:02.017000
24759,736.00,2018-11-08_10:07:02.109000
24779,734.00,2018-11-08_10:07:02.213000
24799,728.00,2018-11-08_10:07:02.319000
24819,720.00,2018-11-08_10:07:02.418000
24839,720.00,2018-11-08_10:07:02.498000
24859,728.00,2018-11-08_10:07:02.591000
24879,727.00,2018-11-08_10:07:02.661000
24899,730.00,2018-11-08_10:07:02.742000
24919,730.00,2018-11-08_10:07:02.797000
24939,724.00,2018-11-08_10:07:02.869000
24959,737.00,2018-11-08_10:07:02.939000
24979,741.00,2018-11-08_10:07:03.014000
24999,728.00,2018-11-08_10:07:03.126000
25019,725.00,2018-11-08_10:07:03.218000
25039,720.00,2018-11-08_10:07:03.291000
25059,720.00,2018-11-08_10:07:03.377000
25079,728.00,2018-11-08_10:07:03.488000
25099,730.00,2018-11-08_10:07:03.598000
25119,734.00,2018-11-08_10:07:03.711000
25139,729.00,2018-11-08_10:07:03.804000
25159,733.00,2018-11-08_10:07:03.882000
25179,736.00,2018-11-08_10:07:03.963000
25199,720.00,2018-11-08_10:07:04.073000
25219,714.00,2018-11-08_10:07:04.189000
25239,711.00,2018-11-08_10:07:04.328000
25259,706.00,2018-11-08_10:07:04.386000
25279,714.00,2018-11-08_10:07:04.435000
25299,720.00,2018-11-08_10:07:04.482000
25319,720.00,2018-11-08_10:07:04.526000
25339,715.00,2018-11-08_10:07:04.574000
25359,717.00,2018-11-08_10:07:04.623000
25379,730.00,2018-11-08_10:07:04.679000
25399,726.00,2018-11-08_10:07:04.753000
25419,722.00,2018-11-08_10:07:04.846000
25439,720.00,2018-11-08_10:07:04.926000
25459,718.00,2018-11-08_10:07:05.001000
25479,718.00,2018-11-08_10:07:05.090000
25499,715.00,2018-11-08_10:07:05.204000
25519,720.00,2018-11-08_10:07:05.303000
25539,720.00,2018-11-08_10:07:05.373000
25559,720.00,2018-11-08_10:07:05.430000
25579,720.00,2018-11-08_10:07:05.480000
25599,720.00,2018-11-08_10:07:05.575000
25619,714.00,2018-11-08_10:07:05.655000
25639,716.00,2018-11-08_10:07:05.736000
25659,720.00,2018-11-08_10:07:05.814000
25679,721.00,2018-11-08_10:07:05.930000
25699,725.00,2018-11-08_10:07:06.022000
25719,730.00,2018-11-08_10:07:06.130000
25739,734.00,2018-11-08_10:07:06.210000
25759,742.00,2018-11-08_10:07:06.299000
25779,738.00,2018-11-08_10:07:06.397000
25799,734.00,2018-11-08_10:07:06.510000
25819,721.00,2018-11-08_10:07:06.619000
25839,722.00,2018-11-08_10:07:06.743000
25859,712.00,2018-11-08_10:07:06.841000
25879,715.00,2018-11-08_10:07:06.957000
25899,718.00,2018-11-08_10:07:07.077000
25919,720.00,2018-11-08_10:07:07.186000
25939,720.00,2018-11-08_10:07:07.273000
25959,721.00,2018-11-08_10:07:07.353000
25979,718.00,2018-11-08_10:07:07.426000
25999,715.00,2018-11-08_10:07:07.492000
26019,723.00,2018-11-08_10:07:07.551000
26039,721.00,2018-11-08_10:07:07.611000
26059,732.00,2018-11-08_10:07:07.670000
26079,730.00,2018-11-08_10:07:07.730000
26099,724.00,2018-11-08_10:07:07.799000
26119,720.00,2018-11-08_10:07:07.889000
26139,717.00,2018-11-08_10:07:07.979000
26159,720.00,2018-11-08_10:07:08.072000
26179,726.00,2018-11-08_10:07:08.165000
26199,717.00,2018-11-08_10:07:08.264000
26219,722.00,2018-11-08_10:07:08.355000
26239,733.00,2018-11-08_10:07:08.442000
26259,740.00,2018-11-08_10:07:08.534000
26279,720.00,2018-11-08_10:07:08.629000
26299,708.00,2018-11-08_10:07:08.709000
26319,714.00,2018-11-08_10:07:08.804000
26339,736.00,2018-11-08_10:07:08.918000
26359,730.00,2018-11-08_10:07:09.030000
26379,729.00,2018-11-08_10:07:09.152000
26399,731.00,2018-11-08_10:07:09.276000
26419,720.00,2018-11-08_10:07:09.378000
26439,720.00,2018-11-08_10:07:09.464000
26459,724.00,2018-11-08_10:07:09.576000
26479,720.00,2018-11-08_10:07:09.697000
26499,712.00,2018-11-08_10:07:09.824000
26519,728.00,2018-11-08_10:07:09.923000
26539,730.00,2018-11-08_10:07:09.986000
26559,728.00,2018-11-08_10:07:10.067000
26579,708.00,2018-11-08_10:07:10.188000
26599,697.00,2018-11-08_10:07:10.311000
26619,717.00,2018-11-08_10:07:10.431000
26639,738.00,2018-11-08_10:07:10.518000
26659,732.00,2018-11-08_10:07:10.641000
26679,738.00,2018-11-08_10:07:10.741000
26699,714.00,2018-11-08_10:07:10.825000
26719,718.00,2018-11-08_10:07:10.909000
26739,716.00,2018-11-08_10:07:10.987000
26759,722.00,2018-11-08_10:07:11.037000
26779,720.00,2018-11-08_10:07:11.096000
26799,723.00,2018-11-08_10:07:11.153000
26819,724.00,2018-11-08_10:07:11.202000
26839,736.00,2018-11-08_10:07:11.257000
26859,729.00,2018-11-08_10:07:11.385000
26879,718.00,2018-11-08_10:07:11.496000
26899,728.00,2018-11-08_10:07:11.564000
26919,722.00,2018-11-08_10:07:11.635000
26939,721.00,2018-11-08_10:07:11.772000
26959,730.00,2018-11-08_10:07:11.901000
26979,729.00,2018-11-08_10:07:12.005000
26999,738.00,2018-11-08_10:07:12.091000
27019,734.00,2018-11-08_10:07:12.203000
27039,733.00,2018-11-08_10:07:12.305000
27059,728.00,2018-11-08_10:07:12.388000
27079,725.00,2018-11-08_10:07:12.474000
27099,726.00,2018-11-08_10:07:12.599000
27119,722.00,2018-11-08_10:07:12.710000
27139,718.00,2018-11-08_10:07:12.836000
27159,715.00,2018-11-08_10:07:12.969000
27179,720.00,2018-11-08_10:07:13.072000
27199,722.00,2018-11-08_10:07:13.157000
27219,721.00,2018-11-08_10:07:13.241000
27239,721.00,2018-11-08_10:07:13.326000
27259,740.00,2018-11-08_10:07:13.411000
27279,731.00,2018-11-08_10:07:13.497000
27299,725.00,2018-11-08_10:07:13.583000
27319,720.00,2018-11-08_10:07:13.672000
27339,711.00,2018-11-08_10:07:13.757000
27359,704.00,2018-11-08_10:07:13.855000
27379,720.00,2018-11-08_10:07:13.951000
27399,726.00,2018-11-08_10:07:14.049000
27419,729.00,2018-11-08_10:07:14.181000
27439,733.00,2018-11-08_10:07:14.309000
27459,741.00,2018-11-08_10:07:14.411000
27479,740.00,2018-11-08_10:07:14.552000
27499,732.00,2018-11-08_10:07:14.693000
27519,728.00,2018-11-08_10:07:14.832000
27539,721.00,2018-11-08_10:07:14.928000
27559,720.00,2018-11-08_10:07:15.016000
27579,711.00,2018-11-08_10:07:15.101000
27599,720.00,2018-11-08_10:07:15.189000
27619,729.00,2018-11-08_10:07:15.278000
27639,742.00,2018-11-08_10:07:15.373000
27659,739.00,2018-11-08_10:07:15.469000
27679,741.00,2018-11-08_10:07:15.559000
27699,729.00,2018-11-08_10:07:15.649000
27719,734.00,2018-11-08_10:07:15.738000
27739,726.00,2018-11-08_10:07:15.846000
27759,724.00,2018-11-08_10:07:15.977000
27779,720.00,2018-11-08_10:07:16.093000
27799,730.00,2018-11-08_10:07:16.225000
27819,720.00,2018-11-08_10:07:16.339000
27839,724.00,2018-11-08_10:07:16.429000
27859,727.00,2018-11-08_10:07:16.504000
27879,741.00,2018-11-08_10:07:16.566000
27899,742.00,2018-11-08_10:07:16.622000
27919,736.00,2018-11-08_10:07:16.683000
27939,726.00,2018-11-08_10:07:16.754000
27959,724.00,2018-11-08_10:07:16.882000
27979,720.00,2018-11-08_10:07:17.006000
27999,717.00,2018-11-08_10:07:17.112000
28019,721.00,2018-11-08_10:07:17.195000
28039,724.00,2018-11-08_10:07:17.264000
28059,731.00,2018-11-08_10:07:17.337000
28079,740.00,2018-11-08_10:07:17.399000
28099,742.00,2018-11-08_10:07:17.463000
28119,736.00,2018-11-08_10:07:17.549000
28139,724.00,2018-11-08_10:07:17.630000
28159,715.00,2018-11-08_10:07:17.739000
28179,712.00,2018-11-08_10:07:17.860000
28199,709.00,2018-11-08_10:07:17.981000
28219,710.00,2018-11-08_10:07:18.100000
28239,699.00,2018-11-08_10:07:18.187000
28259,720.00,2018-11-08_10:07:18.271000
28279,736.00,2018-11-08_10:07:18.349000
28299,726.00,2018-11-08_10:07:18.425000
28319,724.00,2018-11-08_10:07:18.509000
28339,720.00,2018-11-08_10:07:18.591000
28359,729.00,2018-11-08_10:07:18.661000
28379,645.00,2018-11-08_10:07:18.727000
28399,723.00,2018-11-08_10:07:18.877000
28419,729.00,2018-11-08_10:07:19.014000
28439,752.00,2018-11-08_10:07:19.149000
28459,720.00,2018-11-08_10:07:19.284000
28479,725.00,2018-11-08_10:07:19.402000
28499,738.00,2018-11-08_10:07:19.529000
28519,728.00,2018-11-08_10:07:19.637000
28539,725.00,2018-11-08_10:07:19.763000
28559,732.00,2018-11-08_10:07:19.849000
28579,724.00,2018-11-08_10:07:19.938000
28599,721.00,2018-11-08_10:07:20.068000
28619,714.00,2018-11-08_10:07:20.187000
28639,720.00,2018-11-08_10:07:20.307000
28659,708.00,2018-11-08_10:07:20.429000
28679,717.00,2018-11-08_10:07:20.548000
28699,725.00,2018-11-08_10:07:20.662000
28719,736.00,2018-11-08_10:07:20.745000
28739,728.00,2018-11-08_10:07:20.879000
28759,729.00,2018-11-08_10:07:20.967000
28779,724.00,2018-11-08_10:07:21.068000
28799,721.00,2018-11-08_10:07:21.182000
28819,723.00,2018-11-08_10:07:21.274000
28839,720.00,2018-11-08_10:07:21.366000
28859,720.00,2018-11-08_10:07:21.432000
28879,720.00,2018-11-08_10:07:21.527000
28899,720.00,2018-11-08_10:07:21.656000
28919,736.00,2018-11-08_10:07:21.801000
28939,730.00,2018-11-08_10:07:21.917000
28959,720.00,2018-11-08_10:07:22.009000
28979,720.00,2018-11-08_10:07:22.101000
28999,713.00,2018-11-08_10:07:22.182000
29019,718.00,2018-11-08_10:07:22.266000
29039,720.00,2018-11-08_10:07:22.349000
29059,724.00,2018-11-08_10:07:22.468000
29079,725.00,2018-11-08_10:07:22.543000
29099,728.00,2018-11-08_10:07:22.622000
29119,729.00,2018-11-08_10:07:22.729000
29139,721.00,2018-11-08_10:07:22.859000
29159,715.00,2018-11-08_10:07:22.985000
29179,712.00,2018-11-08_10:07:23.096000
29199,716.00,2018-11-08_10:07:23.184000
29219,720.00,2018-11-08_10:07:23.269000
29239,720.00,2018-11-08_10:07:23.357000
29259,723.00,2018-11-08_10:07:23.478000
29279,726.00,2018-11-08_10:07:23.604000
29299,734.00,2018-11-08_10:07:23.692000
29319,722.00,2018-11-08_10:07:23.772000
29339,725.00,2018-11-08_10:07:23.853000
29359,730.00,2018-11-08_10:07:23.935000
29379,711.00,2018-11-08_10:07:24.015000
29399,708.00,2018-11-08_10:07:24.103000
29419,713.00,2018-11-08_10:07:24.208000
29439,713.00,2018-11-08_10:07:24.305000
29459,714.00,2018-11-08_10:07:24.394000
29479,720.00,2018-11-08_10:07:24.479000
29499,721.00,2018-11-08_10:07:24.565000
29519,723.00,2018-11-08_10:07:24.629000
29539,722.00,2018-11-08_10:07:24.704000
29559,731.00,2018-11-08_10:07:24.760000
29579,725.00,2018-11-08_10:07:24.811000
29599,713.00,2018-11-08_10:07:24.898000
29619,716.00,2018-11-08_10:07:24.984000
29639,720.00,2018-11-08_10:07:25.116000
29659,718.00,2018-11-08_10:07:25.231000
29679,720.00,2018-11-08_10:07:25.335000
29699,720.00,2018-11-08_10:07:25.461000
29719,720.00,2018-11-08_10:07:25.542000
29739,718.00,2018-11-08_10:07:25.669000
29759,722.00,2018-11-08_10:07:25.793000
29779,731.00,2018-11-08_10:07:25.893000
29799,720.00,2018-11-08_10:07:25.989000
29819,705.00,2018-11-08_10:07:26.103000
29839,705.00,2018-11-08_10:07:26.209000
29859,705.00,2018-11-08_10:07:26.337000
29879,710.00,2018-11-08_10:07:26.445000
29899,709.00,2018-11-08_10:07:26.558000
29919,696.00,2018-11-08_10:07:26.661000
29939,704.00,2018-11-08_10:07:26.757000
29959,697.00,2018-11-08_10:07:26.858000
29979,716.00,2018-11-08_10:07:26.972000
29999,704.00,2018-11-08_10:07:27.077000
30019,704.00,2018-11-08_10:07:27.150000
30039,704.00,2018-11-08_10:07:27.230000
30059,704.00,2018-11-08_10:07:27.368000
30079,704.00,2018-11-08_10:07:27.478000
30099,743.00,2018-11-08_10:07:27.533000
30119,708.00,2018-11-08_10:07:27.592000
30139,678.00,2018-11-08_10:07:27.650000
30159,708.00,2018-11-08_10:07:27.708000
30179,708.00,2018-11-08_10:07:27.767000
30199,710.00,2018-11-08_10:07:27.844000
30219,706.00,2018-11-08_10:07:27.958000
30239,707.00,2018-11-08_10:07:28.071000
30259,708.00,2018-11-08_10:07:28.138000
30279,720.00,2018-11-08_10:07:28.224000
30299,709.00,2018-11-08_10:07:28.291000
30319,700.00,2018-11-08_10:07:28.357000
30339,701.00,2018-11-08_10:07:28.428000
30359,690.00,2018-11-08_10:07:28.496000
30379,715.00,2018-11-08_10:07:28.564000
30399,721.00,2018-11-08_10:07:28.620000
30419,720.00,2018-11-08_10:07:28.679000
30439,739.00,2018-11-08_10:07:28.731000
30459,720.00,2018-11-08_10:07:28.798000
30479,714.00,2018-11-08_10:07:28.865000
30499,712.00,2018-11-08_10:07:28.927000
30519,699.00,2018-11-08_10:07:28.996000
30539,714.00,2018-11-08_10:07:29.121000
30559,713.00,2018-11-08_10:07:29.191000
30579,720.00,2018-11-08_10:07:29.301000
30599,720.00,2018-11-08_10:07:29.395000
30619,715.00,2018-11-08_10:07:29.507000
30639,716.00,2018-11-08_10:07:29.600000
30659,718.00,2018-11-08_10:07:29.724000
30679,713.00,2018-11-08_10:07:29.809000
30699,754.00,2018-11-08_10:07:29.935000
30719,708.00,2018-11-08_10:07:30.077000
30739,704.00,2018-11-08_10:07:30.188000
30759,704.00,2018-11-08_10:07:30.291000
30779,704.00,2018-11-08_10:07:30.445000
30799,688.00,2018-11-08_10:07:30.584000
30819,718.00,2018-11-08_10:07:30.720000
30839,711.00,2018-11-08_10:07:30.834000
30859,713.00,2018-11-08_10:07:30.948000
30879,715.00,2018-11-08_10:07:31.076000
30899,714.00,2018-11-08_10:07:31.173000
30919,720.00,2018-11-08_10:07:31.272000
30939,718.00,2018-11-08_10:07:31.371000
30959,706.00,2018-11-08_10:07:31.473000
30979,704.00,2018-11-08_10:07:31.576000
30999,704.00,2018-11-08_10:07:31.674000
31019,707.00,2018-11-08_10:07:31.790000
31039,704.00,2018-11-08_10:07:31.899000
31059,697.00,2018-11-08_10:07:32.020000
31079,697.00,2018-11-08_10:07:32.177000
31099,690.00,2018-11-08_10:07:32.302000
31119,694.00,2018-11-08_10:07:32.416000
31139,697.00,2018-11-08_10:07:32.508000
31159,707.00,2018-11-08_10:07:32.606000
31179,716.00,2018-11-08_10:07:32.737000
31199,706.00,2018-11-08_10:07:32.866000
31219,710.00,2018-11-08_10:07:32.980000
31239,704.00,2018-11-08_10:07:33.077000
31259,705.00,2018-11-08_10:07:33.164000
31279,711.00,2018-11-08_10:07:33.266000
31299,704.00,2018-11-08_10:07:33.354000
31319,698.00,2018-11-08_10:07:33.476000
31339,704.00,2018-11-08_10:07:33.578000
31359,710.00,2018-11-08_10:07:33.668000
31379,720.00,2018-11-08_10:07:33.749000
31399,716.00,2018-11-08_10:07:33.853000
31419,716.00,2018-11-08_10:07:33.960000
31439,716.00,2018-11-08_10:07:34.084000
31459,710.00,2018-11-08_10:07:34.201000
31479,715.00,2018-11-08_10:07:34.332000
31499,720.00,2018-11-08_10:07:34.472000
31519,712.00,2018-11-08_10:07:34.582000
31539,706.00,2018-11-08_10:07:34.676000
31559,754.00,2018-11-08_10:07:34.772000
31579,707.00,2018-11-08_10:07:34.901000
31599,712.00,2018-11-08_10:07:35.030000
31619,709.00,2018-11-08_10:07:35.152000
31639,710.00,2018-11-08_10:07:35.250000
31659,710.00,2018-11-08_10:07:35.340000
31679,720.00,2018-11-08_10:07:35.454000
31699,726.00,2018-11-08_10:07:35.578000
31719,720.00,2018-11-08_10:07:35.675000
31739,710.00,2018-11-08_10:07:35.815000
31759,708.00,2018-11-08_10:07:35.935000
31779,707.00,2018-11-08_10:07:36.050000
31799,706.00,2018-11-08_10:07:36.151000
31819,706.00,2018-11-08_10:07:36.284000
31839,710.00,2018-11-08_10:07:36.411000
31859,720.00,2018-11-08_10:07:36.501000
31879,733.00,2018-11-08_10:07:36.590000
31899,737.00,2018-11-08_10:07:36.679000
31919,728.00,2018-11-08_10:07:36.763000
31939,720.00,2018-11-08_10:07:36.870000
31959,715.00,2018-11-08_10:07:36.972000
31979,720.00,2018-11-08_10:07:37.056000
31999,720.00,2018-11-08_10:07:37.187000
32019,715.00,2018-11-08_10:07:37.325000
32039,720.00,2018-11-08_10:07:37.458000
32059,720.00,2018-11-08_10:07:37.547000
32079,729.00,2018-11-08_10:07:37.647000
32099,737.00,2018-11-08_10:07:37.778000
32119,736.00,2018-11-08_10:07:37.886000
32139,732.00,2018-11-08_10:07:37.969000
32159,720.00,2018-11-08_10:07:38.068000
32179,720.00,2018-11-08_10:07:38.161000
32199,719.00,2018-11-08_10:07:38.288000
32219,720.00,2018-11-08_10:07:38.421000
32239,721.00,2018-11-08_10:07:38.549000
32259,723.00,2018-11-08_10:07:38.650000
32279,720.00,2018-11-08_10:07:38.785000
32299,736.00,2018-11-08_10:07:38.921000
32319,736.00,2018-11-08_10:07:39.031000
32339,737.00,2018-11-08_10:07:39.117000
32359,723.00,2018-11-08_10:07:39.209000
32379,720.00,2018-11-08_10:07:39.301000
32399,720.00,2018-11-08_10:07:39.392000
32419,719.00,2018-11-08_10:07:39.484000
32439,725.00,2018-11-08_10:07:39.572000
32459,720.00,2018-11-08_10:07:39.690000
32479,725.00,2018-11-08_10:07:39.765000
32499,692.00,2018-11-08_10:07:39.838000
32519,738.00,2018-11-08_10:07:39.971000
32539,732.00,2018-11-08_10:07:40.087000
32559,724.00,2018-11-08_10:07:40.158000
32579,720.00,2018-11-08_10:07:40.217000
32599,718.00,2018-11-08_10:07:40.267000
32619,729.00,2018-11-08_10:07:40.373000
32639,720.00,2018-11-08_10:07:40.504000
32659,746.00,2018-11-08_10:07:40.633000
32679,727.00,2018-11-08_10:07:40.739000
32699,726.00,2018-11-08_10:07:40.835000
32719,732.00,2018-11-08_10:07:40.918000
32739,720.00,2018-11-08_10:07:41.036000
32759,722.00,2018-11-08_10:07:41.117000
32779,736.00,2018-11-08_10:07:41.196000
32799,704.00,2018-11-08_10:07:41.284000
32819,708.00,2018-11-08_10:07:41.370000
32839,712.00,2018-11-08_10:07:41.478000
32859,716.00,2018-11-08_10:07:41.575000
32879,709.00,2018-11-08_10:07:41.717000
32899,715.00,2018-11-08_10:07:41.822000
32919,729.00,2018-11-08_10:07:41.884000
32939,730.00,2018-11-08_10:07:41.991000
32959,714.00,2018-11-08_10:07:42.125000
32979,711.00,2018-11-08_10:07:42.251000
32999,709.00,2018-11-08_10:07:42.369000
33019,710.00,2018-11-08_10:07:42.478000
33039,716.00,2018-11-08_10:07:42.571000
33059,719.00,2018-11-08_10:07:42.687000
33079,718.00,2018-11-08_10:07:42.811000
33099,713.00,2018-11-08_10:07:42.946000
33119,718.00,2018-11-08_10:07:43.068000
33139,718.00,2018-11-08_10:07:43.196000
33159,714.00,2018-11-08_10:07:43.324000
33179,707.00,2018-11-08_10:07:43.451000
33199,710.00,2018-11-08_10:07:43.543000
33219,712.00,2018-11-08_10:07:43.635000
33239,715.00,2018-11-08_10:07:43.731000
33259,717.00,2018-11-08_10:07:43.864000
33279,716.00,2018-11-08_10:07:43.989000
33299,715.00,2018-11-08_10:07:44.081000
33319,711.00,2018-11-08_10:07:44.181000
33339,720.00,2018-11-08_10:07:44.281000
33359,720.00,2018-11-08_10:07:44.401000
33379,717.00,2018-11-08_10:07:44.527000
33399,720.00,2018-11-08_10:07:44.630000
33419,724.00,2018-11-08_10:07:44.718000
33439,721.00,2018-11-08_10:07:44.849000
33459,720.00,2018-11-08_10:07:44.980000
33479,714.00,2018-11-08_10:07:45.109000
33499,712.00,2018-11-08_10:07:45.212000
33519,713.00,2018-11-08_10:07:45.311000
33539,710.00,2018-11-08_10:07:45.474000
33559,704.00,2018-11-08_10:07:45.559000
33579,705.00,2018-11-08_10:07:45.684000
33599,706.00,2018-11-08_10:07:45.783000
33619,709.00,2018-11-08_10:07:45.866000
33639,704.00,2018-11-08_10:07:45.951000
33659,708.00,2018-11-08_10:07:46.036000
33679,704.00,2018-11-08_10:07:46.110000
33699,688.00,2018-11-08_10:07:46.235000
33719,704.00,2018-11-08_10:07:46.371000
33739,702.00,2018-11-08_10:07:46.510000
33759,699.00,2018-11-08_10:07:46.642000
33779,704.00,2018-11-08_10:07:46.758000
33799,704.00,2018-11-08_10:07:46.866000
33819,698.00,2018-11-08_10:07:46.957000
33839,694.00,2018-11-08_10:07:47.026000
33859,693.00,2018-11-08_10:07:47.111000
33879,700.00,2018-11-08_10:07:47.196000
33899,686.00,2018-11-08_10:07:47.282000
33919,690.00,2018-11-08_10:07:47.387000
33939,688.00,2018-11-08_10:07:47.447000
33959,688.00,2018-11-08_10:07:47.496000
33979,688.00,2018-11-08_10:07:47.564000
33999,688.00,2018-11-08_10:07:47.630000
34019,688.00,2018-11-08_10:07:47.690000
34039,688.00,2018-11-08_10:07:47.753000
34059,690.00,2018-11-08_10:07:47.828000
34079,690.00,2018-11-08_10:07:47.952000
34099,689.00,2018-11-08_10:07:48.038000
34119,694.00,2018-11-08_10:07:48.155000
34139,688.00,2018-11-08_10:07:48.287000
34159,688.00,2018-11-08_10:07:48.413000
34179,688.00,2018-11-08_10:07:48.489000
34199,684.00,2018-11-08_10:07:48.567000
34219,685.00,2018-11-08_10:07:48.669000
34239,677.00,2018-11-08_10:07:48.752000
34259,669.00,2018-11-08_10:07:48.848000
34279,676.00,2018-11-08_10:07:48.943000
34299,682.00,2018-11-08_10:07:49.032000
34319,688.00,2018-11-08_10:07:49.087000
34339,709.00,2018-11-08_10:07:49.187000
34359,714.00,2018-11-08_10:07:49.281000
34379,717.00,2018-11-08_10:07:49.416000
34399,713.00,2018-11-08_10:07:49.553000
34419,712.00,2018-11-08_10:07:49.647000
34439,715.00,2018-11-08_10:07:49.731000
34459,711.00,2018-11-08_10:07:49.817000
34479,720.00,2018-11-08_10:07:49.899000
34499,716.00,2018-11-08_10:07:50.031000
34519,714.00,2018-11-08_10:07:50.135000
34539,713.00,2018-11-08_10:07:50.190000
34559,718.00,2018-11-08_10:07:50.307000
34579,713.00,2018-11-08_10:07:50.423000
34599,711.00,2018-11-08_10:07:50.554000
34619,704.00,2018-11-08_10:07:50.679000
34639,709.00,2018-11-08_10:07:50.770000
34659,669.00,2018-11-08_10:07:50.853000
34679,702.00,2018-11-08_10:07:50.943000
34699,710.00,2018-11-08_10:07:51.022000
34719,715.00,2018-11-08_10:07:51.103000
34739,711.00,2018-11-08_10:07:51.195000
34759,692.00,2018-11-08_10:07:51.310000
34779,694.00,2018-11-08_10:07:51.418000
34799,696.00,2018-11-08_10:07:51.507000
34819,694.00,2018-11-08_10:07:51.594000
34839,698.00,2018-11-08_10:07:51.676000
34859,690.00,2018-11-08_10:07:51.796000
34879,712.00,2018-11-08_10:07:51.892000
34899,716.00,2018-11-08_10:07:51.979000
34919,716.00,2018-11-08_10:07:52.071000
34939,714.00,2018-11-08_10:07:52.199000
34959,728.00,2018-11-08_10:07:52.333000
34979,709.00,2018-11-08_10:07:52.440000
34999,718.00,2018-11-08_10:07:52.507000
35019,717.00,2018-11-08_10:07:52.566000
35039,718.00,2018-11-08_10:07:52.691000
35059,717.00,2018-11-08_10:07:52.814000
35079,705.00,2018-11-08_10:07:52.936000
35099,720.00,2018-11-08_10:07:53.041000
35119,710.00,2018-11-08_10:07:53.152000
35139,709.00,2018-11-08_10:07:53.275000
35159,710.00,2018-11-08_10:07:53.407000
35179,706.00,2018-11-08_10:07:53.522000
35199,704.00,2018-11-08_10:07:53.608000
35219,704.00,2018-11-08_10:07:53.719000
35239,714.00,2018-11-08_10:07:53.835000
35259,736.00,2018-11-08_10:07:53.913000
35279,744.00,2018-11-08_10:07:54.012000
35299,748.00,2018-11-08_10:07:54.132000
35319,746.00,2018-11-08_10:07:54.241000
35339,742.00,2018-11-08_10:07:54.370000
35359,744.00,2018-11-08_10:07:54.504000
35379,741.00,2018-11-08_10:07:54.632000
35399,736.00,2018-11-08_10:07:54.774000
35419,717.00,2018-11-08_10:07:54.906000
35439,700.00,2018-11-08_10:07:55.040000
35459,712.00,2018-11-08_10:07:55.173000
35479,717.00,2018-11-08_10:07:55.322000
35499,726.00,2018-11-08_10:07:55.463000
35519,721.00,2018-11-08_10:07:55.587000
35539,720.00,2018-11-08_10:07:55.700000
35559,720.00,2018-11-08_10:07:55.835000
35579,704.00,2018-11-08_10:07:55.974000
35599,672.00,2018-11-08_10:07:56.114000
35619,672.00,2018-11-08_10:07:56.246000
35639,656.00,2018-11-08_10:07:56.360000
35659,676.00,2018-11-08_10:07:56.453000
35679,724.00,2018-11-08_10:07:56.537000
35699,724.00,2018-11-08_10:07:56.651000
35719,742.00,2018-11-08_10:07:56.795000
35739,724.00,2018-11-08_10:07:56.889000
35759,704.00,2018-11-08_10:07:56.988000
35779,720.00,2018-11-08_10:07:57.081000
35799,745.00,2018-11-08_10:07:57.194000
35819,747.00,2018-11-08_10:07:57.320000
35839,735.00,2018-11-08_10:07:57.419000
35859,754.00,2018-11-08_10:07:57.561000
35879,762.00,2018-11-08_10:07:57.650000
35899,773.00,2018-11-08_10:07:57.744000
35919,784.00,2018-11-08_10:07:57.878000
35939,788.00,2018-11-08_10:07:58.006000
35959,784.00,2018-11-08_10:07:58.131000
35979,809.00,2018-11-08_10:07:58.227000
35999,830.00,2018-11-08_10:07:58.321000
36019,851.00,2018-11-08_10:07:58.450000
36039,854.00,2018-11-08_10:07:58.551000
36059,876.00,2018-11-08_10:07:58.649000
36079,889.00,2018-11-08_10:07:58.761000
36099,898.00,2018-11-08_10:07:58.890000
36119,903.00,2018-11-08_10:07:59.019000
36139,914.00,2018-11-08_10:07:59.155000
36159,912.00,2018-11-08_10:07:59.269000
36179,928.00,2018-11-08_10:07:59.391000
36199,921.00,2018-11-08_10:07:59.520000
36219,922.00,2018-11-08_10:07:59.642000
36239,923.00,2018-11-08_10:07:59.719000
36259,928.00,2018-11-08_10:07:59.776000
36279,919.00,2018-11-08_10:07:59.875000
36299,932.00,2018-11-08_10:08:00.005000
36319,929.00,2018-11-08_10:08:00.134000
36339,932.00,2018-11-08_10:08:00.248000
36359,948.00,2018-11-08_10:08:00.344000
36379,933.00,2018-11-08_10:08:00.459000
36399,917.00,2018-11-08_10:08:00.546000
36419,916.00,2018-11-08_10:08:00.671000
36439,912.00,2018-11-08_10:08:00.807000
36459,912.00,2018-11-08_10:08:00.951000
36479,899.00,2018-11-08_10:08:01.078000
36499,904.00,2018-11-08_10:08:01.195000
36519,896.00,2018-11-08_10:08:01.246000
36539,886.00,2018-11-08_10:08:01.304000
36559,906.00,2018-11-08_10:08:01.393000
36579,896.00,2018-11-08_10:08:01.490000
36599,896.00,2018-11-08_10:08:01.567000
36619,897.00,2018-11-08_10:08:01.651000
36639,896.00,2018-11-08_10:08:01.737000
36659,917.00,2018-11-08_10:08:01.834000
36679,908.00,2018-11-08_10:08:01.924000
36699,926.00,2018-11-08_10:08:01.985000
36719,899.00,2018-11-08_10:08:02.062000
36739,914.00,2018-11-08_10:08:02.161000
36759,932.00,2018-11-08_10:08:02.267000
36779,940.00,2018-11-08_10:08:02.359000
36799,946.00,2018-11-08_10:08:02.469000
36819,937.00,2018-11-08_10:08:02.554000
36839,938.00,2018-11-08_10:08:02.656000
36859,933.00,2018-11-08_10:08:02.787000
36879,942.00,2018-11-08_10:08:02.911000
36899,944.00,2018-11-08_10:08:03.004000
36919,944.00,2018-11-08_10:08:03.102000
36939,946.00,2018-11-08_10:08:03.228000
36959,952.00,2018-11-08_10:08:03.329000
36979,958.00,2018-11-08_10:08:03.456000
36999,960.00,2018-11-08_10:08:03.542000
37019,965.00,2018-11-08_10:08:03.628000
37039,962.00,2018-11-08_10:08:03.738000
37059,960.00,2018-11-08_10:08:03.845000
37079,949.00,2018-11-08_10:08:03.954000
37099,950.00,2018-11-08_10:08:04.119000
37119,966.00,2018-11-08_10:08:04.288000
37139,963.00,2018-11-08_10:08:04.407000
37159,960.00,2018-11-08_10:08:04.554000
37179,960.00,2018-11-08_10:08:04.728000
37199,960.00,2018-11-08_10:08:04.902000
37219,957.00,2018-11-08_10:08:05.028000
37239,956.00,2018-11-08_10:08:05.156000
37259,953.00,2018-11-08_10:08:05.251000
37279,950.00,2018-11-08_10:08:05.340000
37299,944.00,2018-11-08_10:08:05.474000
37319,950.00,2018-11-08_10:08:05.595000
37339,946.00,2018-11-08_10:08:05.679000
37359,944.00,2018-11-08_10:08:05.774000
37379,944.00,2018-11-08_10:08:05.886000
37399,944.00,2018-11-08_10:08:06.019000
37419,937.00,2018-11-08_10:08:06.147000
37439,939.00,2018-11-08_10:08:06.237000
37459,937.00,2018-11-08_10:08:06.326000
37479,936.00,2018-11-08_10:08:06.413000
37499,936.00,2018-11-08_10:08:06.502000
37519,934.00,2018-11-08_10:08:06.583000
37539,940.00,2018-11-08_10:08:06.666000
37559,953.00,2018-11-08_10:08:06.752000
37579,960.00,2018-11-08_10:08:06.872000
37599,965.00,2018-11-08_10:08:06.964000
37619,972.00,2018-11-08_10:08:07.095000
37639,974.00,2018-11-08_10:08:07.208000
37659,990.00,2018-11-08_10:08:07.314000
37679,998.00,2018-11-08_10:08:07.412000
37699,1006.00,2018-11-08_10:08:07.507000
37719,1016.00,2018-11-08_10:08:07.630000
37739,1012.00,2018-11-08_10:08:07.723000
37759,1045.00,2018-11-08_10:08:07.842000
37779,1036.00,2018-11-08_10:08:07.978000
37799,1038.00,2018-11-08_10:08:08.072000
37819,1030.00,2018-11-08_10:08:08.211000
37839,1014.00,2018-11-08_10:08:08.343000
37859,1001.00,2018-11-08_10:08:08.473000
37879,982.00,2018-11-08_10:08:08.607000
37899,976.00,2018-11-08_10:08:08.721000
37919,948.00,2018-11-08_10:08:08.808000
37939,934.00,2018-11-08_10:08:08.895000
37959,912.00,2018-11-08_10:08:09.002000
37979,891.00,2018-11-08_10:08:09.092000
37999,833.00,2018-11-08_10:08:09.208000
38019,834.00,2018-11-08_10:08:09.326000
38039,828.00,2018-11-08_10:08:09.449000
38059,801.00,2018-11-08_10:08:09.504000
38079,769.00,2018-11-08_10:08:09.565000
38099,706.00,2018-11-08_10:08:09.664000
38119,712.00,2018-11-08_10:08:09.762000
38139,709.00,2018-11-08_10:08:09.855000
38159,748.00,2018-11-08_10:08:09.950000
38179,816.00,2018-11-08_10:08:10.028000
38199,829.00,2018-11-08_10:08:10.103000
38219,813.00,2018-11-08_10:08:10.175000
38239,803.00,2018-11-08_10:08:10.306000
38259,779.00,2018-11-08_10:08:10.433000
38279,731.00,2018-11-08_10:08:10.571000
38299,784.00,2018-11-08_10:08:10.666000
38319,824.00,2018-11-08_10:08:10.798000
38339,722.00,2018-11-08_10:08:10.912000
38359,706.00,2018-11-08_10:08:11.001000
38379,704.00,2018-11-08_10:08:11.093000
38399,705.00,2018-11-08_10:08:11.173000
38419,706.00,2018-11-08_10:08:11.312000
38439,704.00,2018-11-08_10:08:11.449000
38459,733.00,2018-11-08_10:08:11.552000
38479,786.00,2018-11-08_10:08:11.641000
38499,790.00,2018-11-08_10:08:11.729000
38519,771.00,2018-11-08_10:08:11.821000
38539,778.00,2018-11-08_10:08:11.906000
38559,776.00,2018-11-08_10:08:11.979000
38579,760.00,2018-11-08_10:08:12.115000
38599,729.00,2018-11-08_10:08:12.212000
38619,740.00,2018-11-08_10:08:12.421000
38639,738.00,2018-11-08_10:08:12.548000
38659,754.00,2018-11-08_10:08:12.635000
38679,713.00,2018-11-08_10:08:12.694000
38699,675.00,2018-11-08_10:08:12.755000
38719,666.00,2018-11-08_10:08:12.818000
38739,672.00,2018-11-08_10:08:12.883000
38759,717.00,2018-11-08_10:08:12.940000
38779,736.00,2018-11-08_10:08:13.004000
38799,781.00,2018-11-08_10:08:13.145000
38819,790.00,2018-11-08_10:08:13.254000
38839,816.00,2018-11-08_10:08:13.371000
38859,816.00,2018-11-08_10:08:13.462000
38879,832.00,2018-11-08_10:08:13.557000
38899,814.00,2018-11-08_10:08:13.647000
38919,814.00,2018-11-08_10:08:13.735000
38939,786.00,2018-11-08_10:08:13.869000
38959,752.00,2018-11-08_10:08:13.990000
38979,786.00,2018-11-08_10:08:14.106000
38999,790.00,2018-11-08_10:08:14.203000
39019,803.00,2018-11-08_10:08:14.344000
39039,817.00,2018-11-08_10:08:14.472000
39059,795.00,2018-11-08_10:08:14.591000
39079,763.00,2018-11-08_10:08:14.695000
39099,675.00,2018-11-08_10:08:14.835000
39119,651.00,2018-11-08_10:08:14.944000
39139,658.00,2018-11-08_10:08:15.041000
39159,692.00,2018-11-08_10:08:15.160000
39179,782.00,2018-11-08_10:08:15.244000
39199,796.00,2018-11-08_10:08:15.331000
39219,785.00,2018-11-08_10:08:15.427000
39239,784.00,2018-11-08_10:08:15.477000
39259,782.00,2018-11-08_10:08:15.529000
39279,784.00,2018-11-08_10:08:15.615000
39299,772.00,2018-11-08_10:08:15.696000
39319,769.00,2018-11-08_10:08:15.762000
39339,783.00,2018-11-08_10:08:15.825000
39359,770.00,2018-11-08_10:08:15.915000
39379,771.00,2018-11-08_10:08:15.996000
39399,765.00,2018-11-08_10:08:16.058000
39419,747.00,2018-11-08_10:08:16.146000
39439,736.00,2018-11-08_10:08:16.237000
39459,720.00,2018-11-08_10:08:16.382000
39479,700.00,2018-11-08_10:08:16.522000
39499,736.00,2018-11-08_10:08:16.618000
39519,772.00,2018-11-08_10:08:16.706000
39539,772.00,2018-11-08_10:08:16.787000
39559,750.00,2018-11-08_10:08:16.871000
39579,752.00,2018-11-08_10:08:16.955000
39599,751.00,2018-11-08_10:08:17.034000
39619,749.00,2018-11-08_10:08:17.124000
39639,785.00,2018-11-08_10:08:17.225000
39659,786.00,2018-11-08_10:08:17.363000
39679,784.00,2018-11-08_10:08:17.501000
39699,787.00,2018-11-08_10:08:17.624000
39719,762.00,2018-11-08_10:08:17.711000
39739,725.00,2018-11-08_10:08:17.821000
39759,784.00,2018-11-08_10:08:17.935000
39779,784.00,2018-11-08_10:08:18.073000
39799,775.00,2018-11-08_10:08:18.179000
39819,754.00,2018-11-08_10:08:18.265000
39839,654.00,2018-11-08_10:08:18.349000
39859,733.00,2018-11-08_10:08:18.463000
39879,774.00,2018-11-08_10:08:18.582000
39899,746.00,2018-11-08_10:08:18.698000
39919,672.00,2018-11-08_10:08:18.795000
39939,592.00,2018-11-08_10:08:18.914000
39959,585.00,2018-11-08_10:08:19.013000
39979,608.00,2018-11-08_10:08:19.150000
39999,688.00,2018-11-08_10:08:19.229000
40019,635.00,2018-11-08_10:08:19.301000
40039,710.00,2018-11-08_10:08:19.371000
40059,624.00,2018-11-08_10:08:19.526000
40079,614.00,2018-11-08_10:08:19.616000
40099,662.00,2018-11-08_10:08:19.702000
40119,730.00,2018-11-08_10:08:19.769000
40139,674.00,2018-11-08_10:08:19.824000
40159,720.00,2018-11-08_10:08:19.895000
40179,775.00,2018-11-08_10:08:19.967000
40199,770.00,2018-11-08_10:08:20.105000
40219,774.00,2018-11-08_10:08:20.238000
40239,774.00,2018-11-08_10:08:20.395000
40259,720.00,2018-11-08_10:08:20.534000
40279,688.00,2018-11-08_10:08:20.672000
40299,665.00,2018-11-08_10:08:20.807000
40319,665.00,2018-11-08_10:08:20.928000
40339,676.00,2018-11-08_10:08:21.025000
40359,736.00,2018-11-08_10:08:21.159000
40379,726.00,2018-11-08_10:08:21.298000
40399,768.00,2018-11-08_10:08:21.407000
40419,758.00,2018-11-08_10:08:21.519000
40439,716.00,2018-11-08_10:08:21.636000
40459,707.00,2018-11-08_10:08:21.761000
40479,753.00,2018-11-08_10:08:21.894000
40499,752.00,2018-11-08_10:08:22.005000
40519,752.00,2018-11-08_10:08:22.125000
40539,720.00,2018-11-08_10:08:22.257000
40559,652.00,2018-11-08_10:08:22.395000
40579,614.00,2018-11-08_10:08:22.516000
40599,674.00,2018-11-08_10:08:22.626000
40619,733.00,2018-11-08_10:08:22.759000
40639,808.00,2018-11-08_10:08:22.890000
40659,800.00,2018-11-08_10:08:23.004000
40679,816.00,2018-11-08_10:08:23.137000
40699,816.00,2018-11-08_10:08:23.238000
40719,816.00,2018-11-08_10:08:23.356000
40739,800.00,2018-11-08_10:08:23.502000
40759,826.00,2018-11-08_10:08:23.629000
40779,833.00,2018-11-08_10:08:23.719000
40799,834.00,2018-11-08_10:08:23.787000
40819,841.00,2018-11-08_10:08:23.865000
40839,848.00,2018-11-08_10:08:23.974000
40859,862.00,2018-11-08_10:08:24.102000
40879,900.00,2018-11-08_10:08:24.205000
40899,912.00,2018-11-08_10:08:24.304000
40919,848.00,2018-11-08_10:08:24.399000
40939,886.00,2018-11-08_10:08:24.491000
40959,880.00,2018-11-08_10:08:24.623000
40979,881.00,2018-11-08_10:08:24.745000
40999,904.00,2018-11-08_10:08:24.866000
41019,896.00,2018-11-08_10:08:25.021000
41039,889.00,2018-11-08_10:08:25.114000
41059,901.00,2018-11-08_10:08:25.206000
41079,892.00,2018-11-08_10:08:25.294000
41099,896.00,2018-11-08_10:08:25.407000
41119,896.00,2018-11-08_10:08:25.500000
41139,896.00,2018-11-08_10:08:25.588000
41159,896.00,2018-11-08_10:08:25.671000
41179,894.00,2018-11-08_10:08:25.788000
41199,890.00,2018-11-08_10:08:25.910000
41219,896.00,2018-11-08_10:08:26.017000
41239,896.00,2018-11-08_10:08:26.107000
41259,898.00,2018-11-08_10:08:26.195000
41279,897.00,2018-11-08_10:08:26.285000
41299,912.00,2018-11-08_10:08:26.391000
41319,924.00,2018-11-08_10:08:26.618000
41339,932.00,2018-11-08_10:08:26.793000
41359,934.00,2018-11-08_10:08:26.906000
41379,925.00,2018-11-08_10:08:26.993000
41399,919.00,2018-11-08_10:08:27.048000
41419,912.00,2018-11-08_10:08:27.137000
41439,912.00,2018-11-08_10:08:27.242000
41459,913.00,2018-11-08_10:08:27.343000
41479,931.00,2018-11-08_10:08:27.430000
41499,912.00,2018-11-08_10:08:27.494000
41519,912.00,2018-11-08_10:08:27.566000
41539,912.00,2018-11-08_10:08:27.642000
41559,914.00,2018-11-08_10:08:27.710000
41579,920.00,2018-11-08_10:08:27.785000
41599,912.00,2018-11-08_10:08:27.861000
41619,916.00,2018-11-08_10:08:27.971000
41639,913.00,2018-11-08_10:08:28.076000
41659,919.00,2018-11-08_10:08:28.177000
41679,921.00,2018-11-08_10:08:28.308000
41699,924.00,2018-11-08_10:08:28.430000
41719,931.00,2018-11-08_10:08:28.556000
41739,938.00,2018-11-08_10:08:28.681000
41759,954.00,2018-11-08_10:08:28.760000
41779,960.00,2018-11-08_10:08:28.863000
41799,968.00,2018-11-08_10:08:28.962000
41819,987.00,2018-11-08_10:08:29.045000
41839,993.00,2018-11-08_10:08:29.103000
41859,1011.00,2018-11-08_10:08:29.173000
41879,958.00,2018-11-08_10:08:29.244000
41899,963.00,2018-11-08_10:08:29.380000
41919,958.00,2018-11-08_10:08:29.519000
41939,954.00,2018-11-08_10:08:29.662000
41959,953.00,2018-11-08_10:08:29.797000
41979,946.00,2018-11-08_10:08:29.924000
41999,944.00,2018-11-08_10:08:30.062000
42019,941.00,2018-11-08_10:08:30.171000
42039,941.00,2018-11-08_10:08:30.251000
42059,937.00,2018-11-08_10:08:30.356000
42079,940.00,2018-11-08_10:08:30.491000
42099,933.00,2018-11-08_10:08:30.606000
42119,930.00,2018-11-08_10:08:30.705000
42139,930.00,2018-11-08_10:08:30.816000
42159,928.00,2018-11-08_10:08:30.942000
42179,928.00,2018-11-08_10:08:31.023000
42199,925.00,2018-11-08_10:08:31.095000
42219,928.00,2018-11-08_10:08:31.170000
42239,928.00,2018-11-08_10:08:31.276000
42259,937.00,2018-11-08_10:08:31.400000
42279,948.00,2018-11-08_10:08:31.506000
42299,954.00,2018-11-08_10:08:31.601000
42319,948.00,2018-11-08_10:08:31.708000
42339,944.00,2018-11-08_10:08:31.826000
42359,944.00,2018-11-08_10:08:31.923000
42379,940.00,2018-11-08_10:08:32.001000
42399,946.00,2018-11-08_10:08:32.090000
42419,951.00,2018-11-08_10:08:32.232000
42439,947.00,2018-11-08_10:08:32.372000
42459,942.00,2018-11-08_10:08:32.488000
42479,929.00,2018-11-08_10:08:32.625000
42499,928.00,2018-11-08_10:08:32.762000
42519,919.00,2018-11-08_10:08:32.863000
42539,904.00,2018-11-08_10:08:32.994000
42559,892.00,2018-11-08_10:08:33.110000
42579,874.00,2018-11-08_10:08:33.217000
42599,867.00,2018-11-08_10:08:33.356000
42619,873.00,2018-11-08_10:08:33.481000
42639,848.00,2018-11-08_10:08:33.581000
42659,849.00,2018-11-08_10:08:33.647000
42679,848.00,2018-11-08_10:08:33.772000
42699,848.00,2018-11-08_10:08:33.874000
42719,848.00,2018-11-08_10:08:34.035000
42739,845.00,2018-11-08_10:08:34.124000
42759,842.00,2018-11-08_10:08:34.237000
42779,843.00,2018-11-08_10:08:34.341000
42799,837.00,2018-11-08_10:08:34.439000
42819,836.00,2018-11-08_10:08:34.524000
42839,832.00,2018-11-08_10:08:34.640000
42859,840.00,2018-11-08_10:08:34.734000
42879,848.00,2018-11-08_10:08:34.921000
42899,852.00,2018-11-08_10:08:35.107000
42919,823.00,2018-11-08_10:08:35.202000
42939,816.00,2018-11-08_10:08:35.338000
42959,826.00,2018-11-08_10:08:35.420000
42979,829.00,2018-11-08_10:08:35.504000
42999,832.00,2018-11-08_10:08:35.589000
43019,818.00,2018-11-08_10:08:35.671000
43039,814.00,2018-11-08_10:08:35.805000
43059,825.00,2018-11-08_10:08:35.919000
43079,825.00,2018-11-08_10:08:36.048000
43099,822.00,2018-11-08_10:08:36.185000
43119,818.00,2018-11-08_10:08:36.313000
43139,814.00,2018-11-08_10:08:36.439000
43159,800.00,2018-11-08_10:08:36.543000
43179,792.00,2018-11-08_10:08:36.670000
43199,784.00,2018-11-08_10:08:36.737000
43219,784.00,2018-11-08_10:08:36.800000
43239,779.00,2018-11-08_10:08:36.911000
43259,775.00,2018-11-08_10:08:37.050000
43279,771.00,2018-11-08_10:08:37.181000
43299,773.00,2018-11-08_10:08:37.311000
43319,774.00,2018-11-08_10:08:37.438000
43339,784.00,2018-11-08_10:08:37.564000
43359,781.00,2018-11-08_10:08:37.650000
43379,770.00,2018-11-08_10:08:37.748000
43399,781.00,2018-11-08_10:08:37.815000
43419,780.00,2018-11-08_10:08:37.866000
43439,793.00,2018-11-08_10:08:37.928000
43459,816.00,2018-11-08_10:08:37.994000
43479,805.00,2018-11-08_10:08:38.066000
43499,798.00,2018-11-08_10:08:38.141000
43519,790.00,2018-11-08_10:08:38.209000
43539,789.00,2018-11-08_10:08:38.315000
43559,778.00,2018-11-08_10:08:38.424000
43579,778.00,2018-11-08_10:08:38.555000
43599,768.00,2018-11-08_10:08:38.683000
43619,768.00,2018-11-08_10:08:38.797000
43639,768.00,2018-11-08_10:08:38.909000
43659,782.00,2018-11-08_10:08:39.029000
43679,781.00,2018-11-08_10:08:39.164000
43699,786.00,2018-11-08_10:08:39.281000
43719,820.00,2018-11-08_10:08:39.382000
43739,833.00,2018-11-08_10:08:39.501000
43759,838.00,2018-11-08_10:08:39.595000
43779,840.00,2018-11-08_10:08:39.730000
43799,784.00,2018-11-08_10:08:39.859000
43819,778.00,2018-11-08_10:08:39.960000
43839,774.00,2018-11-08_10:08:40.025000
43859,768.00,2018-11-08_10:08:40.106000
43879,768.00,2018-11-08_10:08:40.179000
43899,768.00,2018-11-08_10:08:40.248000
43919,768.00,2018-11-08_10:08:40.322000
43939,768.00,2018-11-08_10:08:40.495000
43959,768.00,2018-11-08_10:08:40.589000
43979,780.00,2018-11-08_10:08:40.693000
43999,773.00,2018-11-08_10:08:40.829000
44019,768.00,2018-11-08_10:08:40.964000
44039,762.00,2018-11-08_10:08:41.094000
44059,761.00,2018-11-08_10:08:41.167000
44079,762.00,2018-11-08_10:08:41.215000
44099,768.00,2018-11-08_10:08:41.285000
44119,770.00,2018-11-08_10:08:41.377000
44139,797.00,2018-11-08_10:08:41.478000
44159,784.00,2018-11-08_10:08:41.537000
44179,774.00,2018-11-08_10:08:41.644000
44199,784.00,2018-11-08_10:08:41.769000
44219,763.00,2018-11-08_10:08:41.850000
44239,764.00,2018-11-08_10:08:41.933000
44259,758.00,2018-11-08_10:08:42.004000
44279,757.00,2018-11-08_10:08:42.096000
44299,756.00,2018-11-08_10:08:42.220000
44319,754.00,2018-11-08_10:08:42.317000
44339,753.00,2018-11-08_10:08:42.425000
44359,752.00,2018-11-08_10:08:42.507000
44379,746.00,2018-11-08_10:08:42.642000
44399,753.00,2018-11-08_10:08:42.760000
44419,752.00,2018-11-08_10:08:42.841000
44439,753.00,2018-11-08_10:08:42.911000
44459,752.00,2018-11-08_10:08:42.987000
44479,752.00,2018-11-08_10:08:43.120000
44499,752.00,2018-11-08_10:08:43.263000
44519,752.00,2018-11-08_10:08:43.368000
44539,752.00,2018-11-08_10:08:43.483000
44559,752.00,2018-11-08_10:08:43.580000
44579,750.00,2018-11-08_10:08:43.720000
44599,748.00,2018-11-08_10:08:43.862000
44619,749.00,2018-11-08_10:08:43.935000
44639,736.00,2018-11-08_10:08:44.084000
44659,746.00,2018-11-08_10:08:44.218000
44679,749.00,2018-11-08_10:08:44.350000
44699,747.00,2018-11-08_10:08:44.440000
44719,746.00,2018-11-08_10:08:44.585000
44739,746.00,2018-11-08_10:08:44.716000
44759,749.00,2018-11-08_10:08:44.834000
44779,744.00,2018-11-08_10:08:44.938000
44799,745.00,2018-11-08_10:08:45.038000
44819,738.00,2018-11-08_10:08:45.186000
44839,741.00,2018-11-08_10:08:45.301000
44859,741.00,2018-11-08_10:08:45.409000
44879,740.00,2018-11-08_10:08:45.521000
44899,740.00,2018-11-08_10:08:45.637000
44919,738.00,2018-11-08_10:08:45.713000
44939,737.00,2018-11-08_10:08:45.793000
44959,738.00,2018-11-08_10:08:45.918000
44979,737.00,2018-11-08_10:08:46.025000
44999,746.00,2018-11-08_10:08:46.127000
45019,738.00,2018-11-08_10:08:46.218000
45039,737.00,2018-11-08_10:08:46.315000
45059,736.00,2018-11-08_10:08:46.408000
45079,737.00,2018-11-08_10:08:46.530000
45099,738.00,2018-11-08_10:08:46.623000
45119,736.00,2018-11-08_10:08:46.730000
45139,736.00,2018-11-08_10:08:46.838000
45159,737.00,2018-11-08_10:08:46.959000
45179,736.00,2018-11-08_10:08:47.073000
45199,736.00,2018-11-08_10:08:47.165000
45219,736.00,2018-11-08_10:08:47.276000
45239,736.00,2018-11-08_10:08:47.415000
45259,736.00,2018-11-08_10:08:47.524000
45279,739.00,2018-11-08_10:08:47.619000
45299,737.00,2018-11-08_10:08:47.723000
45319,736.00,2018-11-08_10:08:47.808000
45339,736.00,2018-11-08_10:08:47.893000
45359,750.00,2018-11-08_10:08:48.014000
45379,747.00,2018-11-08_10:08:48.150000
45399,736.00,2018-11-08_10:08:48.238000
45419,740.00,2018-11-08_10:08:48.333000
45439,731.00,2018-11-08_10:08:48.383000
45459,732.00,2018-11-08_10:08:48.435000
45479,736.00,2018-11-08_10:08:48.487000
45499,736.00,2018-11-08_10:08:48.551000
45519,742.00,2018-11-08_10:08:48.617000
45539,733.00,2018-11-08_10:08:48.734000
45559,736.00,2018-11-08_10:08:48.844000
45579,733.00,2018-11-08_10:08:48.991000
45599,738.00,2018-11-08_10:08:49.130000
45619,736.00,2018-11-08_10:08:49.267000
45639,736.00,2018-11-08_10:08:49.407000
45659,734.00,2018-11-08_10:08:49.529000
45679,733.00,2018-11-08_10:08:49.649000
45699,732.00,2018-11-08_10:08:49.771000
45719,736.00,2018-11-08_10:08:49.868000
45739,732.00,2018-11-08_10:08:50.001000
45759,736.00,2018-11-08_10:08:50.117000
45779,733.00,2018-11-08_10:08:50.220000
45799,731.00,2018-11-08_10:08:50.327000
45819,736.00,2018-11-08_10:08:50.437000
45839,731.00,2018-11-08_10:08:50.554000
45859,733.00,2018-11-08_10:08:50.676000
45879,737.00,2018-11-08_10:08:50.798000
45899,734.00,2018-11-08_10:08:50.871000
45919,736.00,2018-11-08_10:08:50.918000
45939,732.00,2018-11-08_10:08:50.992000
45959,732.00,2018-11-08_10:08:51.057000
45979,736.00,2018-11-08_10:08:51.110000
45999,746.00,2018-11-08_10:08:51.227000
46019,760.00,2018-11-08_10:08:51.356000
46039,763.00,2018-11-08_10:08:51.454000
46059,755.00,2018-11-08_10:08:51.549000
46079,757.00,2018-11-08_10:08:51.650000
46099,752.00,2018-11-08_10:08:51.758000
46119,752.00,2018-11-08_10:08:51.881000
46139,752.00,2018-11-08_10:08:52.007000
46159,749.00,2018-11-08_10:08:52.146000
46179,731.00,2018-11-08_10:08:52.282000
46199,742.00,2018-11-08_10:08:52.422000
46219,726.00,2018-11-08_10:08:52.535000
46239,745.00,2018-11-08_10:08:52.627000
46259,747.00,2018-11-08_10:08:52.703000
46279,746.00,2018-11-08_10:08:52.821000
46299,745.00,2018-11-08_10:08:52.910000
46319,744.00,2018-11-08_10:08:53.040000
46339,752.00,2018-11-08_10:08:53.184000
46359,743.00,2018-11-08_10:08:53.297000
46379,742.00,2018-11-08_10:08:53.402000
46399,739.00,2018-11-08_10:08:53.525000
46419,740.00,2018-11-08_10:08:53.621000
46439,738.00,2018-11-08_10:08:53.707000
46459,738.00,2018-11-08_10:08:53.820000
46479,739.00,2018-11-08_10:08:53.948000
46499,747.00,2018-11-08_10:08:54.040000
46519,752.00,2018-11-08_10:08:54.177000
46539,754.00,2018-11-08_10:08:54.279000
46559,753.00,2018-11-08_10:08:54.375000
46579,775.00,2018-11-08_10:08:54.466000
46599,802.00,2018-11-08_10:08:54.559000
46619,809.00,2018-11-08_10:08:54.680000
46639,814.00,2018-11-08_10:08:54.796000
46659,816.00,2018-11-08_10:08:54.922000
46679,801.00,2018-11-08_10:08:55.075000
46699,807.00,2018-11-08_10:08:55.220000
46719,800.00,2018-11-08_10:08:55.347000
46739,773.00,2018-11-08_10:08:55.450000
46759,738.00,2018-11-08_10:08:55.607000
46779,662.00,2018-11-08_10:08:55.753000
46799,694.00,2018-11-08_10:08:55.861000
46819,700.00,2018-11-08_10:08:55.950000
46839,730.00,2018-11-08_10:08:56.081000
46859,738.00,2018-11-08_10:08:56.200000
46879,736.00,2018-11-08_10:08:56.286000
46899,758.00,2018-11-08_10:08:56.359000
46919,752.00,2018-11-08_10:08:56.448000
46939,750.00,2018-11-08_10:08:56.536000
46959,752.00,2018-11-08_10:08:56.679000
46979,740.00,2018-11-08_10:08:56.827000
46999,732.00,2018-11-08_10:08:56.948000
47019,730.00,2018-11-08_10:08:57.082000
47039,689.00,2018-11-08_10:08:57.191000
47059,698.00,2018-11-08_10:08:57.301000
47079,676.00,2018-11-08_10:08:57.431000
47099,759.00,2018-11-08_10:08:57.550000
47119,718.00,2018-11-08_10:08:57.640000
47139,676.00,2018-11-08_10:08:57.749000
47159,714.00,2018-11-08_10:08:57.887000
47179,724.00,2018-11-08_10:08:58.026000
47199,701.00,2018-11-08_10:08:58.164000
47219,700.00,2018-11-08_10:08:58.287000
47239,705.00,2018-11-08_10:08:58.383000
47259,690.00,2018-11-08_10:08:58.455000
47279,665.00,2018-11-08_10:08:58.505000
47299,675.00,2018-11-08_10:08:58.560000
47319,704.00,2018-11-08_10:08:58.650000
47339,698.00,2018-11-08_10:08:58.749000
47359,657.00,2018-11-08_10:08:58.830000
47379,672.00,2018-11-08_10:08:58.933000
47399,692.00,2018-11-08_10:08:59.065000
47419,691.00,2018-11-08_10:08:59.163000
47439,729.00,2018-11-08_10:08:59.305000
47459,668.00,2018-11-08_10:08:59.435000
47479,634.00,2018-11-08_10:08:59.484000
47499,640.00,2018-11-08_10:08:59.537000
47519,653.00,2018-11-08_10:08:59.616000
47539,600.00,2018-11-08_10:08:59.731000
47559,624.00,2018-11-08_10:08:59.807000
47579,657.00,2018-11-08_10:08:59.902000
47599,666.00,2018-11-08_10:09:00.030000
47619,752.00,2018-11-08_10:09:00.159000
47639,826.00,2018-11-08_10:09:00.283000
47659,873.00,2018-11-08_10:09:00.401000
47679,827.00,2018-11-08_10:09:00.487000
47699,800.00,2018-11-08_10:09:00.599000
47719,812.00,2018-11-08_10:09:00.688000
47739,790.00,2018-11-08_10:09:00.774000
47759,771.00,2018-11-08_10:09:00.871000
47779,768.00,2018-11-08_10:09:00.956000
47799,758.00,2018-11-08_10:09:01.086000
47819,754.00,2018-11-08_10:09:01.214000
47839,752.00,2018-11-08_10:09:01.350000
47859,754.00,2018-11-08_10:09:01.461000
47879,744.00,2018-11-08_10:09:01.568000
47899,752.00,2018-11-08_10:09:01.638000
47919,754.00,2018-11-08_10:09:01.770000
47939,746.00,2018-11-08_10:09:01.901000
47959,752.00,2018-11-08_10:09:02.017000
47979,731.00,2018-11-08_10:09:02.109000
47999,737.00,2018-11-08_10:09:02.237000
48019,740.00,2018-11-08_10:09:02.373000
48039,736.00,2018-11-08_10:09:02.499000
48059,736.00,2018-11-08_10:09:02.659000
48079,733.00,2018-11-08_10:09:02.810000
48099,732.00,2018-11-08_10:09:02.878000
48119,730.00,2018-11-08_10:09:03.021000
48139,727.00,2018-11-08_10:09:03.122000
48159,726.00,2018-11-08_10:09:03.226000
48179,722.00,2018-11-08_10:09:03.345000
48199,720.00,2018-11-08_10:09:03.477000
48219,723.00,2018-11-08_10:09:03.596000
48239,736.00,2018-11-08_10:09:03.678000
48259,724.00,2018-11-08_10:09:03.737000
48279,717.00,2018-11-08_10:09:03.817000
48299,732.00,2018-11-08_10:09:03.931000
48319,725.00,2018-11-08_10:09:04.038000
48339,723.00,2018-11-08_10:09:04.171000
48359,728.00,2018-11-08_10:09:04.277000
48379,722.00,2018-11-08_10:09:04.397000
48399,721.00,2018-11-08_10:09:04.493000
48419,724.00,2018-11-08_10:09:04.588000
48439,720.00,2018-11-08_10:09:04.723000
48459,720.00,2018-11-08_10:09:04.877000
48479,720.00,2018-11-08_10:09:05.015000
48499,720.00,2018-11-08_10:09:05.151000
48519,720.00,2018-11-08_10:09:05.235000
48539,720.00,2018-11-08_10:09:05.302000
48559,720.00,2018-11-08_10:09:05.375000
48579,718.00,2018-11-08_10:09:05.465000
48599,720.00,2018-11-08_10:09:05.567000
48619,720.00,2018-11-08_10:09:05.684000
48639,721.00,2018-11-08_10:09:05.787000
48659,718.00,2018-11-08_10:09:05.877000
48679,720.00,2018-11-08_10:09:05.966000
48699,718.00,2018-11-08_10:09:06.052000
48719,720.00,2018-11-08_10:09:06.139000
48739,716.00,2018-11-08_10:09:06.221000
48759,720.00,2018-11-08_10:09:06.273000
48779,712.00,2018-11-08_10:09:06.325000
48799,722.00,2018-11-08_10:09:06.393000
48819,718.00,2018-11-08_10:09:06.449000
48839,716.00,2018-11-08_10:09:06.519000
48859,715.00,2018-11-08_10:09:06.633000
48879,718.00,2018-11-08_10:09:06.761000
48899,716.00,2018-11-08_10:09:06.869000
48919,718.00,2018-11-08_10:09:06.943000
48939,718.00,2018-11-08_10:09:07.013000
48959,718.00,2018-11-08_10:09:07.113000
48979,718.00,2018-11-08_10:09:07.250000
48999,720.00,2018-11-08_10:09:07.350000
49019,720.00,2018-11-08_10:09:07.457000
49039,716.00,2018-11-08_10:09:07.603000
49059,714.00,2018-11-08_10:09:07.733000
49079,706.00,2018-11-08_10:09:07.848000
49099,712.00,2018-11-08_10:09:07.944000
49119,720.00,2018-11-08_10:09:08.006000
49139,722.00,2018-11-08_10:09:08.079000
49159,726.00,2018-11-08_10:09:08.197000
49179,650.00,2018-11-08_10:09:08.326000
49199,688.00,2018-11-08_10:09:08.456000
49219,709.00,2018-11-08_10:09:08.590000
49239,704.00,2018-11-08_10:09:08.723000
49259,710.00,2018-11-08_10:09:08.857000
49279,732.00,2018-11-08_10:09:08.989000
49299,746.00,2018-11-08_10:09:09.103000
49319,732.00,2018-11-08_10:09:09.197000
49339,725.00,2018-11-08_10:09:09.287000
49359,730.00,2018-11-08_10:09:09.378000
49379,729.00,2018-11-08_10:09:09.476000
49399,733.00,2018-11-08_10:09:09.611000
49419,725.00,2018-11-08_10:09:09.719000
49439,726.00,2018-11-08_10:09:09.834000
49459,728.00,2018-11-08_10:09:09.950000
49479,736.00,2018-11-08_10:09:10.076000
49499,745.00,2018-11-08_10:09:10.198000
49519,738.00,2018-11-08_10:09:10.318000
49539,739.00,2018-11-08_10:09:10.433000
49559,748.00,2018-11-08_10:09:10.543000
49579,739.00,2018-11-08_10:09:10.668000
49599,755.00,2018-11-08_10:09:10.775000
49619,768.00,2018-11-08_10:09:10.880000
49639,768.00,2018-11-08_10:09:10.991000
49659,758.00,2018-11-08_10:09:11.104000
49679,753.00,2018-11-08_10:09:11.235000
49699,757.00,2018-11-08_10:09:11.329000
49719,752.00,2018-11-08_10:09:11.468000
49739,738.00,2018-11-08_10:09:11.580000
49759,720.00,2018-11-08_10:09:11.669000
49779,720.00,2018-11-08_10:09:11.762000
49799,715.00,2018-11-08_10:09:11.845000
49819,710.00,2018-11-08_10:09:11.982000
49839,720.00,2018-11-08_10:09:12.117000
49859,725.00,2018-11-08_10:09:12.253000
49879,721.00,2018-11-08_10:09:12.376000
49899,702.00,2018-11-08_10:09:12.475000
49919,712.00,2018-11-08_10:09:12.613000
49939,712.00,2018-11-08_10:09:12.747000
49959,706.00,2018-11-08_10:09:12.879000
49979,705.00,2018-11-08_10:09:12.974000
49999,697.00,2018-11-08_10:09:13.080000
50019,720.00,2018-11-08_10:09:13.215000
50039,704.00,2018-11-08_10:09:13.321000
50059,705.00,2018-11-08_10:09:13.397000
50079,706.00,2018-11-08_10:09:13.517000
50099,699.00,2018-11-08_10:09:13.661000
50119,699.00,2018-11-08_10:09:13.794000
50139,698.00,2018-11-08_10:09:13.908000
50159,698.00,2018-11-08_10:09:14.016000
50179,699.00,2018-11-08_10:09:14.115000
50199,694.00,2018-11-08_10:09:14.206000
50219,697.00,2018-11-08_10:09:14.296000
50239,694.00,2018-11-08_10:09:14.400000
50259,700.00,2018-11-08_10:09:14.514000
50279,694.00,2018-11-08_10:09:14.599000
50299,692.00,2018-11-08_10:09:14.684000
50319,692.00,2018-11-08_10:09:14.799000
50339,692.00,2018-11-08_10:09:14.914000
50359,690.00,2018-11-08_10:09:15.028000
50379,693.00,2018-11-08_10:09:15.120000
50399,694.00,2018-11-08_10:09:15.194000
50419,696.00,2018-11-08_10:09:15.269000
50439,683.00,2018-11-08_10:09:15.346000
50459,704.00,2018-11-08_10:09:15.468000
50479,709.00,2018-11-08_10:09:15.573000
50499,706.00,2018-11-08_10:09:15.665000
50519,704.00,2018-11-08_10:09:15.770000
50539,704.00,2018-11-08_10:09:15.870000
50559,699.00,2018-11-08_10:09:15.994000
50579,696.00,2018-11-08_10:09:16.081000
50599,692.00,2018-11-08_10:09:16.219000
50619,695.00,2018-11-08_10:09:16.381000
50639,692.00,2018-11-08_10:09:16.512000
50659,696.00,2018-11-08_10:09:16.604000
50679,692.00,2018-11-08_10:09:16.718000
50699,694.00,2018-11-08_10:09:16.795000
50719,694.00,2018-11-08_10:09:16.873000
50739,693.00,2018-11-08_10:09:17.016000
50759,692.00,2018-11-08_10:09:17.164000
50779,693.00,2018-11-08_10:09:17.295000
50799,692.00,2018-11-08_10:09:17.431000
50819,704.00,2018-11-08_10:09:17.485000
50839,712.00,2018-11-08_10:09:17.539000
50859,720.00,2018-11-08_10:09:17.603000
50879,722.00,2018-11-08_10:09:17.658000
50899,726.00,2018-11-08_10:09:17.716000
50919,733.00,2018-11-08_10:09:17.766000
50939,732.00,2018-11-08_10:09:17.833000
50959,729.00,2018-11-08_10:09:17.894000
50979,734.00,2018-11-08_10:09:18.039000
50999,728.00,2018-11-08_10:09:18.178000
51019,722.00,2018-11-08_10:09:18.314000
51039,729.00,2018-11-08_10:09:18.418000
51059,732.00,2018-11-08_10:09:18.480000
51079,739.00,2018-11-08_10:09:18.537000
51099,749.00,2018-11-08_10:09:18.593000
51119,769.00,2018-11-08_10:09:18.651000
51139,782.00,2018-11-08_10:09:18.721000
51159,780.00,2018-11-08_10:09:18.795000
51179,764.00,2018-11-08_10:09:18.849000
51199,756.00,2018-11-08_10:09:18.927000
51219,754.00,2018-11-08_10:09:19.068000
51239,742.00,2018-11-08_10:09:19.184000
51259,728.00,2018-11-08_10:09:19.331000
51279,730.00,2018-11-08_10:09:19.471000
51299,732.00,2018-11-08_10:09:19.574000
51319,738.00,2018-11-08_10:09:19.667000
51339,752.00,2018-11-08_10:09:19.779000
51359,796.00,2018-11-08_10:09:19.848000
51379,788.00,2018-11-08_10:09:19.925000
51399,778.00,2018-11-08_10:09:19.998000
51419,768.00,2018-11-08_10:09:20.076000
51439,752.00,2018-11-08_10:09:20.145000
51459,745.00,2018-11-08_10:09:20.224000
51479,741.00,2018-11-08_10:09:20.305000
51499,724.00,2018-11-08_10:09:20.383000
51519,723.00,2018-11-08_10:09:20.461000
51539,752.00,2018-11-08_10:09:20.572000
51559,752.00,2018-11-08_10:09:20.661000
51579,747.00,2018-11-08_10:09:20.763000
51599,736.00,2018-11-08_10:09:20.858000
51619,735.00,2018-11-08_10:09:20.953000
51639,746.00,2018-11-08_10:09:21.049000
51659,726.00,2018-11-08_10:09:21.150000
51679,724.00,2018-11-08_10:09:21.244000
51699,724.00,2018-11-08_10:09:21.340000
51719,720.00,2018-11-08_10:09:21.430000
51739,716.00,2018-11-08_10:09:21.521000
51759,720.00,2018-11-08_10:09:21.620000
51779,720.00,2018-11-08_10:09:21.715000
51799,718.00,2018-11-08_10:09:21.823000
51819,720.00,2018-11-08_10:09:21.968000
51839,724.00,2018-11-08_10:09:22.092000
51859,736.00,2018-11-08_10:09:22.181000
51879,766.00,2018-11-08_10:09:22.288000
51899,756.00,2018-11-08_10:09:22.405000
51919,760.00,2018-11-08_10:09:22.544000
51939,769.00,2018-11-08_10:09:22.696000
51959,774.00,2018-11-08_10:09:22.794000
51979,774.00,2018-11-08_10:09:22.927000
51999,777.00,2018-11-08_10:09:23.048000
52019,748.00,2018-11-08_10:09:23.142000
52039,752.00,2018-11-08_10:09:23.250000
52059,805.00,2018-11-08_10:09:23.349000
52079,755.00,2018-11-08_10:09:23.475000
52099,753.00,2018-11-08_10:09:23.605000
52119,762.00,2018-11-08_10:09:23.747000
52139,755.00,2018-11-08_10:09:23.878000
52159,752.00,2018-11-08_10:09:23.986000
52179,761.00,2018-11-08_10:09:24.065000
52199,755.00,2018-11-08_10:09:24.120000
52219,750.00,2018-11-08_10:09:24.167000
52239,750.00,2018-11-08_10:09:24.226000
52259,752.00,2018-11-08_10:09:24.276000
52279,743.00,2018-11-08_10:09:24.325000
52299,749.00,2018-11-08_10:09:24.380000
52319,752.00,2018-11-08_10:09:24.464000
52339,750.00,2018-11-08_10:09:24.555000
52359,742.00,2018-11-08_10:09:24.683000
52379,742.00,2018-11-08_10:09:24.793000
52399,738.00,2018-11-08_10:09:24.924000
52419,728.00,2018-11-08_10:09:25.069000
52439,738.00,2018-11-08_10:09:25.198000
52459,736.00,2018-11-08_10:09:25.317000
52479,744.00,2018-11-08_10:09:25.442000
52499,724.00,2018-11-08_10:09:25.537000
52519,736.00,2018-11-08_10:09:25.631000
52539,732.00,2018-11-08_10:09:25.745000
52559,710.00,2018-11-08_10:09:25.836000
52579,694.00,2018-11-08_10:09:25.903000
52599,688.00,2018-11-08_10:09:25.962000
52619,682.00,2018-11-08_10:09:26.091000
52639,682.00,2018-11-08_10:09:26.152000
52659,681.00,2018-11-08_10:09:26.204000
52679,681.00,2018-11-08_10:09:26.263000
52699,682.00,2018-11-08_10:09:26.320000
52719,680.00,2018-11-08_10:09:26.374000
52739,672.00,2018-11-08_10:09:26.441000
52759,674.00,2018-11-08_10:09:26.506000
52779,676.00,2018-11-08_10:09:26.566000
52799,681.00,2018-11-08_10:09:26.635000
52819,688.00,2018-11-08_10:09:26.693000
52839,688.00,2018-11-08_10:09:26.753000
52859,689.00,2018-11-08_10:09:26.809000
52879,688.00,2018-11-08_10:09:26.866000
52899,688.00,2018-11-08_10:09:26.938000
52919,677.00,2018-11-08_10:09:27.011000
52939,677.00,2018-11-08_10:09:27.075000
52959,681.00,2018-11-08_10:09:27.128000
52979,675.00,2018-11-08_10:09:27.222000
52999,659.00,2018-11-08_10:09:27.287000
53019,674.00,2018-11-08_10:09:27.348000
53039,676.00,2018-11-08_10:09:27.424000
53059,680.00,2018-11-08_10:09:27.526000
53079,677.00,2018-11-08_10:09:27.608000
53099,688.00,2018-11-08_10:09:27.687000
53119,688.00,2018-11-08_10:09:27.772000
53139,685.00,2018-11-08_10:09:27.913000
53159,680.00,2018-11-08_10:09:27.998000
53179,680.00,2018-11-08_10:09:28.070000
53199,684.00,2018-11-08_10:09:28.148000
53219,677.00,2018-11-08_10:09:28.226000
53239,677.00,2018-11-08_10:09:28.380000
53259,673.00,2018-11-08_10:09:28.461000
53279,674.00,2018-11-08_10:09:28.528000
53299,662.00,2018-11-08_10:09:28.628000
53319,669.00,2018-11-08_10:09:28.712000
53339,669.00,2018-11-08_10:09:28.795000
53359,677.00,2018-11-08_10:09:28.883000
53379,679.00,2018-11-08_10:09:28.963000
53399,688.00,2018-11-08_10:09:29.050000
53419,688.00,2018-11-08_10:09:29.137000
53439,685.00,2018-11-08_10:09:29.311000
53459,657.00,2018-11-08_10:09:29.454000
53479,666.00,2018-11-08_10:09:29.543000
53499,657.00,2018-11-08_10:09:29.599000
53519,650.00,2018-11-08_10:09:29.660000
53539,649.00,2018-11-08_10:09:29.716000
53559,652.00,2018-11-08_10:09:29.838000
53579,637.00,2018-11-08_10:09:29.912000
53599,656.00,2018-11-08_10:09:29.987000
53619,653.00,2018-11-08_10:09:30.055000
53639,657.00,2018-11-08_10:09:30.107000
53659,656.00,2018-11-08_10:09:30.174000
53679,656.00,2018-11-08_10:09:30.246000
53699,656.00,2018-11-08_10:09:30.313000
53719,640.00,2018-11-08_10:09:30.392000
53739,630.00,2018-11-08_10:09:30.554000
53759,624.00,2018-11-08_10:09:30.783000
53779,616.00,2018-11-08_10:09:30.962000
53799,610.00,2018-11-08_10:09:31.096000
53819,606.00,2018-11-08_10:09:31.247000
53839,597.00,2018-11-08_10:09:31.396000
53859,594.00,2018-11-08_10:09:31.647000
53879,592.00,2018-11-08_10:09:31.813000
53899,582.00,2018-11-08_10:09:31.973000
53919,590.00,2018-11-08_10:09:32.154000
53939,609.00,2018-11-08_10:09:32.330000
53959,656.00,2018-11-08_10:09:32.484000
53979,652.00,2018-11-08_10:09:32.623000
53999,608.00,2018-11-08_10:09:32.758000
54019,592.00,2018-11-08_10:09:32.880000
54039,578.00,2018-11-08_10:09:33.025000
54059,587.00,2018-11-08_10:09:33.187000
54079,592.00,2018-11-08_10:09:33.325000
54099,589.00,2018-11-08_10:09:33.383000
54119,610.00,2018-11-08_10:09:33.470000
54139,626.00,2018-11-08_10:09:33.566000
54159,625.00,2018-11-08_10:09:33.673000
54179,602.00,2018-11-08_10:09:33.756000
54199,624.00,2018-11-08_10:09:33.876000
54219,642.00,2018-11-08_10:09:33.982000
54239,636.00,2018-11-08_10:09:34.086000
54259,628.00,2018-11-08_10:09:34.175000
54279,628.00,2018-11-08_10:09:34.332000
54299,618.00,2018-11-08_10:09:34.482000
54319,616.00,2018-11-08_10:09:34.595000
54339,605.00,2018-11-08_10:09:34.672000
54359,593.00,2018-11-08_10:09:34.737000
54379,602.00,2018-11-08_10:09:34.793000
54399,597.00,2018-11-08_10:09:34.912000
54419,599.00,2018-11-08_10:09:35.049000
54439,598.00,2018-11-08_10:09:35.131000
54459,608.00,2018-11-08_10:09:35.209000
54479,609.00,2018-11-08_10:09:35.286000
54499,640.00,2018-11-08_10:09:35.363000
54519,654.00,2018-11-08_10:09:35.430000
54539,640.00,2018-11-08_10:09:35.531000
54559,652.00,2018-11-08_10:09:35.624000
54579,672.00,2018-11-08_10:09:35.706000
54599,688.00,2018-11-08_10:09:35.847000
54619,704.00,2018-11-08_10:09:35.996000
54639,752.00,2018-11-08_10:09:36.144000
54659,754.00,2018-11-08_10:09:36.234000
54679,752.00,2018-11-08_10:09:36.303000
54699,790.00,2018-11-08_10:09:36.413000
54719,812.00,2018-11-08_10:09:36.510000
54739,829.00,2018-11-08_10:09:36.587000
54759,832.00,2018-11-08_10:09:36.719000
54779,842.00,2018-11-08_10:09:36.801000
54799,858.00,2018-11-08_10:09:36.891000
54819,890.00,2018-11-08_10:09:36.977000
54839,905.00,2018-11-08_10:09:37.056000
54859,907.00,2018-11-08_10:09:37.158000
54879,912.00,2018-11-08_10:09:37.256000
54899,902.00,2018-11-08_10:09:37.318000
54919,897.00,2018-11-08_10:09:37.411000
54939,896.00,2018-11-08_10:09:37.539000
54959,900.00,2018-11-08_10:09:37.678000
54979,906.00,2018-11-08_10:09:37.781000
54999,906.00,2018-11-08_10:09:37.854000
55019,912.00,2018-11-08_10:09:37.951000
55039,914.00,2018-11-08_10:09:38.082000
55059,942.00,2018-11-08_10:09:38.192000
55079,960.00,2018-11-08_10:09:38.286000
55099,968.00,2018-11-08_10:09:38.389000
55119,974.00,2018-11-08_10:09:38.513000
55139,979.00,2018-11-08_10:09:38.644000
55159,992.00,2018-11-08_10:09:38.773000
55179,1004.00,2018-11-08_10:09:38.856000
55199,1066.00,2018-11-08_10:09:38.937000
55219,1062.00,2018-11-08_10:09:39.026000
55239,1080.00,2018-11-08_10:09:39.111000
55259,1117.00,2018-11-08_10:09:39.195000
55279,1136.00,2018-11-08_10:09:39.279000
55299,1158.00,2018-11-08_10:09:39.359000
55319,1185.00,2018-11-08_10:09:39.439000
55339,1208.00,2018-11-08_10:09:39.539000
55359,1216.00,2018-11-08_10:09:39.624000
55379,1232.00,2018-11-08_10:09:39.714000
55399,1239.00,2018-11-08_10:09:39.789000
55419,1232.00,2018-11-08_10:09:39.904000
55439,1219.00,2018-11-08_10:09:40.031000
55459,1232.00,2018-11-08_10:09:40.143000
55479,1261.00,2018-11-08_10:09:40.223000
55499,1308.00,2018-11-08_10:09:40.280000
55519,1257.00,2018-11-08_10:09:40.332000
55539,1168.00,2018-11-08_10:09:40.408000
55559,1126.00,2018-11-08_10:09:40.489000
55579,1083.00,2018-11-08_10:09:40.571000
55599,1040.00,2018-11-08_10:09:40.662000
55619,1003.00,2018-11-08_10:09:40.772000
55639,978.00,2018-11-08_10:09:40.922000
55659,985.00,2018-11-08_10:09:41.049000
55679,957.00,2018-11-08_10:09:41.125000
55699,912.00,2018-11-08_10:09:41.205000
55719,928.00,2018-11-08_10:09:41.300000
55739,923.00,2018-11-08_10:09:41.398000
55759,917.00,2018-11-08_10:09:41.480000
55779,908.00,2018-11-08_10:09:41.597000
55799,912.00,2018-11-08_10:09:41.667000
55819,905.00,2018-11-08_10:09:41.726000
55839,900.00,2018-11-08_10:09:41.792000
55859,887.00,2018-11-08_10:09:41.857000
55879,896.00,2018-11-08_10:09:41.923000
55899,896.00,2018-11-08_10:09:42.005000
55919,892.00,2018-11-08_10:09:42.095000
55939,891.00,2018-11-08_10:09:42.191000
55959,892.00,2018-11-08_10:09:42.319000
55979,887.00,2018-11-08_10:09:42.444000
55999,884.00,2018-11-08_10:09:42.576000
56019,763.00,2018-11-08_10:09:42.714000
56039,771.00,2018-11-08_10:09:42.822000
56059,843.00,2018-11-08_10:09:42.907000
56079,840.00,2018-11-08_10:09:43.049000
56099,862.00,2018-11-08_10:09:43.188000
56119,877.00,2018-11-08_10:09:43.301000
56139,848.00,2018-11-08_10:09:43.377000
56159,864.00,2018-11-08_10:09:43.445000
56179,730.00,2018-11-08_10:09:43.497000
56199,680.00,2018-11-08_10:09:43.597000
56219,782.00,2018-11-08_10:09:43.657000
56239,720.00,2018-11-08_10:09:43.705000
56259,812.00,2018-11-08_10:09:43.758000
56279,832.00,2018-11-08_10:09:43.826000
56299,741.00,2018-11-08_10:09:43.894000
56319,880.00,2018-11-08_10:09:43.956000
56339,876.00,2018-11-08_10:09:44.012000
56359,866.00,2018-11-08_10:09:44.068000
56379,865.00,2018-11-08_10:09:44.119000
56399,848.00,2018-11-08_10:09:44.170000
56419,798.00,2018-11-08_10:09:44.242000
56439,764.00,2018-11-08_10:09:44.305000
56459,769.00,2018-11-08_10:09:44.376000
56479,833.00,2018-11-08_10:09:44.444000
56499,854.00,2018-11-08_10:09:44.511000
56519,861.00,2018-11-08_10:09:44.575000
56539,857.00,2018-11-08_10:09:44.643000
56559,857.00,2018-11-08_10:09:44.743000
56579,853.00,2018-11-08_10:09:44.860000
56599,858.00,2018-11-08_10:09:45.004000
56619,860.00,2018-11-08_10:09:45.122000
56639,856.00,2018-11-08_10:09:45.257000
56659,835.00,2018-11-08_10:09:45.391000
56679,854.00,2018-11-08_10:09:45.473000
56699,854.00,2018-11-08_10:09:45.554000
56719,856.00,2018-11-08_10:09:45.669000
56739,850.00,2018-11-08_10:09:45.753000
56759,697.00,2018-11-08_10:09:45.825000
56779,448.00,2018-11-08_10:09:45.881000
56799,730.00,2018-11-08_10:09:45.935000
56819,586.00,2018-11-08_10:09:46.003000
56839,622.00,2018-11-08_10:09:46.096000
56859,784.00,2018-11-08_10:09:46.201000
56879,834.00,2018-11-08_10:09:46.313000
56899,832.00,2018-11-08_10:09:46.377000
56919,834.00,2018-11-08_10:09:46.479000
56939,675.00,2018-11-08_10:09:46.548000
56959,560.00,2018-11-08_10:09:46.622000
56979,592.00,2018-11-08_10:09:46.682000
56999,750.00,2018-11-08_10:09:46.789000
57019,753.00,2018-11-08_10:09:46.855000
57039,752.00,2018-11-08_10:09:46.921000
57059,822.00,2018-11-08_10:09:46.994000
57079,794.00,2018-11-08_10:09:47.059000
57099,812.00,2018-11-08_10:09:47.133000
57119,768.00,2018-11-08_10:09:47.207000
57139,848.00,2018-11-08_10:09:47.258000
57159,816.00,2018-11-08_10:09:47.314000
57179,837.00,2018-11-08_10:09:47.370000
57199,846.00,2018-11-08_10:09:47.459000
57219,845.00,2018-11-08_10:09:47.539000
57239,846.00,2018-11-08_10:09:47.618000
57259,842.00,2018-11-08_10:09:47.701000
57279,842.00,2018-11-08_10:09:47.765000
57299,837.00,2018-11-08_10:09:47.814000
57319,832.00,2018-11-08_10:09:47.878000
57339,832.00,2018-11-08_10:09:47.954000
57359,848.00,2018-11-08_10:09:48.026000
57379,842.00,2018-11-08_10:09:48.113000
57399,844.00,2018-11-08_10:09:48.214000
57419,845.00,2018-11-08_10:09:48.296000
57439,848.00,2018-11-08_10:09:48.358000
57459,846.00,2018-11-08_10:09:48.418000
57479,846.00,2018-11-08_10:09:48.472000
57499,838.00,2018-11-08_10:09:48.563000
57519,823.00,2018-11-08_10:09:48.629000
57539,616.00,2018-11-08_10:09:48.733000
57559,451.00,2018-11-08_10:09:48.784000
57579,560.00,2018-11-08_10:09:48.840000
57599,544.00,2018-11-08_10:09:48.903000
57619,340.00,2018-11-08_10:09:48.971000
57639,305.00,2018-11-08_10:09:49.038000
57659,304.00,2018-11-08_10:09:49.115000
57679,320.00,2018-11-08_10:09:49.185000
57699,337.00,2018-11-08_10:09:49.252000
57719,352.00,2018-11-08_10:09:49.322000
57739,325.00,2018-11-08_10:09:49.406000
57759,281.00,2018-11-08_10:09:49.466000
57779,248.00,2018-11-08_10:09:49.544000
57799,361.00,2018-11-08_10:09:49.619000
57819,592.00,2018-11-08_10:09:49.691000
57839,752.00,2018-11-08_10:09:49.743000
57859,838.00,2018-11-08_10:09:49.828000
57879,838.00,2018-11-08_10:09:49.927000
57899,838.00,2018-11-08_10:09:50.017000
57919,837.00,2018-11-08_10:09:50.096000
57939,838.00,2018-11-08_10:09:50.211000
57959,592.00,2018-11-08_10:09:50.341000
57979,540.00,2018-11-08_10:09:50.479000
57999,497.00,2018-11-08_10:09:50.622000
58019,482.00,2018-11-08_10:09:50.737000
58039,497.00,2018-11-08_10:09:50.862000
58059,493.00,2018-11-08_10:09:50.964000
58079,548.00,2018-11-08_10:09:51.045000
58099,609.00,2018-11-08_10:09:51.120000
58119,576.00,2018-11-08_10:09:51.176000
58139,560.00,2018-11-08_10:09:51.234000
58159,656.00,2018-11-08_10:09:51.305000
58179,672.00,2018-11-08_10:09:51.376000
58199,609.00,2018-11-08_10:09:51.442000
58219,554.00,2018-11-08_10:09:51.506000
58239,501.00,2018-11-08_10:09:51.572000
58259,448.00,2018-11-08_10:09:51.681000
58279,480.00,2018-11-08_10:09:51.796000
58299,506.00,2018-11-08_10:09:51.894000
58319,494.00,2018-11-08_10:09:52.022000
58339,468.00,2018-11-08_10:09:52.147000
58359,453.00,2018-11-08_10:09:52.244000
58379,480.00,2018-11-08_10:09:52.353000
58399,459.00,2018-11-08_10:09:52.482000
58419,440.00,2018-11-08_10:09:52.590000
58439,436.00,2018-11-08_10:09:52.683000
58459,428.00,2018-11-08_10:09:52.772000
58479,420.00,2018-11-08_10:09:52.841000
58499,421.00,2018-11-08_10:09:52.907000
58519,384.00,2018-11-08_10:09:52.975000
58539,394.00,2018-11-08_10:09:53.043000
58559,336.00,2018-11-08_10:09:53.128000
58579,362.00,2018-11-08_10:09:53.223000
58599,349.00,2018-11-08_10:09:53.319000
58619,320.00,2018-11-08_10:09:53.447000
58639,304.00,2018-11-08_10:09:53.582000
58659,300.00,2018-11-08_10:09:53.718000
58679,286.00,2018-11-08_10:09:53.800000
58699,278.00,2018-11-08_10:09:53.886000
58719,282.00,2018-11-08_10:09:53.964000
58739,283.00,2018-11-08_10:09:54.067000
58759,288.00,2018-11-08_10:09:54.190000
58779,280.00,2018-11-08_10:09:54.274000
58799,282.00,2018-11-08_10:09:54.359000
58819,266.00,2018-11-08_10:09:54.442000
58839,261.00,2018-11-08_10:09:54.511000
58859,304.00,2018-11-08_10:09:54.582000
58879,301.00,2018-11-08_10:09:54.655000
58899,288.00,2018-11-08_10:09:54.787000
58919,297.00,2018-11-08_10:09:54.924000
58939,278.00,2018-11-08_10:09:55.067000
58959,268.00,2018-11-08_10:09:55.192000
58979,272.00,2018-11-08_10:09:55.284000
58999,284.00,2018-11-08_10:09:55.398000
59019,272.00,2018-11-08_10:09:55.473000
59039,257.00,2018-11-08_10:09:55.532000
59059,256.00,2018-11-08_10:09:55.648000
59079,250.00,2018-11-08_10:09:55.781000
59099,242.00,2018-11-08_10:09:55.909000
59119,242.00,2018-11-08_10:09:56.039000
59139,256.00,2018-11-08_10:09:56.181000
59159,256.00,2018-11-08_10:09:56.299000
59179,249.00,2018-11-08_10:09:56.433000
59199,256.00,2018-11-08_10:09:56.530000
59219,245.00,2018-11-08_10:09:56.593000
59239,244.00,2018-11-08_10:09:56.654000
59259,242.00,2018-11-08_10:09:56.719000
59279,240.00,2018-11-08_10:09:56.839000
59299,240.00,2018-11-08_10:09:56.961000
59319,238.00,2018-11-08_10:09:57.078000
59339,236.00,2018-11-08_10:09:57.206000
59359,240.00,2018-11-08_10:09:57.318000
59379,236.00,2018-11-08_10:09:57.438000
59399,230.00,2018-11-08_10:09:57.507000
59419,225.00,2018-11-08_10:09:57.597000
59439,240.00,2018-11-08_10:09:57.675000
594799208.t,1485.00,2018-11-08_10:10:04.540000
