23719,1529.00,2018-11-08_10:06:58.214000
23739,1514.00,2018-11-08_10:06:58.314000
23759,1514.00,2018-11-08_10:06:58.405000
23779,1526.00,2018-11-08_10:06:58.497000
23799,1561.00,2018-11-08_10:06:58.587000
23819,1585.00,2018-11-08_10:06:58.678000
23839,1598.00,2018-11-08_10:06:58.766000
23859,1593.00,2018-11-08_10:06:58.855000
23879,1600.00,2018-11-08_10:06:58.917000
23899,1680.00,2018-11-08_10:06:59.007000
23919,1964.00,2018-11-08_10:06:59.056000
23939,2469.00,2018-11-08_10:06:59.138000
23959,3147.00,2018-11-08_10:06:59.218000
23979,3863.00,2018-11-08_10:06:59.313000
23999,3871.00,2018-11-08_10:06:59.402000
24019,3871.00,2018-11-08_10:06:59.496000
24039,3867.00,2018-11-08_10:06:59.593000
24059,3871.00,2018-11-08_10:06:59.656000
24079,3867.00,2018-11-08_10:06:59.710000
24099,3623.00,2018-11-08_10:06:59.776000
24119,3035.00,2018-11-08_10:06:59.861000
24139,2631.00,2018-11-08_10:06:59.953000
24159,2303.00,2018-11-08_10:07:00.047000
24179,2057.00,2018-11-08_10:07:00.116000
24199,1906.00,2018-11-08_10:07:00.213000
24219,1872.00,2018-11-08_10:07:00.308000
24239,1919.00,2018-11-08_10:07:00.367000
24259,2012.00,2018-11-08_10:07:00.412000
24279,2111.00,2018-11-08_10:07:00.460000
24299,2155.00,2018-11-08_10:07:00.514000
24319,2143.00,2018-11-08_10:07:00.570000
24339,2078.00,2018-11-08_10:07:00.624000
24359,1966.00,2018-11-08_10:07:00.681000
24379,1827.00,2018-11-08_10:07:00.740000
24399,1695.00,2018-11-08_10:07:00.793000
24419,1581.00,2018-11-08_10:07:00.846000
24439,1478.00,2018-11-08_10:07:00.902000
24459,1408.00,2018-11-08_10:07:00.960000
24479,1376.00,2018-11-08_10:07:01.015000
24499,1362.00,2018-11-08_10:07:01.065000
24519,1363.00,2018-11-08_10:07:01.116000
24539,1382.00,2018-11-08_10:07:01.171000
24559,1405.00,2018-11-08_10:07:01.267000
24579,1422.00,2018-11-08_10:07:01.334000
24599,1447.00,2018-11-08_10:07:01.403000
24619,1523.00,2018-11-08_10:07:01.474000
24639,1771.00,2018-11-08_10:07:01.543000
24659,2241.00,2018-11-08_10:07:01.631000
24679,2896.00,2018-11-08_10:07:01.737000
24699,3855.00,2018-11-08_10:07:01.840000
24719,3869.00,2018-11-08_10:07:01.940000
24739,3875.00,2018-11-08_10:07:02.017000
24759,3875.00,2018-11-08_10:07:02.109000
24779,3875.00,2018-11-08_10:07:02.213000
24799,3877.00,2018-11-08_10:07:02.319000
24819,3871.00,2018-11-08_10:07:02.418000
24839,3239.00,2018-11-08_10:07:02.498000
24859,2643.00,2018-11-08_10:07:02.591000
24879,2179.00,2018-11-08_10:07:02.661000
24899,1815.00,2018-11-08_10:07:02.742000
24919,1598.00,2018-11-08_10:07:02.797000
24939,1535.00,2018-11-08_10:07:02.869000
24959,1635.00,2018-11-08_10:07:02.939000
24979,1808.00,2018-11-08_10:07:03.014000
24999,1987.00,2018-11-08_10:07:03.126000
25019,2111.00,2018-11-08_10:07:03.218000
25039,2141.00,2018-11-08_10:07:03.291000
25059,2087.00,2018-11-08_10:07:03.377000
25079,1954.00,2018-11-08_10:07:03.488000
25099,1791.00,2018-11-08_10:07:03.598000
25119,1616.00,2018-11-08_10:07:03.711000
25139,1451.00,2018-11-08_10:07:03.804000
25159,1328.00,2018-11-08_10:07:03.882000
25179,1243.00,2018-11-08_10:07:03.963000
25199,1200.00,2018-11-08_10:07:04.073000
25219,1184.00,2018-11-08_10:07:04.189000
25239,1204.00,2018-11-08_10:07:04.328000
25259,1247.00,2018-11-08_10:07:04.386000
25279,1334.00,2018-11-08_10:07:04.435000
25299,1535.00,2018-11-08_10:07:04.482000
25319,2006.00,2018-11-08_10:07:04.526000
25339,2726.00,2018-11-08_10:07:04.574000
25359,3855.00,2018-11-08_10:07:04.623000
25379,3878.00,2018-11-08_10:07:04.679000
25399,3879.00,2018-11-08_10:07:04.753000
25419,3871.00,2018-11-08_10:07:04.846000
25439,3879.00,2018-11-08_10:07:04.926000
25459,3875.00,2018-11-08_10:07:05.001000
25479,3883.00,2018-11-08_10:07:05.090000
25499,3879.00,2018-11-08_10:07:05.204000
25519,3879.00,2018-11-08_10:07:05.303000
25539,3317.00,2018-11-08_10:07:05.373000
25559,2523.00,2018-11-08_10:07:05.430000
25579,1974.00,2018-11-08_10:07:05.480000
25599,1624.00,2018-11-08_10:07:05.575000
25619,1488.00,2018-11-08_10:07:05.655000
25639,1517.00,2018-11-08_10:07:05.736000
25659,1630.00,2018-11-08_10:07:05.814000
25679,1747.00,2018-11-08_10:07:05.930000
25699,1826.00,2018-11-08_10:07:06.022000
25719,1840.00,2018-11-08_10:07:06.130000
25739,1777.00,2018-11-08_10:07:06.210000
25759,1651.00,2018-11-08_10:07:06.299000
25779,1493.00,2018-11-08_10:07:06.397000
25799,1344.00,2018-11-08_10:07:06.510000
25819,1229.00,2018-11-08_10:07:06.619000
25839,1158.00,2018-11-08_10:07:06.743000
25859,1114.00,2018-11-08_10:07:06.841000
25879,1110.00,2018-11-08_10:07:06.957000
25899,1136.00,2018-11-08_10:07:07.077000
25919,1174.00,2018-11-08_10:07:07.186000
25939,1218.00,2018-11-08_10:07:07.273000
25959,1264.00,2018-11-08_10:07:07.353000
25979,1358.00,2018-11-08_10:07:07.426000
25999,1651.00,2018-11-08_10:07:07.492000
26019,2263.00,2018-11-08_10:07:07.551000
26039,3217.00,2018-11-08_10:07:07.611000
26059,3871.00,2018-11-08_10:07:07.670000
26079,3871.00,2018-11-08_10:07:07.730000
26099,3879.00,2018-11-08_10:07:07.799000
26119,3883.00,2018-11-08_10:07:07.889000
26139,3883.00,2018-11-08_10:07:07.979000
26159,3877.00,2018-11-08_10:07:08.072000
26179,3879.00,2018-11-08_10:07:08.165000
26199,3879.00,2018-11-08_10:07:08.264000
26219,3879.00,2018-11-08_10:07:08.355000
26239,3875.00,2018-11-08_10:07:08.442000
26259,3347.00,2018-11-08_10:07:08.534000
26279,2459.00,2018-11-08_10:07:08.629000
26299,1855.00,2018-11-08_10:07:08.709000
26319,1478.00,2018-11-08_10:07:08.804000
26339,1338.00,2018-11-08_10:07:08.918000
26359,1340.00,2018-11-08_10:07:09.030000
26379,1408.00,2018-11-08_10:07:09.152000
26399,1478.00,2018-11-08_10:07:09.276000
26419,1495.00,2018-11-08_10:07:09.378000
26439,1469.00,2018-11-08_10:07:09.464000
26459,1385.00,2018-11-08_10:07:09.576000
26479,1270.00,2018-11-08_10:07:09.697000
26499,1136.00,2018-11-08_10:07:09.824000
26519,1034.00,2018-11-08_10:07:09.923000
26539,954.00,2018-11-08_10:07:09.986000
26559,912.00,2018-11-08_10:07:10.067000
26579,906.00,2018-11-08_10:07:10.188000
26599,941.00,2018-11-08_10:07:10.311000
26619,988.00,2018-11-08_10:07:10.431000
26639,1051.00,2018-11-08_10:07:10.518000
26659,1104.00,2018-11-08_10:07:10.641000
26679,1127.00,2018-11-08_10:07:10.741000
26699,1125.00,2018-11-08_10:07:10.825000
26719,1158.00,2018-11-08_10:07:10.909000
26739,1346.00,2018-11-08_10:07:10.987000
26759,1861.00,2018-11-08_10:07:11.037000
26779,2703.00,2018-11-08_10:07:11.096000
26799,3883.00,2018-11-08_10:07:11.153000
26819,3883.00,2018-11-08_10:07:11.202000
26839,3879.00,2018-11-08_10:07:11.257000
26859,3879.00,2018-11-08_10:07:11.385000
26879,3883.00,2018-11-08_10:07:11.496000
26899,3883.00,2018-11-08_10:07:11.564000
26919,3879.00,2018-11-08_10:07:11.635000
26939,3879.00,2018-11-08_10:07:11.772000
26959,3887.00,2018-11-08_10:07:11.901000
26979,3527.00,2018-11-08_10:07:12.005000
26999,2555.00,2018-11-08_10:07:12.091000
27019,1862.00,2018-11-08_10:07:12.203000
27039,1365.00,2018-11-08_10:07:12.305000
27059,1106.00,2018-11-08_10:07:12.388000
27079,1052.00,2018-11-08_10:07:12.474000
27099,1141.00,2018-11-08_10:07:12.599000
27119,1276.00,2018-11-08_10:07:12.710000
27139,1387.00,2018-11-08_10:07:12.836000
27159,1444.00,2018-11-08_10:07:12.969000
27179,1413.00,2018-11-08_10:07:13.072000
27199,1314.00,2018-11-08_10:07:13.157000
27219,1178.00,2018-11-08_10:07:13.241000
27239,1044.00,2018-11-08_10:07:13.326000
27259,929.00,2018-11-08_10:07:13.411000
27279,837.00,2018-11-08_10:07:13.497000
27299,797.00,2018-11-08_10:07:13.583000
27319,780.00,2018-11-08_10:07:13.672000
27339,784.00,2018-11-08_10:07:13.757000
27359,815.00,2018-11-08_10:07:13.855000
27379,853.00,2018-11-08_10:07:13.951000
27399,901.00,2018-11-08_10:07:14.049000
27419,935.00,2018-11-08_10:07:14.181000
27439,956.00,2018-11-08_10:07:14.309000
27459,972.00,2018-11-08_10:07:14.411000
27479,969.00,2018-11-08_10:07:14.552000
27499,961.00,2018-11-08_10:07:14.693000
27519,947.00,2018-11-08_10:07:14.832000
27539,941.00,2018-11-08_10:07:14.928000
27559,1051.00,2018-11-08_10:07:15.016000
27579,1463.00,2018-11-08_10:07:15.101000
27599,2195.00,2018-11-08_10:07:15.189000
27619,3231.00,2018-11-08_10:07:15.278000
27639,3886.00,2018-11-08_10:07:15.373000
27659,3867.00,2018-11-08_10:07:15.469000
27679,3882.00,2018-11-08_10:07:15.559000
27699,3879.00,2018-11-08_10:07:15.649000
27719,3879.00,2018-11-08_10:07:15.738000
27739,3886.00,2018-11-08_10:07:15.846000
27759,3879.00,2018-11-08_10:07:15.977000
27779,3879.00,2018-11-08_10:07:16.093000
27799,3015.00,2018-11-08_10:07:16.225000
27819,2167.00,2018-11-08_10:07:16.339000
27839,1475.00,2018-11-08_10:07:16.429000
27859,998.00,2018-11-08_10:07:16.504000
27879,777.00,2018-11-08_10:07:16.566000
27899,792.00,2018-11-08_10:07:16.622000
27919,960.00,2018-11-08_10:07:16.683000
27939,1186.00,2018-11-08_10:07:16.754000
27959,1363.00,2018-11-08_10:07:16.882000
27979,1463.00,2018-11-08_10:07:17.006000
27999,1453.00,2018-11-08_10:07:17.112000
28019,1350.00,2018-11-08_10:07:17.195000
28039,1215.00,2018-11-08_10:07:17.264000
28059,1045.00,2018-11-08_10:07:17.337000
28079,888.00,2018-11-08_10:07:17.399000
28099,761.00,2018-11-08_10:07:17.463000
28119,688.00,2018-11-08_10:07:17.549000
28139,660.00,2018-11-08_10:07:17.630000
28159,688.00,2018-11-08_10:07:17.739000
28179,749.00,2018-11-08_10:07:17.860000
28199,827.00,2018-11-08_10:07:17.981000
28219,906.00,2018-11-08_10:07:18.100000
28239,974.00,2018-11-08_10:07:18.187000
28259,1010.00,2018-11-08_10:07:18.271000
28279,1035.00,2018-11-08_10:07:18.349000
28299,1020.00,2018-11-08_10:07:18.425000
28319,997.00,2018-11-08_10:07:18.509000
28339,957.00,2018-11-08_10:07:18.591000
28359,933.00,2018-11-08_10:07:18.661000
28379,1010.00,2018-11-08_10:07:18.727000
28399,1357.00,2018-11-08_10:07:18.877000
28419,2019.00,2018-11-08_10:07:19.014000
28439,2927.00,2018-11-08_10:07:19.149000
28459,3875.00,2018-11-08_10:07:19.284000
28479,3878.00,2018-11-08_10:07:19.402000
28499,3879.00,2018-11-08_10:07:19.529000
28519,3879.00,2018-11-08_10:07:19.637000
28539,3883.00,2018-11-08_10:07:19.763000
28559,3879.00,2018-11-08_10:07:19.849000
28579,3875.00,2018-11-08_10:07:19.938000
28599,3661.00,2018-11-08_10:07:20.068000
28619,2690.00,2018-11-08_10:07:20.187000
28639,1995.00,2018-11-08_10:07:20.307000
28659,1427.00,2018-11-08_10:07:20.429000
28679,1056.00,2018-11-08_10:07:20.548000
28699,880.00,2018-11-08_10:07:20.662000
28719,903.00,2018-11-08_10:07:20.745000
28739,1057.00,2018-11-08_10:07:20.879000
28759,1249.00,2018-11-08_10:07:20.967000
28779,1408.00,2018-11-08_10:07:21.068000
28799,1493.00,2018-11-08_10:07:21.182000
28819,1490.00,2018-11-08_10:07:21.274000
28839,1408.00,2018-11-08_10:07:21.366000
28859,1264.00,2018-11-08_10:07:21.432000
28879,1094.00,2018-11-08_10:07:21.527000
28899,928.00,2018-11-08_10:07:21.656000
28919,793.00,2018-11-08_10:07:21.801000
28939,720.00,2018-11-08_10:07:21.917000
28959,696.00,2018-11-08_10:07:22.009000
28979,710.00,2018-11-08_10:07:22.101000
28999,757.00,2018-11-08_10:07:22.182000
29019,830.00,2018-11-08_10:07:22.266000
29039,909.00,2018-11-08_10:07:22.349000
29059,986.00,2018-11-08_10:07:22.468000
29079,1057.00,2018-11-08_10:07:22.543000
29099,1093.00,2018-11-08_10:07:22.622000
29119,1094.00,2018-11-08_10:07:22.729000
29139,1072.00,2018-11-08_10:07:22.859000
29159,1021.00,2018-11-08_10:07:22.985000
29179,992.00,2018-11-08_10:07:23.096000
29199,1101.00,2018-11-08_10:07:23.184000
29219,1479.00,2018-11-08_10:07:23.269000
29239,2203.00,2018-11-08_10:07:23.357000
29259,3235.00,2018-11-08_10:07:23.478000
29279,3879.00,2018-11-08_10:07:23.604000
29299,3871.00,2018-11-08_10:07:23.692000
29319,3879.00,2018-11-08_10:07:23.772000
29339,3879.00,2018-11-08_10:07:23.853000
29359,3883.00,2018-11-08_10:07:23.935000
29379,3879.00,2018-11-08_10:07:24.015000
29399,3879.00,2018-11-08_10:07:24.103000
29419,3879.00,2018-11-08_10:07:24.208000
29439,3325.00,2018-11-08_10:07:24.305000
29459,2388.00,2018-11-08_10:07:24.394000
29479,1687.00,2018-11-08_10:07:24.479000
29499,1200.00,2018-11-08_10:07:24.565000
29519,950.00,2018-11-08_10:07:24.629000
29539,928.00,2018-11-08_10:07:24.704000
29559,1069.00,2018-11-08_10:07:24.760000
29579,1261.00,2018-11-08_10:07:24.811000
29599,1432.00,2018-11-08_10:07:24.898000
29619,1534.00,2018-11-08_10:07:24.984000
29639,1535.00,2018-11-08_10:07:25.116000
29659,1454.00,2018-11-08_10:07:25.231000
29679,1316.00,2018-11-08_10:07:25.335000
29699,1145.00,2018-11-08_10:07:25.461000
29719,984.00,2018-11-08_10:07:25.542000
29739,853.00,2018-11-08_10:07:25.669000
29759,769.00,2018-11-08_10:07:25.793000
29779,729.00,2018-11-08_10:07:25.893000
29799,739.00,2018-11-08_10:07:25.989000
29819,789.00,2018-11-08_10:07:26.103000
29839,855.00,2018-11-08_10:07:26.209000
29859,956.00,2018-11-08_10:07:26.337000
29879,1043.00,2018-11-08_10:07:26.445000
29899,1107.00,2018-11-08_10:07:26.558000
29919,1153.00,2018-11-08_10:07:26.661000
29939,1164.00,2018-11-08_10:07:26.757000
29959,1141.00,2018-11-08_10:07:26.858000
29979,1123.00,2018-11-08_10:07:26.972000
29999,1224.00,2018-11-08_10:07:27.077000
30019,1621.00,2018-11-08_10:07:27.150000
30039,2362.00,2018-11-08_10:07:27.230000
30059,3551.00,2018-11-08_10:07:27.368000
30079,3879.00,2018-11-08_10:07:27.478000
30099,3871.00,2018-11-08_10:07:27.533000
30119,3875.00,2018-11-08_10:07:27.592000
30139,3875.00,2018-11-08_10:07:27.650000
30159,3887.00,2018-11-08_10:07:27.708000
30179,3883.00,2018-11-08_10:07:27.767000
30199,3887.00,2018-11-08_10:07:27.844000
30219,3875.00,2018-11-08_10:07:27.958000
30239,3879.00,2018-11-08_10:07:28.071000
30259,2867.00,2018-11-08_10:07:28.138000
30279,1993.00,2018-11-08_10:07:28.224000
30299,1362.00,2018-11-08_10:07:28.291000
30319,1033.00,2018-11-08_10:07:28.357000
30339,965.00,2018-11-08_10:07:28.428000
30359,1105.00,2018-11-08_10:07:28.496000
30379,1328.00,2018-11-08_10:07:28.564000
30399,1520.00,2018-11-08_10:07:28.620000
30419,1634.00,2018-11-08_10:07:28.679000
30439,1648.00,2018-11-08_10:07:28.731000
30459,1568.00,2018-11-08_10:07:28.798000
30479,1416.00,2018-11-08_10:07:28.865000
30499,1242.00,2018-11-08_10:07:28.927000
30519,1074.00,2018-11-08_10:07:28.996000
30539,936.00,2018-11-08_10:07:29.121000
30559,841.00,2018-11-08_10:07:29.191000
30579,789.00,2018-11-08_10:07:29.301000
30599,784.00,2018-11-08_10:07:29.395000
30619,824.00,2018-11-08_10:07:29.507000
30639,900.00,2018-11-08_10:07:29.600000
30659,978.00,2018-11-08_10:07:29.724000
30679,1063.00,2018-11-08_10:07:29.809000
30699,1120.00,2018-11-08_10:07:29.935000
30719,1149.00,2018-11-08_10:07:30.077000
30739,1159.00,2018-11-08_10:07:30.188000
30759,1186.00,2018-11-08_10:07:30.291000
30779,1366.00,2018-11-08_10:07:30.445000
30799,1854.00,2018-11-08_10:07:30.584000
30819,2643.00,2018-11-08_10:07:30.720000
30839,3875.00,2018-11-08_10:07:30.834000
30859,3879.00,2018-11-08_10:07:30.948000
30879,3878.00,2018-11-08_10:07:31.076000
30899,3879.00,2018-11-08_10:07:31.173000
30919,3877.00,2018-11-08_10:07:31.272000
30939,3883.00,2018-11-08_10:07:31.371000
30959,3883.00,2018-11-08_10:07:31.473000
30979,3878.00,2018-11-08_10:07:31.576000
30999,2703.00,2018-11-08_10:07:31.674000
31019,1835.00,2018-11-08_10:07:31.790000
31039,1165.00,2018-11-08_10:07:31.899000
31059,773.00,2018-11-08_10:07:32.020000
31079,697.00,2018-11-08_10:07:32.177000
31099,880.00,2018-11-08_10:07:32.302000
31119,1218.00,2018-11-08_10:07:32.416000
31139,1589.00,2018-11-08_10:07:32.508000
31159,1879.00,2018-11-08_10:07:32.606000
31179,2021.00,2018-11-08_10:07:32.737000
31199,1989.00,2018-11-08_10:07:32.866000
31219,1817.00,2018-11-08_10:07:32.980000
31239,1566.00,2018-11-08_10:07:33.077000
31259,1291.00,2018-11-08_10:07:33.164000
31279,1050.00,2018-11-08_10:07:33.266000
31299,864.00,2018-11-08_10:07:33.354000
31319,736.00,2018-11-08_10:07:33.476000
31339,685.00,2018-11-08_10:07:33.578000
31359,694.00,2018-11-08_10:07:33.668000
31379,742.00,2018-11-08_10:07:33.749000
31399,817.00,2018-11-08_10:07:33.853000
31419,922.00,2018-11-08_10:07:33.960000
31439,1141.00,2018-11-08_10:07:34.084000
31459,1649.00,2018-11-08_10:07:34.201000
31479,2525.00,2018-11-08_10:07:34.332000
31499,3875.00,2018-11-08_10:07:34.472000
31519,3878.00,2018-11-08_10:07:34.582000
31539,3877.00,2018-11-08_10:07:34.676000
31559,3883.00,2018-11-08_10:07:34.772000
31579,3879.00,2018-11-08_10:07:34.901000
31599,3879.00,2018-11-08_10:07:35.030000
31619,3879.00,2018-11-08_10:07:35.152000
31639,3879.00,2018-11-08_10:07:35.250000
31659,3879.00,2018-11-08_10:07:35.340000
31679,3879.00,2018-11-08_10:07:35.454000
31699,3479.00,2018-11-08_10:07:35.578000
31719,2279.00,2018-11-08_10:07:35.675000
31739,1488.00,2018-11-08_10:07:35.815000
31759,1053.00,2018-11-08_10:07:35.935000
31779,950.00,2018-11-08_10:07:36.050000
31799,1109.00,2018-11-08_10:07:36.151000
31819,1371.00,2018-11-08_10:07:36.284000
31839,1616.00,2018-11-08_10:07:36.411000
31859,1745.00,2018-11-08_10:07:36.501000
31879,1727.00,2018-11-08_10:07:36.590000
31899,1590.00,2018-11-08_10:07:36.679000
31919,1392.00,2018-11-08_10:07:36.763000
31939,1173.00,2018-11-08_10:07:36.870000
31959,960.00,2018-11-08_10:07:36.972000
31979,834.00,2018-11-08_10:07:37.056000
31999,752.00,2018-11-08_10:07:37.187000
32019,744.00,2018-11-08_10:07:37.325000
32039,770.00,2018-11-08_10:07:37.458000
32059,825.00,2018-11-08_10:07:37.547000
32079,880.00,2018-11-08_10:07:37.647000
32099,965.00,2018-11-08_10:07:37.778000
32119,1172.00,2018-11-08_10:07:37.886000
32139,1732.00,2018-11-08_10:07:37.969000
32159,2736.00,2018-11-08_10:07:38.068000
32179,3879.00,2018-11-08_10:07:38.161000
32199,3879.00,2018-11-08_10:07:38.288000
32219,3879.00,2018-11-08_10:07:38.421000
32239,3887.00,2018-11-08_10:07:38.549000
32259,3883.00,2018-11-08_10:07:38.650000
32279,3885.00,2018-11-08_10:07:38.785000
32299,3879.00,2018-11-08_10:07:38.921000
32319,3886.00,2018-11-08_10:07:39.031000
32339,3878.00,2018-11-08_10:07:39.117000
32359,3879.00,2018-11-08_10:07:39.209000
32379,3879.00,2018-11-08_10:07:39.301000
32399,3878.00,2018-11-08_10:07:39.392000
32419,3879.00,2018-11-08_10:07:39.484000
32439,3386.00,2018-11-08_10:07:39.572000
32459,2337.00,2018-11-08_10:07:39.690000
32479,1686.00,2018-11-08_10:07:39.765000
32499,1315.00,2018-11-08_10:07:39.838000
32519,1168.00,2018-11-08_10:07:39.971000
32539,1145.00,2018-11-08_10:07:40.087000
32559,1146.00,2018-11-08_10:07:40.158000
32579,1114.00,2018-11-08_10:07:40.217000
32599,1050.00,2018-11-08_10:07:40.267000
32619,955.00,2018-11-08_10:07:40.373000
32639,864.00,2018-11-08_10:07:40.504000
32659,784.00,2018-11-08_10:07:40.633000
32679,729.00,2018-11-08_10:07:40.739000
32699,710.00,2018-11-08_10:07:40.835000
32719,720.00,2018-11-08_10:07:40.918000
32739,770.00,2018-11-08_10:07:41.036000
32759,830.00,2018-11-08_10:07:41.117000
32779,884.00,2018-11-08_10:07:41.196000
32799,928.00,2018-11-08_10:07:41.284000
32819,964.00,2018-11-08_10:07:41.370000
32839,1054.00,2018-11-08_10:07:41.478000
32859,1341.00,2018-11-08_10:07:41.575000
32879,2042.00,2018-11-08_10:07:41.717000
32899,3263.00,2018-11-08_10:07:41.822000
32919,3879.00,2018-11-08_10:07:41.884000
32939,3883.00,2018-11-08_10:07:41.991000
32959,3883.00,2018-11-08_10:07:42.125000
32979,3886.00,2018-11-08_10:07:42.251000
32999,3879.00,2018-11-08_10:07:42.369000
33019,3879.00,2018-11-08_10:07:42.478000
33039,3885.00,2018-11-08_10:07:42.571000
33059,3885.00,2018-11-08_10:07:42.687000
33079,3885.00,2018-11-08_10:07:42.811000
33099,3887.00,2018-11-08_10:07:42.946000
33119,3879.00,2018-11-08_10:07:43.068000
33139,3879.00,2018-11-08_10:07:43.196000
33159,3391.00,2018-11-08_10:07:43.324000
33179,2275.00,2018-11-08_10:07:43.451000
33199,1535.00,2018-11-08_10:07:43.543000
33219,1138.00,2018-11-08_10:07:43.635000
33239,976.00,2018-11-08_10:07:43.731000
33259,961.00,2018-11-08_10:07:43.864000
33279,1006.00,2018-11-08_10:07:43.989000
33299,1042.00,2018-11-08_10:07:44.081000
33319,1034.00,2018-11-08_10:07:44.181000
33339,972.00,2018-11-08_10:07:44.281000
33359,870.00,2018-11-08_10:07:44.401000
33379,768.00,2018-11-08_10:07:44.527000
33399,677.00,2018-11-08_10:07:44.630000
33419,624.00,2018-11-08_10:07:44.718000
33439,606.00,2018-11-08_10:07:44.849000
33459,624.00,2018-11-08_10:07:44.980000
33479,669.00,2018-11-08_10:07:45.109000
33499,741.00,2018-11-08_10:07:45.212000
33519,825.00,2018-11-08_10:07:45.311000
33539,905.00,2018-11-08_10:07:45.474000
33559,975.00,2018-11-08_10:07:45.559000
33579,1021.00,2018-11-08_10:07:45.684000
33599,1042.00,2018-11-08_10:07:45.783000
33619,1030.00,2018-11-08_10:07:45.866000
33639,992.00,2018-11-08_10:07:45.951000
33659,983.00,2018-11-08_10:07:46.036000
33679,1165.00,2018-11-08_10:07:46.110000
33699,1758.00,2018-11-08_10:07:46.235000
33719,2835.00,2018-11-08_10:07:46.371000
33739,3885.00,2018-11-08_10:07:46.510000
33759,3879.00,2018-11-08_10:07:46.642000
33779,3882.00,2018-11-08_10:07:46.758000
33799,3883.00,2018-11-08_10:07:46.866000
33819,3883.00,2018-11-08_10:07:46.957000
33839,3887.00,2018-11-08_10:07:47.026000
33859,3887.00,2018-11-08_10:07:47.111000
33879,3887.00,2018-11-08_10:07:47.196000
33899,3887.00,2018-11-08_10:07:47.282000
33919,3883.00,2018-11-08_10:07:47.387000
33939,3883.00,2018-11-08_10:07:47.447000
33959,3885.00,2018-11-08_10:07:47.496000
33979,2751.00,2018-11-08_10:07:47.564000
33999,1895.00,2018-11-08_10:07:47.630000
34019,1388.00,2018-11-08_10:07:47.690000
34039,1198.00,2018-11-08_10:07:47.753000
34059,1221.00,2018-11-08_10:07:47.828000
34079,1327.00,2018-11-08_10:07:47.952000
34099,1411.00,2018-11-08_10:07:48.038000
34119,1411.00,2018-11-08_10:07:48.155000
34139,1335.00,2018-11-08_10:07:48.287000
34159,1185.00,2018-11-08_10:07:48.413000
34179,1014.00,2018-11-08_10:07:48.489000
34199,857.00,2018-11-08_10:07:48.567000
34219,740.00,2018-11-08_10:07:48.669000
34239,674.00,2018-11-08_10:07:48.752000
34259,669.00,2018-11-08_10:07:48.848000
34279,720.00,2018-11-08_10:07:48.943000
34299,809.00,2018-11-08_10:07:49.032000
34319,901.00,2018-11-08_10:07:49.087000
34339,976.00,2018-11-08_10:07:49.187000
34359,1014.00,2018-11-08_10:07:49.281000
34379,1018.00,2018-11-08_10:07:49.416000
34399,1006.00,2018-11-08_10:07:49.553000
34419,1043.00,2018-11-08_10:07:49.647000
34439,1310.00,2018-11-08_10:07:49.731000
34459,1957.00,2018-11-08_10:07:49.817000
34479,2941.00,2018-11-08_10:07:49.899000
34499,3879.00,2018-11-08_10:07:50.031000
34519,3883.00,2018-11-08_10:07:50.135000
34539,3883.00,2018-11-08_10:07:50.190000
34559,3885.00,2018-11-08_10:07:50.307000
34579,3879.00,2018-11-08_10:07:50.423000
34599,3887.00,2018-11-08_10:07:50.554000
34619,3879.00,2018-11-08_10:07:50.679000
34639,2963.00,2018-11-08_10:07:50.770000
34659,1937.00,2018-11-08_10:07:50.853000
34679,1092.00,2018-11-08_10:07:50.943000
34699,534.00,2018-11-08_10:07:51.022000
34719,336.00,2018-11-08_10:07:51.103000
34739,461.00,2018-11-08_10:07:51.195000
34759,813.00,2018-11-08_10:07:51.310000
34779,1260.00,2018-11-08_10:07:51.418000
34799,1638.00,2018-11-08_10:07:51.507000
34819,1867.00,2018-11-08_10:07:51.594000
34839,1898.00,2018-11-08_10:07:51.676000
34859,1762.00,2018-11-08_10:07:51.796000
34879,1498.00,2018-11-08_10:07:51.892000
34899,1200.00,2018-11-08_10:07:51.979000
34919,906.00,2018-11-08_10:07:52.071000
34939,674.00,2018-11-08_10:07:52.199000
34959,532.00,2018-11-08_10:07:52.333000
34979,476.00,2018-11-08_10:07:52.440000
34999,494.00,2018-11-08_10:07:52.507000
35019,560.00,2018-11-08_10:07:52.566000
35039,644.00,2018-11-08_10:07:52.691000
35059,746.00,2018-11-08_10:07:52.814000
35079,840.00,2018-11-08_10:07:52.936000
35099,912.00,2018-11-08_10:07:53.041000
35119,975.00,2018-11-08_10:07:53.152000
35139,1137.00,2018-11-08_10:07:53.275000
35159,1638.00,2018-11-08_10:07:53.407000
35179,2623.00,2018-11-08_10:07:53.522000
35199,3883.00,2018-11-08_10:07:53.608000
35219,3883.00,2018-11-08_10:07:53.719000
35239,3883.00,2018-11-08_10:07:53.835000
35259,3887.00,2018-11-08_10:07:53.913000
35279,3887.00,2018-11-08_10:07:54.012000
35299,3885.00,2018-11-08_10:07:54.132000
35319,3887.00,2018-11-08_10:07:54.241000
35339,3879.00,2018-11-08_10:07:54.370000
35359,3885.00,2018-11-08_10:07:54.504000
35379,3885.00,2018-11-08_10:07:54.632000
35399,3882.00,2018-11-08_10:07:54.774000
35419,3882.00,2018-11-08_10:07:54.906000
35439,3881.00,2018-11-08_10:07:55.040000
35459,2549.00,2018-11-08_10:07:55.173000
35479,1731.00,2018-11-08_10:07:55.322000
35499,1239.00,2018-11-08_10:07:55.463000
35519,1045.00,2018-11-08_10:07:55.587000
35539,1034.00,2018-11-08_10:07:55.700000
35559,1088.00,2018-11-08_10:07:55.835000
35579,1128.00,2018-11-08_10:07:55.974000
35599,1108.00,2018-11-08_10:07:56.114000
35619,1021.00,2018-11-08_10:07:56.246000
35639,890.00,2018-11-08_10:07:56.360000
35659,758.00,2018-11-08_10:07:56.453000
35679,656.00,2018-11-08_10:07:56.537000
35699,592.00,2018-11-08_10:07:56.651000
35719,576.00,2018-11-08_10:07:56.795000
35739,604.00,2018-11-08_10:07:56.889000
35759,665.00,2018-11-08_10:07:56.988000
35779,752.00,2018-11-08_10:07:57.081000
35799,842.00,2018-11-08_10:07:57.194000
35819,919.00,2018-11-08_10:07:57.320000
35839,976.00,2018-11-08_10:07:57.419000
35859,997.00,2018-11-08_10:07:57.561000
35879,993.00,2018-11-08_10:07:57.650000
35899,1008.00,2018-11-08_10:07:57.744000
35919,1225.00,2018-11-08_10:07:57.878000
35939,1883.00,2018-11-08_10:07:58.006000
35959,3059.00,2018-11-08_10:07:58.131000
35979,3883.00,2018-11-08_10:07:58.227000
35999,3883.00,2018-11-08_10:07:58.321000
36019,3886.00,2018-11-08_10:07:58.450000
36039,3887.00,2018-11-08_10:07:58.551000
36059,3879.00,2018-11-08_10:07:58.649000
36079,3885.00,2018-11-08_10:07:58.761000
36099,3888.00,2018-11-08_10:07:58.890000
36119,3883.00,2018-11-08_10:07:59.019000
36139,3887.00,2018-11-08_10:07:59.155000
36159,3879.00,2018-11-08_10:07:59.269000
36179,3883.00,2018-11-08_10:07:59.391000
36199,3879.00,2018-11-08_10:07:59.520000
36219,2511.00,2018-11-08_10:07:59.642000
36239,1616.00,2018-11-08_10:07:59.719000
36259,1053.00,2018-11-08_10:07:59.776000
36279,814.00,2018-11-08_10:07:59.875000
36299,809.00,2018-11-08_10:08:00.005000
36319,915.00,2018-11-08_10:08:00.134000
36339,1034.00,2018-11-08_10:08:00.248000
36359,1101.00,2018-11-08_10:08:00.344000
36379,1080.00,2018-11-08_10:08:00.459000
36399,979.00,2018-11-08_10:08:00.546000
36419,850.00,2018-11-08_10:08:00.671000
36439,727.00,2018-11-08_10:08:00.807000
36459,624.00,2018-11-08_10:08:00.951000
36479,562.00,2018-11-08_10:08:01.078000
36499,545.00,2018-11-08_10:08:01.195000
36519,576.00,2018-11-08_10:08:01.246000
36539,644.00,2018-11-08_10:08:01.304000
36559,724.00,2018-11-08_10:08:01.393000
36579,813.00,2018-11-08_10:08:01.490000
36599,889.00,2018-11-08_10:08:01.567000
36619,953.00,2018-11-08_10:08:01.651000
36639,990.00,2018-11-08_10:08:01.737000
36659,1007.00,2018-11-08_10:08:01.834000
36679,974.00,2018-11-08_10:08:01.924000
36699,912.00,2018-11-08_10:08:01.985000
36719,848.00,2018-11-08_10:08:02.062000
36739,828.00,2018-11-08_10:08:02.161000
36759,1058.00,2018-11-08_10:08:02.267000
36779,1753.00,2018-11-08_10:08:02.359000
36799,2943.00,2018-11-08_10:08:02.469000
36819,3879.00,2018-11-08_10:08:02.554000
36839,3883.00,2018-11-08_10:08:02.656000
36859,3885.00,2018-11-08_10:08:02.787000
36879,3883.00,2018-11-08_10:08:02.911000
36899,3879.00,2018-11-08_10:08:03.004000
36919,3885.00,2018-11-08_10:08:03.102000
36939,3887.00,2018-11-08_10:08:03.228000
36959,3885.00,2018-11-08_10:08:03.329000
36979,3883.00,2018-11-08_10:08:03.456000
36999,3883.00,2018-11-08_10:08:03.542000
37019,3879.00,2018-11-08_10:08:03.628000
37039,2644.00,2018-11-08_10:08:03.738000
37059,1698.00,2018-11-08_10:08:03.845000
37079,1072.00,2018-11-08_10:08:03.954000
37099,784.00,2018-11-08_10:08:04.119000
37119,784.00,2018-11-08_10:08:04.288000
37139,928.00,2018-11-08_10:08:04.407000
37159,1109.00,2018-11-08_10:08:04.554000
37179,1232.00,2018-11-08_10:08:04.728000
37199,1259.00,2018-11-08_10:08:04.902000
37219,1194.00,2018-11-08_10:08:05.028000
37239,1059.00,2018-11-08_10:08:05.156000
37259,892.00,2018-11-08_10:08:05.251000
37279,742.00,2018-11-08_10:08:05.340000
37299,623.00,2018-11-08_10:08:05.474000
37319,556.00,2018-11-08_10:08:05.595000
37339,536.00,2018-11-08_10:08:05.679000
37359,568.00,2018-11-08_10:08:05.774000
37379,636.00,2018-11-08_10:08:05.886000
37399,722.00,2018-11-08_10:08:06.019000
37419,816.00,2018-11-08_10:08:06.147000
37439,885.00,2018-11-08_10:08:06.237000
37459,943.00,2018-11-08_10:08:06.326000
37479,977.00,2018-11-08_10:08:06.413000
37499,980.00,2018-11-08_10:08:06.502000
37519,950.00,2018-11-08_10:08:06.583000
37539,897.00,2018-11-08_10:08:06.666000
37559,854.00,2018-11-08_10:08:06.752000
37579,924.00,2018-11-08_10:08:06.872000
37599,1334.00,2018-11-08_10:08:06.964000
37619,2178.00,2018-11-08_10:08:07.095000
37639,3455.00,2018-11-08_10:08:07.208000
37659,3878.00,2018-11-08_10:08:07.314000
37679,3879.00,2018-11-08_10:08:07.412000
37699,3883.00,2018-11-08_10:08:07.507000
37719,3879.00,2018-11-08_10:08:07.630000
37739,3879.00,2018-11-08_10:08:07.723000
37759,3879.00,2018-11-08_10:08:07.842000
37779,3875.00,2018-11-08_10:08:07.978000
37799,3879.00,2018-11-08_10:08:08.072000
37819,3883.00,2018-11-08_10:08:08.211000
37839,2611.00,2018-11-08_10:08:08.343000
37859,1717.00,2018-11-08_10:08:08.473000
37879,1072.00,2018-11-08_10:08:08.607000
37899,724.00,2018-11-08_10:08:08.721000
37919,665.00,2018-11-08_10:08:08.808000
37939,811.00,2018-11-08_10:08:08.895000
37959,1056.00,2018-11-08_10:08:09.002000
37979,1285.00,2018-11-08_10:08:09.092000
37999,1442.00,2018-11-08_10:08:09.208000
38019,1462.00,2018-11-08_10:08:09.326000
38039,1373.00,2018-11-08_10:08:09.449000
38059,1209.00,2018-11-08_10:08:09.504000
38079,1018.00,2018-11-08_10:08:09.565000
38099,853.00,2018-11-08_10:08:09.664000
38119,724.00,2018-11-08_10:08:09.762000
38139,644.00,2018-11-08_10:08:09.855000
38159,620.00,2018-11-08_10:08:09.950000
38179,640.00,2018-11-08_10:08:10.028000
38199,695.00,2018-11-08_10:08:10.103000
38219,769.00,2018-11-08_10:08:10.175000
38239,858.00,2018-11-08_10:08:10.306000
38259,938.00,2018-11-08_10:08:10.433000
38279,1004.00,2018-11-08_10:08:10.571000
38299,1050.00,2018-11-08_10:08:10.666000
38319,1063.00,2018-11-08_10:08:10.798000
38339,1049.00,2018-11-08_10:08:10.912000
38359,1006.00,2018-11-08_10:08:11.001000
38379,954.00,2018-11-08_10:08:11.093000
38399,955.00,2018-11-08_10:08:11.173000
38419,1174.00,2018-11-08_10:08:11.312000
38439,1791.00,2018-11-08_10:08:11.449000
38459,2768.00,2018-11-08_10:08:11.552000
38479,3879.00,2018-11-08_10:08:11.641000
38499,3878.00,2018-11-08_10:08:11.729000
38519,3871.00,2018-11-08_10:08:11.821000
38539,3883.00,2018-11-08_10:08:11.906000
38559,3883.00,2018-11-08_10:08:11.979000
38579,3879.00,2018-11-08_10:08:12.115000
38599,3883.00,2018-11-08_10:08:12.212000
38619,3883.00,2018-11-08_10:08:12.421000
38639,3871.00,2018-11-08_10:08:12.548000
38659,3775.00,2018-11-08_10:08:12.635000
38679,2515.00,2018-11-08_10:08:12.694000
38699,1695.00,2018-11-08_10:08:12.755000
38719,1132.00,2018-11-08_10:08:12.818000
38739,865.00,2018-11-08_10:08:12.883000
38759,868.00,2018-11-08_10:08:12.940000
38779,1034.00,2018-11-08_10:08:13.004000
38799,1243.00,2018-11-08_10:08:13.145000
38819,1424.00,2018-11-08_10:08:13.254000
38839,1506.00,2018-11-08_10:08:13.371000
38859,1481.00,2018-11-08_10:08:13.462000
38879,1371.00,2018-11-08_10:08:13.557000
38899,1226.00,2018-11-08_10:08:13.647000
38919,1044.00,2018-11-08_10:08:13.735000
38939,889.00,2018-11-08_10:08:13.869000
38959,776.00,2018-11-08_10:08:13.990000
38979,710.00,2018-11-08_10:08:14.106000
38999,708.00,2018-11-08_10:08:14.203000
39019,741.00,2018-11-08_10:08:14.344000
39039,812.00,2018-11-08_10:08:14.472000
39059,896.00,2018-11-08_10:08:14.591000
39079,981.00,2018-11-08_10:08:14.695000
39099,1062.00,2018-11-08_10:08:14.835000
39119,1104.00,2018-11-08_10:08:14.944000
39139,1114.00,2018-11-08_10:08:15.041000
39159,1094.00,2018-11-08_10:08:15.160000
39179,1053.00,2018-11-08_10:08:15.244000
39199,1012.00,2018-11-08_10:08:15.331000
39219,1052.00,2018-11-08_10:08:15.427000
39239,1347.00,2018-11-08_10:08:15.477000
39259,2047.00,2018-11-08_10:08:15.529000
39279,3120.00,2018-11-08_10:08:15.615000
39299,3879.00,2018-11-08_10:08:15.696000
39319,3879.00,2018-11-08_10:08:15.762000
39339,3879.00,2018-11-08_10:08:15.825000
39359,3879.00,2018-11-08_10:08:15.915000
39379,3879.00,2018-11-08_10:08:15.996000
39399,3883.00,2018-11-08_10:08:16.058000
39419,3883.00,2018-11-08_10:08:16.146000
39439,3879.00,2018-11-08_10:08:16.237000
39459,3879.00,2018-11-08_10:08:16.382000
39479,3879.00,2018-11-08_10:08:16.522000
39499,2602.00,2018-11-08_10:08:16.618000
39519,1755.00,2018-11-08_10:08:16.706000
39539,1184.00,2018-11-08_10:08:16.787000
39559,928.00,2018-11-08_10:08:16.871000
39579,952.00,2018-11-08_10:08:16.955000
39599,1144.00,2018-11-08_10:08:17.034000
39619,1366.00,2018-11-08_10:08:17.124000
39639,1533.00,2018-11-08_10:08:17.225000
39659,1601.00,2018-11-08_10:08:17.363000
39679,1555.00,2018-11-08_10:08:17.501000
39699,1422.00,2018-11-08_10:08:17.624000
39719,1238.00,2018-11-08_10:08:17.711000
39739,1072.00,2018-11-08_10:08:17.821000
39759,918.00,2018-11-08_10:08:17.935000
39779,808.00,2018-11-08_10:08:18.073000
39799,745.00,2018-11-08_10:08:18.179000
39819,720.00,2018-11-08_10:08:18.265000
39839,744.00,2018-11-08_10:08:18.349000
39859,786.00,2018-11-08_10:08:18.463000
39879,858.00,2018-11-08_10:08:18.582000
39899,938.00,2018-11-08_10:08:18.698000
39919,1016.00,2018-11-08_10:08:18.795000
39939,1077.00,2018-11-08_10:08:18.914000
39959,1104.00,2018-11-08_10:08:19.013000
39979,1115.00,2018-11-08_10:08:19.150000
39999,1178.00,2018-11-08_10:08:19.229000
40019,1491.00,2018-11-08_10:08:19.301000
40039,2221.00,2018-11-08_10:08:19.371000
40059,3423.00,2018-11-08_10:08:19.526000
40079,3879.00,2018-11-08_10:08:19.616000
40099,3879.00,2018-11-08_10:08:19.702000
40119,3882.00,2018-11-08_10:08:19.769000
40139,3883.00,2018-11-08_10:08:19.824000
40159,3883.00,2018-11-08_10:08:19.895000
40179,3883.00,2018-11-08_10:08:19.967000
40199,3875.00,2018-11-08_10:08:20.105000
40219,3879.00,2018-11-08_10:08:20.238000
40239,3879.00,2018-11-08_10:08:20.395000
40259,3879.00,2018-11-08_10:08:20.534000
40279,2667.00,2018-11-08_10:08:20.672000
40299,1771.00,2018-11-08_10:08:20.807000
40319,1183.00,2018-11-08_10:08:20.928000
40339,931.00,2018-11-08_10:08:21.025000
40359,960.00,2018-11-08_10:08:21.159000
40379,1152.00,2018-11-08_10:08:21.298000
40399,1371.00,2018-11-08_10:08:21.407000
40419,1532.00,2018-11-08_10:08:21.519000
40439,1586.00,2018-11-08_10:08:21.636000
40459,1510.00,2018-11-08_10:08:21.761000
40479,1379.00,2018-11-08_10:08:21.894000
40499,1202.00,2018-11-08_10:08:22.005000
40519,1034.00,2018-11-08_10:08:22.125000
40539,886.00,2018-11-08_10:08:22.257000
40559,780.00,2018-11-08_10:08:22.395000
40579,716.00,2018-11-08_10:08:22.516000
40599,704.00,2018-11-08_10:08:22.626000
40619,733.00,2018-11-08_10:08:22.759000
40639,807.00,2018-11-08_10:08:22.890000
40659,901.00,2018-11-08_10:08:23.004000
40679,989.00,2018-11-08_10:08:23.137000
40699,1056.00,2018-11-08_10:08:23.238000
40719,1092.00,2018-11-08_10:08:23.356000
40739,1106.00,2018-11-08_10:08:23.502000
40759,1168.00,2018-11-08_10:08:23.629000
40779,1446.00,2018-11-08_10:08:23.719000
40799,2143.00,2018-11-08_10:08:23.787000
40819,3319.00,2018-11-08_10:08:23.865000
40839,3875.00,2018-11-08_10:08:23.974000
40859,3883.00,2018-11-08_10:08:24.102000
40879,3878.00,2018-11-08_10:08:24.205000
40899,3883.00,2018-11-08_10:08:24.304000
40919,3879.00,2018-11-08_10:08:24.399000
40939,3883.00,2018-11-08_10:08:24.491000
40959,3883.00,2018-11-08_10:08:24.623000
40979,3879.00,2018-11-08_10:08:24.745000
40999,3879.00,2018-11-08_10:08:24.866000
41019,3883.00,2018-11-08_10:08:25.021000
41039,2865.00,2018-11-08_10:08:25.114000
41059,1875.00,2018-11-08_10:08:25.206000
41079,1207.00,2018-11-08_10:08:25.294000
41099,912.00,2018-11-08_10:08:25.407000
41119,922.00,2018-11-08_10:08:25.500000
41139,1124.00,2018-11-08_10:08:25.588000
41159,1377.00,2018-11-08_10:08:25.671000
41179,1567.00,2018-11-08_10:08:25.788000
41199,1632.00,2018-11-08_10:08:25.910000
41219,1578.00,2018-11-08_10:08:26.017000
41239,1420.00,2018-11-08_10:08:26.107000
41259,1215.00,2018-11-08_10:08:26.195000
41279,1009.00,2018-11-08_10:08:26.285000
41299,842.00,2018-11-08_10:08:26.391000
41319,733.00,2018-11-08_10:08:26.618000
41339,686.00,2018-11-08_10:08:26.793000
41359,688.00,2018-11-08_10:08:26.906000
41379,726.00,2018-11-08_10:08:26.993000
41399,800.00,2018-11-08_10:08:27.048000
41419,891.00,2018-11-08_10:08:27.137000
41439,977.00,2018-11-08_10:08:27.242000
41459,1041.00,2018-11-08_10:08:27.343000
41479,1077.00,2018-11-08_10:08:27.430000
41499,1094.00,2018-11-08_10:08:27.494000
41519,1184.00,2018-11-08_10:08:27.566000
41539,1574.00,2018-11-08_10:08:27.642000
41559,2385.00,2018-11-08_10:08:27.710000
41579,3839.00,2018-11-08_10:08:27.785000
41599,3871.00,2018-11-08_10:08:27.861000
41619,3879.00,2018-11-08_10:08:27.971000
41639,3883.00,2018-11-08_10:08:28.076000
41659,3877.00,2018-11-08_10:08:28.177000
41679,3875.00,2018-11-08_10:08:28.308000
41699,3884.00,2018-11-08_10:08:28.430000
41719,3879.00,2018-11-08_10:08:28.556000
41739,3883.00,2018-11-08_10:08:28.681000
41759,3879.00,2018-11-08_10:08:28.760000
41779,3377.00,2018-11-08_10:08:28.863000
41799,2222.00,2018-11-08_10:08:28.962000
41819,1423.00,2018-11-08_10:08:29.045000
41839,960.00,2018-11-08_10:08:29.103000
41859,832.00,2018-11-08_10:08:29.173000
41879,948.00,2018-11-08_10:08:29.244000
41899,1198.00,2018-11-08_10:08:29.380000
41919,1423.00,2018-11-08_10:08:29.519000
41939,1569.00,2018-11-08_10:08:29.662000
41959,1589.00,2018-11-08_10:08:29.797000
41979,1488.00,2018-11-08_10:08:29.924000
41999,1315.00,2018-11-08_10:08:30.062000
42019,1110.00,2018-11-08_10:08:30.171000
42039,915.00,2018-11-08_10:08:30.251000
42059,768.00,2018-11-08_10:08:30.356000
42079,672.00,2018-11-08_10:08:30.491000
42099,640.00,2018-11-08_10:08:30.606000
42119,653.00,2018-11-08_10:08:30.705000
42139,710.00,2018-11-08_10:08:30.816000
42159,782.00,2018-11-08_10:08:30.942000
42179,864.00,2018-11-08_10:08:31.023000
42199,930.00,2018-11-08_10:08:31.095000
42219,976.00,2018-11-08_10:08:31.170000
42239,1036.00,2018-11-08_10:08:31.276000
42259,1220.00,2018-11-08_10:08:31.400000
42279,1745.00,2018-11-08_10:08:31.506000
42299,2639.00,2018-11-08_10:08:31.601000
42319,3879.00,2018-11-08_10:08:31.708000
42339,3885.00,2018-11-08_10:08:31.826000
42359,3885.00,2018-11-08_10:08:31.923000
42379,3879.00,2018-11-08_10:08:32.001000
42399,3887.00,2018-11-08_10:08:32.090000
42419,3886.00,2018-11-08_10:08:32.232000
42439,3879.00,2018-11-08_10:08:32.372000
42459,3875.00,2018-11-08_10:08:32.488000
42479,3725.00,2018-11-08_10:08:32.625000
42499,2495.00,2018-11-08_10:08:32.762000
42519,1633.00,2018-11-08_10:08:32.863000
42539,976.00,2018-11-08_10:08:32.994000
42559,626.00,2018-11-08_10:08:33.110000
42579,571.00,2018-11-08_10:08:33.217000
42599,722.00,2018-11-08_10:08:33.356000
42619,998.00,2018-11-08_10:08:33.481000
42639,1280.00,2018-11-08_10:08:33.581000
42659,1467.00,2018-11-08_10:08:33.647000
42679,1534.00,2018-11-08_10:08:33.772000
42699,1474.00,2018-11-08_10:08:33.874000
42719,1322.00,2018-11-08_10:08:34.035000
42739,1120.00,2018-11-08_10:08:34.124000
42759,912.00,2018-11-08_10:08:34.237000
42779,740.00,2018-11-08_10:08:34.341000
42799,628.00,2018-11-08_10:08:34.439000
42819,580.00,2018-11-08_10:08:34.524000
42839,595.00,2018-11-08_10:08:34.640000
42859,650.00,2018-11-08_10:08:34.734000
42879,731.00,2018-11-08_10:08:34.921000
42899,827.00,2018-11-08_10:08:35.107000
42919,910.00,2018-11-08_10:08:35.202000
42939,958.00,2018-11-08_10:08:35.338000
42959,978.00,2018-11-08_10:08:35.420000
42979,986.00,2018-11-08_10:08:35.504000
42999,1029.00,2018-11-08_10:08:35.589000
43019,1265.00,2018-11-08_10:08:35.671000
43039,1856.00,2018-11-08_10:08:35.805000
43059,2727.00,2018-11-08_10:08:35.919000
43079,3883.00,2018-11-08_10:08:36.048000
43099,3882.00,2018-11-08_10:08:36.185000
43119,3887.00,2018-11-08_10:08:36.313000
43139,3883.00,2018-11-08_10:08:36.439000
43159,3887.00,2018-11-08_10:08:36.543000
43179,3883.00,2018-11-08_10:08:36.670000
43199,3871.00,2018-11-08_10:08:36.737000
43219,3159.00,2018-11-08_10:08:36.800000
43239,2357.00,2018-11-08_10:08:36.911000
43259,1719.00,2018-11-08_10:08:37.050000
43279,1232.00,2018-11-08_10:08:37.181000
43299,916.00,2018-11-08_10:08:37.311000
43319,816.00,2018-11-08_10:08:37.438000
43339,896.00,2018-11-08_10:08:37.564000
43359,1094.00,2018-11-08_10:08:37.650000
43379,1328.00,2018-11-08_10:08:37.748000
43399,1521.00,2018-11-08_10:08:37.815000
43419,1631.00,2018-11-08_10:08:37.866000
43439,1631.00,2018-11-08_10:08:37.928000
43459,1529.00,2018-11-08_10:08:37.994000
43479,1373.00,2018-11-08_10:08:38.066000
43499,1200.00,2018-11-08_10:08:38.141000
43519,1030.00,2018-11-08_10:08:38.209000
43539,896.00,2018-11-08_10:08:38.315000
43559,814.00,2018-11-08_10:08:38.424000
43579,784.00,2018-11-08_10:08:38.555000
43599,778.00,2018-11-08_10:08:38.683000
43619,816.00,2018-11-08_10:08:38.797000
43639,880.00,2018-11-08_10:08:38.909000
43659,954.00,2018-11-08_10:08:39.029000
43679,1034.00,2018-11-08_10:08:39.164000
43699,1088.00,2018-11-08_10:08:39.281000
43719,1111.00,2018-11-08_10:08:39.382000
43739,1107.00,2018-11-08_10:08:39.501000
43759,1088.00,2018-11-08_10:08:39.595000
43779,1099.00,2018-11-08_10:08:39.730000
43799,1274.00,2018-11-08_10:08:39.859000
43819,1776.00,2018-11-08_10:08:39.960000
43839,2559.00,2018-11-08_10:08:40.025000
43859,3695.00,2018-11-08_10:08:40.106000
43879,3883.00,2018-11-08_10:08:40.179000
43899,3879.00,2018-11-08_10:08:40.248000
43919,3883.00,2018-11-08_10:08:40.322000
43939,3879.00,2018-11-08_10:08:40.495000
43959,3877.00,2018-11-08_10:08:40.589000
43979,3878.00,2018-11-08_10:08:40.693000
43999,3389.00,2018-11-08_10:08:40.829000
44019,2559.00,2018-11-08_10:08:40.964000
44039,1946.00,2018-11-08_10:08:41.094000
44059,1449.00,2018-11-08_10:08:41.167000
44079,1116.00,2018-11-08_10:08:41.215000
44099,986.00,2018-11-08_10:08:41.285000
44119,1038.00,2018-11-08_10:08:41.377000
44139,1212.00,2018-11-08_10:08:41.478000
44159,1440.00,2018-11-08_10:08:41.537000
44179,1645.00,2018-11-08_10:08:41.644000
44199,1746.00,2018-11-08_10:08:41.769000
44219,1752.00,2018-11-08_10:08:41.850000
44239,1666.00,2018-11-08_10:08:41.933000
44259,1509.00,2018-11-08_10:08:42.004000
44279,1333.00,2018-11-08_10:08:42.096000
44299,1177.00,2018-11-08_10:08:42.220000
44319,1061.00,2018-11-08_10:08:42.317000
44339,982.00,2018-11-08_10:08:42.425000
44359,951.00,2018-11-08_10:08:42.507000
44379,949.00,2018-11-08_10:08:42.642000
44399,988.00,2018-11-08_10:08:42.760000
44419,1054.00,2018-11-08_10:08:42.841000
44439,1108.00,2018-11-08_10:08:42.911000
44459,1152.00,2018-11-08_10:08:42.987000
44479,1168.00,2018-11-08_10:08:43.120000
44499,1161.00,2018-11-08_10:08:43.263000
44519,1136.00,2018-11-08_10:08:43.368000
44539,1116.00,2018-11-08_10:08:43.483000
44559,1155.00,2018-11-08_10:08:43.580000
44579,1413.00,2018-11-08_10:08:43.720000
44599,1989.00,2018-11-08_10:08:43.862000
44619,2806.00,2018-11-08_10:08:43.935000
44639,3875.00,2018-11-08_10:08:44.084000
44659,3879.00,2018-11-08_10:08:44.218000
44679,3879.00,2018-11-08_10:08:44.350000
44699,3871.00,2018-11-08_10:08:44.440000
44719,3875.00,2018-11-08_10:08:44.585000
44739,3877.00,2018-11-08_10:08:44.716000
44759,3879.00,2018-11-08_10:08:44.834000
44779,3015.00,2018-11-08_10:08:44.938000
44799,2274.00,2018-11-08_10:08:45.038000
44819,1664.00,2018-11-08_10:08:45.186000
44839,1202.00,2018-11-08_10:08:45.301000
44859,960.00,2018-11-08_10:08:45.409000
44879,944.00,2018-11-08_10:08:45.521000
44899,1100.00,2018-11-08_10:08:45.637000
44919,1328.00,2018-11-08_10:08:45.713000
44939,1535.00,2018-11-08_10:08:45.793000
44959,1710.00,2018-11-08_10:08:45.918000
44979,1757.00,2018-11-08_10:08:46.025000
44999,1693.00,2018-11-08_10:08:46.127000
45019,1566.00,2018-11-08_10:08:46.218000
45039,1377.00,2018-11-08_10:08:46.315000
45059,1208.00,2018-11-08_10:08:46.408000
45079,1064.00,2018-11-08_10:08:46.530000
45099,952.00,2018-11-08_10:08:46.623000
45119,884.00,2018-11-08_10:08:46.730000
45139,868.00,2018-11-08_10:08:46.838000
45159,876.00,2018-11-08_10:08:46.959000
45179,912.00,2018-11-08_10:08:47.073000
45199,987.00,2018-11-08_10:08:47.165000
45219,1073.00,2018-11-08_10:08:47.276000
45239,1152.00,2018-11-08_10:08:47.415000
45259,1199.00,2018-11-08_10:08:47.524000
45279,1219.00,2018-11-08_10:08:47.619000
45299,1238.00,2018-11-08_10:08:47.723000
45319,1392.00,2018-11-08_10:08:47.808000
45339,1841.00,2018-11-08_10:08:47.893000
45359,2615.00,2018-11-08_10:08:48.014000
45379,3871.00,2018-11-08_10:08:48.150000
45399,3879.00,2018-11-08_10:08:48.238000
45419,3879.00,2018-11-08_10:08:48.333000
45439,3879.00,2018-11-08_10:08:48.383000
45459,3877.00,2018-11-08_10:08:48.435000
45479,3879.00,2018-11-08_10:08:48.487000
45499,3883.00,2018-11-08_10:08:48.551000
45519,3875.00,2018-11-08_10:08:48.617000
45539,3879.00,2018-11-08_10:08:48.734000
45559,3122.00,2018-11-08_10:08:48.844000
45579,2234.00,2018-11-08_10:08:48.991000
45599,1584.00,2018-11-08_10:08:49.130000
45619,1200.00,2018-11-08_10:08:49.267000
45639,1094.00,2018-11-08_10:08:49.407000
45659,1201.00,2018-11-08_10:08:49.529000
45679,1409.00,2018-11-08_10:08:49.649000
45699,1622.00,2018-11-08_10:08:49.771000
45719,1750.00,2018-11-08_10:08:49.868000
45739,1775.00,2018-11-08_10:08:50.001000
45759,1678.00,2018-11-08_10:08:50.117000
45779,1504.00,2018-11-08_10:08:50.220000
45799,1296.00,2018-11-08_10:08:50.327000
45819,1109.00,2018-11-08_10:08:50.437000
45839,960.00,2018-11-08_10:08:50.554000
45859,864.00,2018-11-08_10:08:50.676000
45879,838.00,2018-11-08_10:08:50.798000
45899,865.00,2018-11-08_10:08:50.871000
45919,918.00,2018-11-08_10:08:50.918000
45939,992.00,2018-11-08_10:08:50.992000
45959,1069.00,2018-11-08_10:08:51.057000
45979,1110.00,2018-11-08_10:08:51.110000
45999,1136.00,2018-11-08_10:08:51.227000
46019,1155.00,2018-11-08_10:08:51.356000
46039,1181.00,2018-11-08_10:08:51.454000
46059,1312.00,2018-11-08_10:08:51.549000
46079,1723.00,2018-11-08_10:08:51.650000
46099,2479.00,2018-11-08_10:08:51.758000
46119,3759.00,2018-11-08_10:08:51.881000
46139,3878.00,2018-11-08_10:08:52.007000
46159,3879.00,2018-11-08_10:08:52.146000
46179,3879.00,2018-11-08_10:08:52.282000
46199,3879.00,2018-11-08_10:08:52.422000
46219,3887.00,2018-11-08_10:08:52.535000
46239,3883.00,2018-11-08_10:08:52.627000
46259,3879.00,2018-11-08_10:08:52.703000
46279,3879.00,2018-11-08_10:08:52.821000
46299,3583.00,2018-11-08_10:08:52.910000
46319,2511.00,2018-11-08_10:08:53.040000
46339,1756.00,2018-11-08_10:08:53.184000
46359,1234.00,2018-11-08_10:08:53.297000
46379,998.00,2018-11-08_10:08:53.402000
46399,989.00,2018-11-08_10:08:53.525000
46419,1120.00,2018-11-08_10:08:53.621000
46439,1296.00,2018-11-08_10:08:53.707000
46459,1440.00,2018-11-08_10:08:53.820000
46479,1501.00,2018-11-08_10:08:53.948000
46499,1478.00,2018-11-08_10:08:54.040000
46519,1373.00,2018-11-08_10:08:54.177000
46539,1235.00,2018-11-08_10:08:54.279000
46559,1091.00,2018-11-08_10:08:54.375000
46579,960.00,2018-11-08_10:08:54.466000
46599,865.00,2018-11-08_10:08:54.559000
46619,806.00,2018-11-08_10:08:54.680000
46639,782.00,2018-11-08_10:08:54.796000
46659,791.00,2018-11-08_10:08:54.922000
46679,832.00,2018-11-08_10:08:55.075000
46699,883.00,2018-11-08_10:08:55.220000
46719,938.00,2018-11-08_10:08:55.347000
46739,981.00,2018-11-08_10:08:55.450000
46759,1022.00,2018-11-08_10:08:55.607000
46779,1104.00,2018-11-08_10:08:55.753000
46799,1354.00,2018-11-08_10:08:55.861000
46819,1911.00,2018-11-08_10:08:55.950000
46839,2747.00,2018-11-08_10:08:56.081000
46859,3883.00,2018-11-08_10:08:56.200000
46879,3879.00,2018-11-08_10:08:56.286000
46899,3883.00,2018-11-08_10:08:56.359000
46919,3883.00,2018-11-08_10:08:56.448000
46939,3879.00,2018-11-08_10:08:56.536000
46959,3875.00,2018-11-08_10:08:56.679000
46979,3879.00,2018-11-08_10:08:56.827000
46999,2895.00,2018-11-08_10:08:56.948000
47019,2147.00,2018-11-08_10:08:57.082000
47039,1535.00,2018-11-08_10:08:57.191000
47059,1114.00,2018-11-08_10:08:57.301000
47079,876.00,2018-11-08_10:08:57.431000
47099,846.00,2018-11-08_10:08:57.550000
47119,966.00,2018-11-08_10:08:57.640000
47139,1171.00,2018-11-08_10:08:57.749000
47159,1390.00,2018-11-08_10:08:57.887000
47179,1535.00,2018-11-08_10:08:58.026000
47199,1618.00,2018-11-08_10:08:58.164000
47219,1569.00,2018-11-08_10:08:58.287000
47239,1456.00,2018-11-08_10:08:58.383000
47259,1280.00,2018-11-08_10:08:58.455000
47279,1104.00,2018-11-08_10:08:58.505000
47299,944.00,2018-11-08_10:08:58.560000
47319,832.00,2018-11-08_10:08:58.650000
47339,752.00,2018-11-08_10:08:58.749000
47359,720.00,2018-11-08_10:08:58.830000
47379,722.00,2018-11-08_10:08:58.933000
47399,773.00,2018-11-08_10:08:59.065000
47419,842.00,2018-11-08_10:08:59.163000
47439,912.00,2018-11-08_10:08:59.305000
47459,976.00,2018-11-08_10:08:59.435000
47479,1034.00,2018-11-08_10:08:59.484000
47499,1073.00,2018-11-08_10:08:59.537000
47519,1152.00,2018-11-08_10:08:59.616000
47539,1395.00,2018-11-08_10:08:59.731000
47559,1911.00,2018-11-08_10:08:59.807000
47579,2615.00,2018-11-08_10:08:59.902000
47599,3455.00,2018-11-08_10:09:00.030000
47619,3871.00,2018-11-08_10:09:00.159000
47639,3883.00,2018-11-08_10:09:00.283000
47659,3879.00,2018-11-08_10:09:00.401000
47679,3741.00,2018-11-08_10:09:00.487000
47699,2960.00,2018-11-08_10:09:00.599000
47719,2371.00,2018-11-08_10:09:00.688000
47739,1891.00,2018-11-08_10:09:00.774000
47759,1524.00,2018-11-08_10:09:00.871000
47779,1268.00,2018-11-08_10:09:00.956000
47799,1110.00,2018-11-08_10:09:01.086000
47819,1062.00,2018-11-08_10:09:01.214000
47839,1108.00,2018-11-08_10:09:01.350000
47859,1232.00,2018-11-08_10:09:01.461000
47879,1392.00,2018-11-08_10:09:01.568000
47899,1533.00,2018-11-08_10:09:01.638000
47919,1625.00,2018-11-08_10:09:01.770000
47939,1642.00,2018-11-08_10:09:01.901000
47959,1590.00,2018-11-08_10:09:02.017000
47979,1473.00,2018-11-08_10:09:02.109000
47999,1328.00,2018-11-08_10:09:02.237000
48019,1194.00,2018-11-08_10:09:02.373000
48039,1081.00,2018-11-08_10:09:02.499000
48059,984.00,2018-11-08_10:09:02.659000
48079,942.00,2018-11-08_10:09:02.810000
48099,922.00,2018-11-08_10:09:02.878000
48119,925.00,2018-11-08_10:09:03.021000
48139,942.00,2018-11-08_10:09:03.122000
48159,956.00,2018-11-08_10:09:03.226000
48179,977.00,2018-11-08_10:09:03.345000
48199,997.00,2018-11-08_10:09:03.477000
48219,1040.00,2018-11-08_10:09:03.596000
48239,1155.00,2018-11-08_10:09:03.678000
48259,1484.00,2018-11-08_10:09:03.737000
48279,2047.00,2018-11-08_10:09:03.817000
48299,2726.00,2018-11-08_10:09:03.931000
48319,3439.00,2018-11-08_10:09:04.038000
48339,3875.00,2018-11-08_10:09:04.171000
48359,3875.00,2018-11-08_10:09:04.277000
48379,3455.00,2018-11-08_10:09:04.397000
48399,2878.00,2018-11-08_10:09:04.493000
48419,2379.00,2018-11-08_10:09:04.588000
48439,1936.00,2018-11-08_10:09:04.723000
48459,1605.00,2018-11-08_10:09:04.877000
48479,1370.00,2018-11-08_10:09:05.015000
48499,1224.00,2018-11-08_10:09:05.151000
48519,1139.00,2018-11-08_10:09:05.235000
48539,1152.00,2018-11-08_10:09:05.302000
48559,1232.00,2018-11-08_10:09:05.375000
48579,1371.00,2018-11-08_10:09:05.465000
48599,1527.00,2018-11-08_10:09:05.567000
48619,1662.00,2018-11-08_10:09:05.684000
48639,1733.00,2018-11-08_10:09:05.787000
48659,1729.00,2018-11-08_10:09:05.877000
48679,1653.00,2018-11-08_10:09:05.966000
48699,1523.00,2018-11-08_10:09:06.052000
48719,1389.00,2018-11-08_10:09:06.139000
48739,1248.00,2018-11-08_10:09:06.221000
48759,1129.00,2018-11-08_10:09:06.273000
48779,1034.00,2018-11-08_10:09:06.325000
48799,964.00,2018-11-08_10:09:06.393000
48819,939.00,2018-11-08_10:09:06.449000
48839,943.00,2018-11-08_10:09:06.519000
48859,972.00,2018-11-08_10:09:06.633000
48879,1009.00,2018-11-08_10:09:06.761000
48899,1070.00,2018-11-08_10:09:06.869000
48919,1132.00,2018-11-08_10:09:06.943000
48939,1267.00,2018-11-08_10:09:07.013000
48959,1591.00,2018-11-08_10:09:07.113000
48979,2110.00,2018-11-08_10:09:07.250000
48999,2703.00,2018-11-08_10:09:07.350000
49019,3277.00,2018-11-08_10:09:07.457000
49039,3651.00,2018-11-08_10:09:07.603000
49059,3541.00,2018-11-08_10:09:07.733000
49079,3103.00,2018-11-08_10:09:07.848000
49099,2623.00,2018-11-08_10:09:07.944000
49119,2161.00,2018-11-08_10:09:08.006000
49139,1764.00,2018-11-08_10:09:08.079000
49159,1456.00,2018-11-08_10:09:08.197000
49179,1233.00,2018-11-08_10:09:08.326000
49199,1113.00,2018-11-08_10:09:08.456000
49219,1088.00,2018-11-08_10:09:08.590000
49239,1174.00,2018-11-08_10:09:08.723000
49259,1341.00,2018-11-08_10:09:08.857000
49279,1535.00,2018-11-08_10:09:08.989000
49299,1738.00,2018-11-08_10:09:09.103000
49319,1861.00,2018-11-08_10:09:09.197000
49339,1893.00,2018-11-08_10:09:09.287000
49359,1831.00,2018-11-08_10:09:09.378000
49379,1711.00,2018-11-08_10:09:09.476000
49399,1535.00,2018-11-08_10:09:09.611000
49419,1392.00,2018-11-08_10:09:09.719000
49439,1255.00,2018-11-08_10:09:09.834000
49459,1152.00,2018-11-08_10:09:09.950000
49479,1098.00,2018-11-08_10:09:10.076000
49499,1084.00,2018-11-08_10:09:10.198000
49519,1104.00,2018-11-08_10:09:10.318000
49539,1152.00,2018-11-08_10:09:10.433000
49559,1229.00,2018-11-08_10:09:10.543000
49579,1344.00,2018-11-08_10:09:10.668000
49599,1511.00,2018-11-08_10:09:10.775000
49619,1855.00,2018-11-08_10:09:10.880000
49639,2458.00,2018-11-08_10:09:10.991000
49659,3411.00,2018-11-08_10:09:11.104000
49679,3879.00,2018-11-08_10:09:11.235000
49699,3879.00,2018-11-08_10:09:11.329000
49719,3883.00,2018-11-08_10:09:11.468000
49739,3877.00,2018-11-08_10:09:11.580000
49759,3871.00,2018-11-08_10:09:11.669000
49779,3883.00,2018-11-08_10:09:11.762000
49799,3879.00,2018-11-08_10:09:11.845000
49819,3875.00,2018-11-08_10:09:11.982000
49839,2925.00,2018-11-08_10:09:12.117000
49859,1907.00,2018-11-08_10:09:12.253000
49879,1099.00,2018-11-08_10:09:12.376000
49899,590.00,2018-11-08_10:09:12.475000
49919,416.00,2018-11-08_10:09:12.613000
49939,540.00,2018-11-08_10:09:12.747000
49959,864.00,2018-11-08_10:09:12.879000
49979,1282.00,2018-11-08_10:09:12.974000
49999,1697.00,2018-11-08_10:09:13.080000
50019,2022.00,2018-11-08_10:09:13.215000
50039,2223.00,2018-11-08_10:09:13.321000
50059,2320.00,2018-11-08_10:09:13.397000
50079,2351.00,2018-11-08_10:09:13.517000
50099,2327.00,2018-11-08_10:09:13.661000
50119,2254.00,2018-11-08_10:09:13.794000
50139,2105.00,2018-11-08_10:09:13.908000
50159,1921.00,2018-11-08_10:09:14.016000
50179,1762.00,2018-11-08_10:09:14.115000
50199,1715.00,2018-11-08_10:09:14.206000
50219,1840.00,2018-11-08_10:09:14.296000
50239,2111.00,2018-11-08_10:09:14.400000
50259,2381.00,2018-11-08_10:09:14.514000
50279,2547.00,2018-11-08_10:09:14.599000
50299,2599.00,2018-11-08_10:09:14.684000
50319,2607.00,2018-11-08_10:09:14.799000
50339,2719.00,2018-11-08_10:09:14.914000
50359,2991.00,2018-11-08_10:09:15.028000
50379,3427.00,2018-11-08_10:09:15.120000
50399,3875.00,2018-11-08_10:09:15.194000
50419,3879.00,2018-11-08_10:09:15.269000
50439,3883.00,2018-11-08_10:09:15.346000
50459,3883.00,2018-11-08_10:09:15.468000
50479,3885.00,2018-11-08_10:09:15.573000
50499,3879.00,2018-11-08_10:09:15.665000
50519,3885.00,2018-11-08_10:09:15.770000
50539,3885.00,2018-11-08_10:09:15.870000
50559,3887.00,2018-11-08_10:09:15.994000
50579,3887.00,2018-11-08_10:09:16.081000
50599,3883.00,2018-11-08_10:09:16.219000
50619,3879.00,2018-11-08_10:09:16.381000
50639,3879.00,2018-11-08_10:09:16.512000
50659,3667.00,2018-11-08_10:09:16.604000
50679,3499.00,2018-11-08_10:09:16.718000
50699,3531.00,2018-11-08_10:09:16.795000
50719,3575.00,2018-11-08_10:09:16.873000
50739,3455.00,2018-11-08_10:09:17.016000
50759,3111.00,2018-11-08_10:09:17.164000
50779,2673.00,2018-11-08_10:09:17.295000
50799,2188.00,2018-11-08_10:09:17.431000
50819,1657.00,2018-11-08_10:09:17.485000
50839,1146.00,2018-11-08_10:09:17.539000
50859,700.00,2018-11-08_10:09:17.603000
50879,388.00,2018-11-08_10:09:17.658000
50899,233.00,2018-11-08_10:09:17.716000
50919,182.00,2018-11-08_10:09:17.766000
50939,245.00,2018-11-08_10:09:17.833000
50959,369.00,2018-11-08_10:09:17.894000
50979,508.00,2018-11-08_10:09:18.039000
50999,577.00,2018-11-08_10:09:18.178000
51019,595.00,2018-11-08_10:09:18.314000
51039,644.00,2018-11-08_10:09:18.418000
51059,912.00,2018-11-08_10:09:18.480000
51079,1501.00,2018-11-08_10:09:18.537000
51099,2357.00,2018-11-08_10:09:18.593000
51119,3659.00,2018-11-08_10:09:18.651000
51139,3879.00,2018-11-08_10:09:18.721000
51159,3871.00,2018-11-08_10:09:18.795000
51179,3871.00,2018-11-08_10:09:18.849000
51199,3889.00,2018-11-08_10:09:18.927000
51219,3887.00,2018-11-08_10:09:19.068000
51239,3878.00,2018-11-08_10:09:19.184000
51259,3886.00,2018-11-08_10:09:19.331000
51279,3887.00,2018-11-08_10:09:19.471000
51299,3889.00,2018-11-08_10:09:19.574000
51319,3889.00,2018-11-08_10:09:19.667000
51339,3887.00,2018-11-08_10:09:19.779000
51359,3891.00,2018-11-08_10:09:19.848000
51379,3887.00,2018-11-08_10:09:19.925000
51399,3889.00,2018-11-08_10:09:19.998000
51419,3891.00,2018-11-08_10:09:20.076000
51439,3890.00,2018-11-08_10:09:20.145000
51459,3887.00,2018-11-08_10:09:20.224000
51479,3891.00,2018-11-08_10:09:20.305000
51499,3883.00,2018-11-08_10:09:20.383000
51519,3889.00,2018-11-08_10:09:20.461000
51539,3889.00,2018-11-08_10:09:20.572000
51559,3887.00,2018-11-08_10:09:20.661000
51579,3888.00,2018-11-08_10:09:20.763000
51599,3891.00,2018-11-08_10:09:20.858000
51619,3887.00,2018-11-08_10:09:20.953000
51639,3883.00,2018-11-08_10:09:21.049000
51659,3063.00,2018-11-08_10:09:21.150000
51679,1787.00,2018-11-08_10:09:21.244000
51699,802.00,2018-11-08_10:09:21.340000
51719,130.00,2018-11-08_10:09:21.430000
51739,0.00,2018-11-08_10:09:21.521000
51759,0.00,2018-11-08_10:09:21.620000
51779,0.00,2018-11-08_10:09:21.715000
51799,240.00,2018-11-08_10:09:21.823000
51819,1040.00,2018-11-08_10:09:21.968000
51839,2310.00,2018-11-08_10:09:22.092000
51859,3887.00,2018-11-08_10:09:22.181000
51879,3891.00,2018-11-08_10:09:22.288000
51899,3883.00,2018-11-08_10:09:22.405000
51919,3889.00,2018-11-08_10:09:22.544000
51939,3887.00,2018-11-08_10:09:22.696000
51959,3891.00,2018-11-08_10:09:22.794000
51979,3925.00,2018-11-08_10:09:22.927000
51999,3891.00,2018-11-08_10:09:23.048000
52019,3889.00,2018-11-08_10:09:23.142000
52039,3890.00,2018-11-08_10:09:23.250000
52059,3889.00,2018-11-08_10:09:23.349000
52079,3887.00,2018-11-08_10:09:23.475000
52099,3891.00,2018-11-08_10:09:23.605000
52119,3887.00,2018-11-08_10:09:23.747000
52139,2886.00,2018-11-08_10:09:23.878000
52159,1936.00,2018-11-08_10:09:23.986000
52179,1082.00,2018-11-08_10:09:24.065000
52199,272.00,2018-11-08_10:09:24.120000
52219,0.00,2018-11-08_10:09:24.167000
52239,0.00,2018-11-08_10:09:24.226000
52259,0.00,2018-11-08_10:09:24.276000
52279,0.00,2018-11-08_10:09:24.325000
52299,0.00,2018-11-08_10:09:24.380000
52319,256.00,2018-11-08_10:09:24.464000
52339,861.00,2018-11-08_10:09:24.555000
52359,1478.00,2018-11-08_10:09:24.683000
52379,2015.00,2018-11-08_10:09:24.793000
52399,2410.00,2018-11-08_10:09:24.924000
52419,2621.00,2018-11-08_10:09:25.069000
52439,2559.00,2018-11-08_10:09:25.198000
52459,2337.00,2018-11-08_10:09:25.317000
52479,2032.00,2018-11-08_10:09:25.442000
52499,1849.00,2018-11-08_10:09:25.537000
52519,1902.00,2018-11-08_10:09:25.631000
52539,2209.00,2018-11-08_10:09:25.745000
52559,2671.00,2018-11-08_10:09:25.836000
52579,3175.00,2018-11-08_10:09:25.903000
52599,3583.00,2018-11-08_10:09:25.962000
52619,3583.00,2018-11-08_10:09:26.091000
52639,3182.00,2018-11-08_10:09:26.152000
52659,2654.00,2018-11-08_10:09:26.204000
52679,2134.00,2018-11-08_10:09:26.263000
52699,1669.00,2018-11-08_10:09:26.320000
52719,1296.00,2018-11-08_10:09:26.374000
52739,1040.00,2018-11-08_10:09:26.441000
52759,882.00,2018-11-08_10:09:26.506000
52779,800.00,2018-11-08_10:09:26.566000
52799,752.00,2018-11-08_10:09:26.635000
52819,733.00,2018-11-08_10:09:26.693000
52839,736.00,2018-11-08_10:09:26.753000
52859,768.00,2018-11-08_10:09:26.809000
52879,870.00,2018-11-08_10:09:26.866000
52899,1045.00,2018-11-08_10:09:26.938000
52919,1225.00,2018-11-08_10:09:27.011000
52939,1357.00,2018-11-08_10:09:27.075000
52959,1376.00,2018-11-08_10:09:27.128000
52979,1232.00,2018-11-08_10:09:27.222000
52999,987.00,2018-11-08_10:09:27.287000
53019,752.00,2018-11-08_10:09:27.348000
53039,572.00,2018-11-08_10:09:27.424000
53059,474.00,2018-11-08_10:09:27.526000
53079,464.00,2018-11-08_10:09:27.608000
53099,498.00,2018-11-08_10:09:27.687000
53119,544.00,2018-11-08_10:09:27.772000
53139,591.00,2018-11-08_10:09:27.913000
53159,646.00,2018-11-08_10:09:27.998000
53179,736.00,2018-11-08_10:09:28.070000
53199,931.00,2018-11-08_10:09:28.148000
53219,1280.00,2018-11-08_10:09:28.226000
53239,1798.00,2018-11-08_10:09:28.380000
53259,2445.00,2018-11-08_10:09:28.461000
53279,3047.00,2018-11-08_10:09:28.528000
53299,3531.00,2018-11-08_10:09:28.628000
53319,3537.00,2018-11-08_10:09:28.712000
53339,3163.00,2018-11-08_10:09:28.795000
53359,2672.00,2018-11-08_10:09:28.883000
53379,2161.00,2018-11-08_10:09:28.963000
53399,1649.00,2018-11-08_10:09:29.050000
53419,1132.00,2018-11-08_10:09:29.137000
53439,615.00,2018-11-08_10:09:29.311000
53459,213.00,2018-11-08_10:09:29.454000
53479,0.00,2018-11-08_10:09:29.543000
53499,0.00,2018-11-08_10:09:29.599000
53519,80.00,2018-11-08_10:09:29.660000
53539,349.00,2018-11-08_10:09:29.716000
53559,684.00,2018-11-08_10:09:29.838000
53579,993.00,2018-11-08_10:09:29.912000
53599,1210.00,2018-11-08_10:09:29.987000
53619,1332.00,2018-11-08_10:09:30.055000
53639,1353.00,2018-11-08_10:09:30.107000
53659,1310.00,2018-11-08_10:09:30.174000
53679,1237.00,2018-11-08_10:09:30.246000
53699,1165.00,2018-11-08_10:09:30.313000
53719,1072.00,2018-11-08_10:09:30.392000
53739,966.00,2018-11-08_10:09:30.554000
53759,880.00,2018-11-08_10:09:30.783000
53779,850.00,2018-11-08_10:09:30.962000
53799,852.00,2018-11-08_10:09:31.096000
53819,866.00,2018-11-08_10:09:31.247000
53839,864.00,2018-11-08_10:09:31.396000
53859,841.00,2018-11-08_10:09:31.647000
53879,836.00,2018-11-08_10:09:31.813000
53899,884.00,2018-11-08_10:09:31.973000
53919,1040.00,2018-11-08_10:09:32.154000
53939,1322.00,2018-11-08_10:09:32.330000
53959,1702.00,2018-11-08_10:09:32.484000
53979,2097.00,2018-11-08_10:09:32.623000
53999,2388.00,2018-11-08_10:09:32.758000
54019,2531.00,2018-11-08_10:09:32.880000
54039,2523.00,2018-11-08_10:09:33.025000
54059,2415.00,2018-11-08_10:09:33.187000
54079,2236.00,2018-11-08_10:09:33.325000
54099,2001.00,2018-11-08_10:09:33.383000
54119,1723.00,2018-11-08_10:09:33.470000
54139,1447.00,2018-11-08_10:09:33.566000
54159,1209.00,2018-11-08_10:09:33.673000
54179,967.00,2018-11-08_10:09:33.756000
54199,714.00,2018-11-08_10:09:33.876000
54219,489.00,2018-11-08_10:09:33.982000
54239,396.00,2018-11-08_10:09:34.086000
54259,664.00,2018-11-08_10:09:34.175000
54279,1255.00,2018-11-08_10:09:34.332000
54299,2006.00,2018-11-08_10:09:34.482000
54319,2753.00,2018-11-08_10:09:34.595000
54339,3495.00,2018-11-08_10:09:34.672000
54359,3883.00,2018-11-08_10:09:34.737000
54379,3811.00,2018-11-08_10:09:34.793000
54399,3127.00,2018-11-08_10:09:34.912000
54419,2419.00,2018-11-08_10:09:35.049000
54439,1723.00,2018-11-08_10:09:35.131000
54459,1122.00,2018-11-08_10:09:35.209000
54479,688.00,2018-11-08_10:09:35.286000
54499,432.00,2018-11-08_10:09:35.363000
54519,246.00,2018-11-08_10:09:35.430000
54539,32.00,2018-11-08_10:09:35.531000
54559,0.00,2018-11-08_10:09:35.624000
54579,0.00,2018-11-08_10:09:35.706000
54599,0.00,2018-11-08_10:09:35.847000
54619,396.00,2018-11-08_10:09:35.996000
54639,1060.00,2018-11-08_10:09:36.144000
54659,1728.00,2018-11-08_10:09:36.234000
54679,2224.00,2018-11-08_10:09:36.303000
54699,2480.00,2018-11-08_10:09:36.413000
54719,2537.00,2018-11-08_10:09:36.510000
54739,2539.00,2018-11-08_10:09:36.587000
54759,2559.00,2018-11-08_10:09:36.719000
54779,2559.00,2018-11-08_10:09:36.801000
54799,2491.00,2018-11-08_10:09:36.891000
54819,2350.00,2018-11-08_10:09:36.977000
54839,2128.00,2018-11-08_10:09:37.056000
54859,1858.00,2018-11-08_10:09:37.158000
54879,1591.00,2018-11-08_10:09:37.256000
54899,1348.00,2018-11-08_10:09:37.318000
54919,1191.00,2018-11-08_10:09:37.411000
54939,1147.00,2018-11-08_10:09:37.539000
54959,1228.00,2018-11-08_10:09:37.678000
54979,1361.00,2018-11-08_10:09:37.781000
54999,1495.00,2018-11-08_10:09:37.854000
55019,1598.00,2018-11-08_10:09:37.951000
55039,1627.00,2018-11-08_10:09:38.082000
55059,1591.00,2018-11-08_10:09:38.192000
55079,1488.00,2018-11-08_10:09:38.286000
55099,1344.00,2018-11-08_10:09:38.389000
55119,1189.00,2018-11-08_10:09:38.513000
55139,1104.00,2018-11-08_10:09:38.644000
55159,1072.00,2018-11-08_10:09:38.773000
55179,1083.00,2018-11-08_10:09:38.856000
55199,1122.00,2018-11-08_10:09:38.937000
55219,1200.00,2018-11-08_10:09:39.026000
55239,1305.00,2018-11-08_10:09:39.111000
55259,1431.00,2018-11-08_10:09:39.195000
55279,1648.00,2018-11-08_10:09:39.279000
55299,2017.00,2018-11-08_10:09:39.359000
55319,2559.00,2018-11-08_10:09:39.439000
55339,3255.00,2018-11-08_10:09:39.539000
55359,3879.00,2018-11-08_10:09:39.624000
55379,3879.00,2018-11-08_10:09:39.714000
55399,3856.00,2018-11-08_10:09:39.789000
55419,3883.00,2018-11-08_10:09:39.904000
55439,3303.00,2018-11-08_10:09:40.031000
55459,2655.00,2018-11-08_10:09:40.143000
55479,2007.00,2018-11-08_10:09:40.223000
55499,1370.00,2018-11-08_10:09:40.280000
55519,784.00,2018-11-08_10:09:40.332000
55539,384.00,2018-11-08_10:09:40.408000
55559,160.00,2018-11-08_10:09:40.489000
55579,0.00,2018-11-08_10:09:40.571000
55599,0.00,2018-11-08_10:09:40.662000
55619,0.00,2018-11-08_10:09:40.772000
55639,0.00,2018-11-08_10:09:40.922000
55659,0.00,2018-11-08_10:09:41.049000
55679,202.00,2018-11-08_10:09:41.125000
55699,578.00,2018-11-08_10:09:41.205000
55719,1037.00,2018-11-08_10:09:41.300000
55739,1454.00,2018-11-08_10:09:41.398000
55759,1721.00,2018-11-08_10:09:41.480000
55779,1808.00,2018-11-08_10:09:41.597000
55799,1776.00,2018-11-08_10:09:41.667000
55819,1699.00,2018-11-08_10:09:41.726000
55839,1625.00,2018-11-08_10:09:41.792000
55859,1562.00,2018-11-08_10:09:41.857000
55879,1494.00,2018-11-08_10:09:41.923000
55899,1441.00,2018-11-08_10:09:42.005000
55919,1373.00,2018-11-08_10:09:42.095000
55939,1329.00,2018-11-08_10:09:42.191000
55959,1343.00,2018-11-08_10:09:42.319000
55979,1488.00,2018-11-08_10:09:42.444000
55999,1851.00,2018-11-08_10:09:42.576000
56019,2390.00,2018-11-08_10:09:42.714000
56039,3022.00,2018-11-08_10:09:42.822000
56059,3707.00,2018-11-08_10:09:42.907000
56079,3879.00,2018-11-08_10:09:43.049000
56099,3879.00,2018-11-08_10:09:43.188000
56119,3455.00,2018-11-08_10:09:43.301000
56139,2930.00,2018-11-08_10:09:43.377000
56159,2467.00,2018-11-08_10:09:43.445000
56179,1998.00,2018-11-08_10:09:43.497000
56199,1589.00,2018-11-08_10:09:43.597000
56219,1277.00,2018-11-08_10:09:43.657000
56239,1074.00,2018-11-08_10:09:43.705000
56259,960.00,2018-11-08_10:09:43.758000
56279,942.00,2018-11-08_10:09:43.826000
56299,1006.00,2018-11-08_10:09:43.894000
56319,1120.00,2018-11-08_10:09:43.956000
56339,1243.00,2018-11-08_10:09:44.012000
56359,1335.00,2018-11-08_10:09:44.068000
56379,1375.00,2018-11-08_10:09:44.119000
56399,1367.00,2018-11-08_10:09:44.170000
56419,1331.00,2018-11-08_10:09:44.242000
56439,1328.00,2018-11-08_10:09:44.305000
56459,1302.00,2018-11-08_10:09:44.376000
56479,1286.00,2018-11-08_10:09:44.444000
56499,1244.00,2018-11-08_10:09:44.511000
56519,1185.00,2018-11-08_10:09:44.575000
56539,1136.00,2018-11-08_10:09:44.643000
56559,1136.00,2018-11-08_10:09:44.743000
56579,1182.00,2018-11-08_10:09:44.860000
56599,1296.00,2018-11-08_10:09:45.004000
56619,1513.00,2018-11-08_10:09:45.122000
56639,1751.00,2018-11-08_10:09:45.257000
56659,2003.00,2018-11-08_10:09:45.391000
56679,2325.00,2018-11-08_10:09:45.473000
56699,2701.00,2018-11-08_10:09:45.554000
56719,3071.00,2018-11-08_10:09:45.669000
56739,3383.00,2018-11-08_10:09:45.753000
56759,3491.00,2018-11-08_10:09:45.825000
56779,3375.00,2018-11-08_10:09:45.881000
56799,3093.00,2018-11-08_10:09:45.935000
56819,2781.00,2018-11-08_10:09:46.003000
56839,2474.00,2018-11-08_10:09:46.096000
56859,2201.00,2018-11-08_10:09:46.201000
56879,1952.00,2018-11-08_10:09:46.313000
56899,1731.00,2018-11-08_10:09:46.377000
56919,1535.00,2018-11-08_10:09:46.479000
56939,1410.00,2018-11-08_10:09:46.548000
56959,1344.00,2018-11-08_10:09:46.622000
56979,1349.00,2018-11-08_10:09:46.682000
56999,1402.00,2018-11-08_10:09:46.789000
57019,1477.00,2018-11-08_10:09:46.855000
57039,1535.00,2018-11-08_10:09:46.921000
57059,1575.00,2018-11-08_10:09:46.994000
57079,1565.00,2018-11-08_10:09:47.059000
57099,1520.00,2018-11-08_10:09:47.133000
57119,1438.00,2018-11-08_10:09:47.207000
57139,1345.00,2018-11-08_10:09:47.258000
57159,1257.00,2018-11-08_10:09:47.314000
57179,1172.00,2018-11-08_10:09:47.370000
57199,1103.00,2018-11-08_10:09:47.459000
57219,1067.00,2018-11-08_10:09:47.539000
57239,1063.00,2018-11-08_10:09:47.618000
57259,1078.00,2018-11-08_10:09:47.701000
57279,1124.00,2018-11-08_10:09:47.765000
57299,1191.00,2018-11-08_10:09:47.814000
57319,1307.00,2018-11-08_10:09:47.878000
57339,1535.00,2018-11-08_10:09:47.954000
57359,1941.00,2018-11-08_10:09:48.026000
57379,2426.00,2018-11-08_10:09:48.113000
57399,2901.00,2018-11-08_10:09:48.214000
57419,3295.00,2018-11-08_10:09:48.296000
57439,3442.00,2018-11-08_10:09:48.358000
57459,3290.00,2018-11-08_10:09:48.418000
57479,2959.00,2018-11-08_10:09:48.472000
57499,2636.00,2018-11-08_10:09:48.563000
57519,2285.00,2018-11-08_10:09:48.629000
57539,2007.00,2018-11-08_10:09:48.733000
57559,1807.00,2018-11-08_10:09:48.784000
57579,1646.00,2018-11-08_10:09:48.840000
57599,1535.00,2018-11-08_10:09:48.903000
57619,1492.00,2018-11-08_10:09:48.971000
57639,1516.00,2018-11-08_10:09:49.038000
57659,1595.00,2018-11-08_10:09:49.115000
57679,1686.00,2018-11-08_10:09:49.185000
57699,1750.00,2018-11-08_10:09:49.252000
57719,1782.00,2018-11-08_10:09:49.322000
57739,1780.00,2018-11-08_10:09:49.406000
57759,1713.00,2018-11-08_10:09:49.466000
57779,1587.00,2018-11-08_10:09:49.544000
57799,1412.00,2018-11-08_10:09:49.619000
57819,1245.00,2018-11-08_10:09:49.691000
57839,1131.00,2018-11-08_10:09:49.743000
57859,1061.00,2018-11-08_10:09:49.828000
57879,1036.00,2018-11-08_10:09:49.927000
57899,1041.00,2018-11-08_10:09:50.017000
57919,1072.00,2018-11-08_10:09:50.096000
57939,1102.00,2018-11-08_10:09:50.211000
57959,1109.00,2018-11-08_10:09:50.341000
57979,1129.00,2018-11-08_10:09:50.479000
57999,1180.00,2018-11-08_10:09:50.622000
58019,1360.00,2018-11-08_10:09:50.737000
58039,1743.00,2018-11-08_10:09:50.862000
58059,2247.00,2018-11-08_10:09:50.964000
58079,2779.00,2018-11-08_10:09:51.045000
58099,3263.00,2018-11-08_10:09:51.120000
58119,3570.00,2018-11-08_10:09:51.176000
58139,3527.00,2018-11-08_10:09:51.234000
58159,3243.00,2018-11-08_10:09:51.305000
58179,2897.00,2018-11-08_10:09:51.376000
58199,2595.00,2018-11-08_10:09:51.442000
58219,2307.00,2018-11-08_10:09:51.506000
58239,2045.00,2018-11-08_10:09:51.572000
58259,1809.00,2018-11-08_10:09:51.681000
58279,1623.00,2018-11-08_10:09:51.796000
58299,1502.00,2018-11-08_10:09:51.894000
58319,1440.00,2018-11-08_10:09:52.022000
58339,1418.00,2018-11-08_10:09:52.147000
58359,1434.00,2018-11-08_10:09:52.244000
58379,1482.00,2018-11-08_10:09:52.353000
58399,1522.00,2018-11-08_10:09:52.482000
58419,1535.00,2018-11-08_10:09:52.590000
58439,1521.00,2018-11-08_10:09:52.683000
58459,1486.00,2018-11-08_10:09:52.772000
58479,1428.00,2018-11-08_10:09:52.841000
58499,1370.00,2018-11-08_10:09:52.907000
58519,1314.00,2018-11-08_10:09:52.975000
58539,1219.00,2018-11-08_10:09:53.043000
58559,1073.00,2018-11-08_10:09:53.128000
58579,909.00,2018-11-08_10:09:53.223000
58599,808.00,2018-11-08_10:09:53.319000
58619,843.00,2018-11-08_10:09:53.447000
58639,912.00,2018-11-08_10:09:53.582000
58659,998.00,2018-11-08_10:09:53.718000
58679,1136.00,2018-11-08_10:09:53.800000
58699,1421.00,2018-11-08_10:09:53.886000
58719,1904.00,2018-11-08_10:09:53.964000
58739,2512.00,2018-11-08_10:09:54.067000
58759,3183.00,2018-11-08_10:09:54.190000
58779,3887.00,2018-11-08_10:09:54.274000
58799,3899.00,2018-11-08_10:09:54.359000
58819,3891.00,2018-11-08_10:09:54.442000
58839,3891.00,2018-11-08_10:09:54.511000
58859,3603.00,2018-11-08_10:09:54.582000
58879,3025.00,2018-11-08_10:09:54.655000
58899,2589.00,2018-11-08_10:09:54.787000
58919,2192.00,2018-11-08_10:09:54.924000
58939,1845.00,2018-11-08_10:09:55.067000
58959,1575.00,2018-11-08_10:09:55.192000
58979,1392.00,2018-11-08_10:09:55.284000
58999,1328.00,2018-11-08_10:09:55.398000
59019,1362.00,2018-11-08_10:09:55.473000
59039,1468.00,2018-11-08_10:09:55.532000
59059,1586.00,2018-11-08_10:09:55.648000
59079,1676.00,2018-11-08_10:09:55.781000
59099,1718.00,2018-11-08_10:09:55.909000
59119,1698.00,2018-11-08_10:09:56.039000
59139,1625.00,2018-11-08_10:09:56.181000
59159,1520.00,2018-11-08_10:09:56.299000
59179,1408.00,2018-11-08_10:09:56.433000
59199,1309.00,2018-11-08_10:09:56.530000
59219,1237.00,2018-11-08_10:09:56.593000
59239,1184.00,2018-11-08_10:09:56.654000
59259,1139.00,2018-11-08_10:09:56.719000
59279,1111.00,2018-11-08_10:09:56.839000
59299,1101.00,2018-11-08_10:09:56.961000
59319,1105.00,2018-11-08_10:09:57.078000
59339,1162.00,2018-11-08_10:09:57.206000
59359,1355.00,2018-11-08_10:09:57.318000
59379,1765.00,2018-11-08_10:09:57.438000
59399,2351.00,2018-11-08_10:09:57.507000
59419,3030.00,2018-11-08_10:09:57.597000
59439,3875.00,2018-11-08_10:09:57.675000
594799208.t,3895.00,2018-11-08_10:10:04.540000
83099,3280.00,2018-11-08_10:10:05.278000
