71739,860,1569,690,8/11/2018 13:54
71759,906,1566,685,8/11/2018 13:54
71779,1052,1565,664,8/11/2018 13:54
71799,1258,1569,688,8/11/2018 13:54
71819,1485,1562,721,8/11/2018 13:54
71839,1698,1568,688,8/11/2018 13:54
71859,1836,1567,698,8/11/2018 13:54
71879,1872,1567,688,8/11/2018 13:54
71899,1822,1565,688,8/11/2018 13:54
71919,1717,1584,693,8/11/2018 13:54
71939,1594,1569,688,8/11/2018 13:54
71959,1482,1570,688,8/11/2018 13:54
71979,1401,1568,728,8/11/2018 13:54
71999,1356,1569,678,8/11/2018 13:54
72019,1344,1579,689,8/11/2018 13:54
72039,1357,1567,688,8/11/2018 13:54
72059,1386,1570,692,8/11/2018 13:54
72079,1427,1535,688,8/11/2018 13:54
72099,1498,1568,688,8/11/2018 13:54
72119,1664,1568,688,8/11/2018 13:54
72139,2118,1568,688,8/11/2018 13:54
72159,2798,1568,688,8/11/2018 13:54
72179,3539,1568,688,8/11/2018 13:54
72199,3867,1569,688,8/11/2018 13:54
72219,3679,1568,688,8/11/2018 13:54
72239,3070,1567,688,8/11/2018 13:54
72259,2480,1565,689,8/11/2018 13:54
72279,1931,1572,688,8/11/2018 13:54
72299,1456,1568,686,8/11/2018 13:54
72319,1116,1570,688,8/11/2018 13:54
72339,912,1568,688,8/11/2018 13:54
72359,850,1566,686,8/11/2018 13:54
72379,906,1563,659,8/11/2018 13:54
72399,1056,1563,688,8/11/2018 13:54
72419,1267,1561,688,8/11/2018 13:54
72439,1499,1562,688,8/11/2018 13:54
72459,1710,1562,688,8/11/2018 13:54
72479,1847,1558,688,8/11/2018 13:54
72499,1897,1561,688,8/11/2018 13:54
72519,1861,1583,689,8/11/2018 13:54
72539,1766,1559,688,8/11/2018 13:54
72559,1653,1563,688,8/11/2018 13:54
72579,1535,1561,688,8/11/2018 13:54
72599,1456,1559,687,8/11/2018 13:54
72619,1405,1561,688,8/11/2018 13:54
72639,1380,1561,685,8/11/2018 13:54
72659,1390,1554,688,8/11/2018 13:54
72679,1420,1562,688,8/11/2018 13:54
72699,1503,1535,688,8/11/2018 13:54
72719,1815,1557,688,8/11/2018 13:54
72739,2473,1558,688,8/11/2018 13:54
72759,3327,1563,692,8/11/2018 13:54
72779,3867,1559,688,8/11/2018 13:54
72799,3867,1562,688,8/11/2018 13:54
72819,3871,1562,686,8/11/2018 13:54
72839,3309,1566,688,8/11/2018 13:54
72859,2613,1555,690,8/11/2018 13:54
72879,2005,1563,688,8/11/2018 13:54
72899,1507,1555,672,8/11/2018 13:54
72919,1157,1562,688,8/11/2018 13:54
72939,950,1558,688,8/11/2018 13:54
72959,880,1555,685,8/11/2018 13:54
72979,925,1559,688,8/11/2018 13:54
72999,1072,1557,688,8/11/2018 13:54
73019,1280,1555,688,8/11/2018 13:54
73039,1509,1613,696,8/11/2018 13:54
73059,1711,1557,688,8/11/2018 13:54
73079,1838,1559,688,8/11/2018 13:54
73099,1861,1559,688,8/11/2018 13:54
73119,1805,1557,688,8/11/2018 13:54
73139,1696,1558,689,8/11/2018 13:54
73159,1573,1557,688,8/11/2018 13:54
73179,1462,1559,691,8/11/2018 13:54
73199,1386,1535,688,8/11/2018 13:54
73219,1341,1555,688,8/11/2018 13:54
73239,1331,1557,686,8/11/2018 13:54
73259,1355,1557,686,8/11/2018 13:54
73279,1392,1557,688,8/11/2018 13:54
73299,1454,1555,690,8/11/2018 13:54
73319,1627,1553,688,8/11/2018 13:54
73339,2139,1556,678,8/11/2018 13:54
73359,2959,1501,686,8/11/2018 13:54
73379,3867,1527,688,8/11/2018 13:54
73399,3867,1556,688,8/11/2018 13:54
73419,3867,1535,688,8/11/2018 13:54
73439,3869,1569,688,8/11/2018 13:54
73459,3735,1554,677,8/11/2018 13:54
73479,2828,1568,688,8/11/2018 13:54
73499,2163,1535,688,8/11/2018 13:54
73519,1619,1567,688,8/11/2018 13:54
73539,1232,1557,688,8/11/2018 13:54
73559,991,1535,686,8/11/2018 13:54
73579,904,1535,688,8/11/2018 13:54
73599,944,1535,686,8/11/2018 13:54
73619,1095,1535,688,8/11/2018 13:54
73639,1294,1569,680,8/11/2018 13:54
73659,1502,1535,685,8/11/2018 13:54
73679,1658,1535,688,8/11/2018 13:54
73699,1723,1578,688,8/11/2018 13:54
73719,1706,1535,688,8/11/2018 13:54
73739,1629,1535,688,8/11/2018 13:54
73759,1518,1554,694,8/11/2018 13:54
73779,1411,1535,688,8/11/2018 13:54
73799,1337,1535,682,8/11/2018 13:54
73819,1303,1535,710,8/11/2018 13:54
73839,1296,1535,694,8/11/2018 13:54
73859,1317,1535,688,8/11/2018 13:54
73879,1351,1535,667,8/11/2018 13:54
73899,1401,1535,689,8/11/2018 13:54
73919,1456,1535,690,8/11/2018 13:54
73939,1559,1533,688,8/11/2018 13:54
73959,1865,1531,693,8/11/2018 13:54
73979,2499,1527,704,8/11/2018 13:54
73999,3291,1531,692,8/11/2018 13:54
74019,3863,1530,688,8/11/2018 13:54
74039,3863,1517,690,8/11/2018 13:54
74059,3703,1527,692,8/11/2018 13:54
74079,2987,1524,697,8/11/2018 13:54
74099,2375,1525,704,8/11/2018 13:54
74119,1827,1522,694,8/11/2018 13:54
74139,1385,1522,701,8/11/2018 13:54
74159,1084,1521,690,8/11/2018 13:54
74179,906,1521,693,8/11/2018 13:54
74199,850,1520,696,8/11/2018 13:54
74219,912,1520,694,8/11/2018 13:54
74239,1059,1520,698,8/11/2018 13:54
74259,1245,1520,696,8/11/2018 13:54
74279,1439,1517,695,8/11/2018 13:54
74299,1607,1517,691,8/11/2018 13:54
74319,1712,1495,693,8/11/2018 13:54
74339,1744,1518,692,8/11/2018 13:54
74359,1715,1517,698,8/11/2018 13:54
74379,1651,1515,694,8/11/2018 13:54
74399,1572,1515,696,8/11/2018 13:54
74419,1494,1510,695,8/11/2018 13:54
74439,1453,1513,697,8/11/2018 13:54
74459,1427,1492,695,8/11/2018 13:54
74479,1424,1508,693,8/11/2018 13:54
74499,1437,1505,694,8/11/2018 13:54
74519,1461,1502,704,8/11/2018 13:54
74539,1535,1499,701,8/11/2018 13:54
74559,1827,1491,694,8/11/2018 13:54
74579,2382,1495,696,8/11/2018 13:54
74599,2986,1494,693,8/11/2018 13:54
74619,3474,1495,693,8/11/2018 13:54
74639,3505,1495,696,8/11/2018 13:54
74659,3091,1494,704,8/11/2018 13:54
74679,2559,1501,693,8/11/2018 13:54
74699,2065,1495,693,8/11/2018 13:54
74719,1594,1495,704,8/11/2018 13:54
74739,1225,1495,694,8/11/2018 13:54
74759,971,1498,687,8/11/2018 13:54
74779,851,1498,697,8/11/2018 13:54
74799,848,1494,690,8/11/2018 13:54
74819,954,1498,672,8/11/2018 13:54
74839,1133,1494,692,8/11/2018 13:54
74859,1334,1499,692,8/11/2018 13:54
74879,1530,1497,691,8/11/2018 13:54
74899,1707,1494,689,8/11/2018 13:54
74919,1801,1493,693,8/11/2018 13:54
74939,1835,1495,688,8/11/2018 13:54
74959,1808,1493,688,8/11/2018 13:54
74979,1730,1497,691,8/11/2018 13:54
74999,1649,1491,690,8/11/2018 13:54
75019,1562,1492,693,8/11/2018 13:54
75039,1489,1492,693,8/11/2018 13:54
75059,1457,1478,688,8/11/2018 13:54
75079,1443,1494,688,8/11/2018 13:54
75099,1463,1493,692,8/11/2018 13:54
75119,1584,1491,694,8/11/2018 13:54
75139,1940,1494,688,8/11/2018 13:54
75159,2559,1493,690,8/11/2018 13:54
75179,3291,1495,689,8/11/2018 13:54
75199,3859,1491,689,8/11/2018 13:54
75219,3798,1491,697,8/11/2018 13:54
75239,3271,1493,704,8/11/2018 13:54
75259,2689,1489,693,8/11/2018 13:54
75279,2135,1488,690,8/11/2018 13:54
75299,1645,1488,690,8/11/2018 13:54
75319,1264,1488,693,8/11/2018 13:54
75339,1017,1485,693,8/11/2018 13:54
75359,904,1463,690,8/11/2018 13:54
75379,901,1488,692,8/11/2018 13:54
75399,995,1483,704,8/11/2018 13:54
75419,1168,1485,720,8/11/2018 13:54
75439,1387,1488,692,8/11/2018 13:54
75459,1614,1483,691,8/11/2018 13:54
75479,1783,1482,696,8/11/2018 13:54
75499,1879,1483,693,8/11/2018 13:54
75519,1885,1492,688,8/11/2018 13:54
75539,1818,1488,691,8/11/2018 13:54
75559,1711,1479,692,8/11/2018 13:54
75579,1595,1488,690,8/11/2018 13:54
75599,1487,1485,691,8/11/2018 13:54
75619,1412,1483,690,8/11/2018 13:54
75639,1372,1483,692,8/11/2018 13:54
75659,1376,1481,692,8/11/2018 13:54
75679,1450,1479,688,8/11/2018 13:54
75699,1788,1477,688,8/11/2018 13:54
75719,2471,1472,688,8/11/2018 13:54
75739,3341,1472,662,8/11/2018 13:54
75759,3867,1479,690,8/11/2018 13:54
75779,3863,1467,698,8/11/2018 13:54
75799,3871,1469,694,8/11/2018 13:54
75819,3667,1463,688,8/11/2018 13:54
75839,2879,1460,678,8/11/2018 13:54
75859,2275,1460,690,8/11/2018 13:54
75879,1763,1456,688,8/11/2018 13:54
75899,1376,1456,695,8/11/2018 13:54
75919,1110,1451,684,8/11/2018 13:54
75939,969,1456,690,8/11/2018 13:54
75959,944,1456,691,8/11/2018 13:54
75979,1008,1455,689,8/11/2018 13:54
75999,1156,1453,689,8/11/2018 13:54
76019,1349,1452,674,8/11/2018 13:54
76039,1533,1449,688,8/11/2018 13:54
76059,1671,1450,688,8/11/2018 13:54
76079,1728,1446,688,8/11/2018 13:54
76099,1712,1450,688,8/11/2018 13:54
76119,1642,1443,691,8/11/2018 13:54
76139,1535,1446,700,8/11/2018 13:54
76159,1446,1441,691,8/11/2018 13:54
76179,1365,1440,693,8/11/2018 13:54
76199,1316,1438,690,8/11/2018 13:54
76219,1308,1434,688,8/11/2018 13:54
76239,1321,1436,682,8/11/2018 13:54
76259,1392,1429,688,8/11/2018 13:54
76279,1666,1426,688,8/11/2018 13:54
76299,2316,1422,688,8/11/2018 13:54
76319,3214,1429,689,8/11/2018 13:54
76339,3871,1424,688,8/11/2018 13:54
76359,3867,1424,688,8/11/2018 13:54
76379,3871,1427,689,8/11/2018 13:54
76399,3863,1424,689,8/11/2018 13:54
76419,3527,1419,689,8/11/2018 13:54
76439,2719,1422,688,8/11/2018 13:54
76459,2111,1422,689,8/11/2018 13:54
76479,1626,1430,688,8/11/2018 13:54
76499,1275,1413,688,8/11/2018 13:54
76519,1056,1421,688,8/11/2018 13:54
76539,945,1416,690,8/11/2018 13:54
76559,944,1411,688,8/11/2018 13:54
76579,1037,1410,688,8/11/2018 13:54
76599,1184,1413,689,8/11/2018 13:54
76619,1351,1407,689,8/11/2018 13:54
76639,1501,1404,688,8/11/2018 13:54
76659,1605,1405,688,8/11/2018 13:54
76679,1630,1402,688,8/11/2018 13:54
76699,1604,1379,688,8/11/2018 13:54
76719,1534,1401,688,8/11/2018 13:54
76739,1451,1392,688,8/11/2018 13:54
76759,1367,1397,688,8/11/2018 13:54
76779,1305,1393,689,8/11/2018 13:54
76799,1280,1394,688,8/11/2018 13:54
76819,1273,1399,688,8/11/2018 13:54
76839,1286,1392,688,8/11/2018 13:54
76859,1318,1392,688,8/11/2018 13:54
76879,1377,1392,688,8/11/2018 13:54
76899,1566,1392,689,8/11/2018 13:54
76919,2100,1366,688,8/11/2018 13:54
76939,2947,1392,690,8/11/2018 13:54
76959,3871,1391,688,8/11/2018 13:54
76979,3869,1386,689,8/11/2018 13:54
76999,3863,1381,689,8/11/2018 13:54
77019,3867,1379,689,8/11/2018 13:54
77039,3863,1382,688,8/11/2018 13:54
77059,3022,1378,688,8/11/2018 13:54
77079,2320,1378,689,8/11/2018 13:54
77099,1749,1376,688,8/11/2018 13:54
77119,1324,1371,688,8/11/2018 13:54
77139,1042,1373,688,8/11/2018 13:54
77159,890,1360,689,8/11/2018 13:54
77179,870,1373,688,8/11/2018 13:54
77199,948,1366,688,8/11/2018 13:54
77219,1114,1369,688,8/11/2018 13:54
77239,1309,1366,689,8/11/2018 13:54
77259,1483,1364,688,8/11/2018 13:54
77279,1606,1333,688,8/11/2018 13:54
77299,1648,1362,688,8/11/2018 13:54
77319,1627,1397,688,8/11/2018 13:54
77339,1558,1353,688,8/11/2018 13:54
77359,1461,1360,688,8/11/2018 13:54
77379,1371,1358,688,8/11/2018 13:54
77399,1295,1337,690,8/11/2018 13:54
77419,1243,1344,686,8/11/2018 13:54
77439,1232,1379,688,8/11/2018 13:54
77459,1241,1356,688,8/11/2018 13:54
77479,1280,1338,688,8/11/2018 13:54
77499,1328,1312,688,8/11/2018 13:54
77519,1383,1360,688,8/11/2018 13:54
77539,1431,1354,688,8/11/2018 13:54
77559,1518,1350,688,8/11/2018 13:54
77579,1823,1351,689,8/11/2018 13:54
77599,2510,1349,690,8/11/2018 13:54
77619,3486,1346,688,8/11/2018 13:54
77639,3863,1347,688,8/11/2018 13:55
77659,3867,1349,688,8/11/2018 13:55
77679,3863,1330,710,8/11/2018 13:55
77699,3867,1347,688,8/11/2018 13:55
77719,2993,1345,754,8/11/2018 13:55
77739,2275,1345,688,8/11/2018 13:55
77759,1664,1382,680,8/11/2018 13:55
77779,1204,1346,678,8/11/2018 13:55
77799,903,1344,688,8/11/2018 13:55
77819,772,1342,688,8/11/2018 13:55
77839,784,1341,688,8/11/2018 13:55
77859,902,1339,690,8/11/2018 13:55
77879,1108,1339,704,8/11/2018 13:55
77899,1344,1339,693,8/11/2018 13:55
77919,1554,1336,691,8/11/2018 13:55
77939,1697,1335,688,8/11/2018 13:55
77959,1756,1335,688,8/11/2018 13:55
77979,1734,1333,688,8/11/2018 13:55
77999,1659,1330,688,8/11/2018 13:55
78019,1535,1328,688,8/11/2018 13:55
78039,1434,1329,688,8/11/2018 13:55
78059,1338,1296,688,8/11/2018 13:55
78079,1275,1331,689,8/11/2018 13:55
78099,1242,1339,688,8/11/2018 13:55
78119,1248,1335,689,8/11/2018 13:55
78139,1278,1328,688,8/11/2018 13:55
78159,1328,1332,688,8/11/2018 13:55
78179,1374,1335,688,8/11/2018 13:55
78199,1420,1331,688,8/11/2018 13:55
78219,1515,1333,688,8/11/2018 13:55
78239,1866,1332,691,8/11/2018 13:55
78259,2559,1334,663,8/11/2018 13:55
78279,3507,1330,688,8/11/2018 13:55
78299,3867,1331,688,8/11/2018 13:55
78319,3867,1330,688,8/11/2018 13:55
78339,3867,1330,689,8/11/2018 13:55
78359,3179,1330,688,8/11/2018 13:55
78379,2450,1328,688,8/11/2018 13:55
78399,1825,1328,688,8/11/2018 13:55
78419,1318,1328,691,8/11/2018 13:55
78439,956,1328,688,8/11/2018 13:55
78459,761,1328,692,8/11/2018 13:55
78479,716,1328,688,8/11/2018 13:55
78499,784,1328,688,8/11/2018 13:55
78519,954,1326,689,8/11/2018 13:55
78539,1192,1325,688,8/11/2018 13:55
78559,1443,1328,688,8/11/2018 13:55
78579,1653,1323,688,8/11/2018 13:55
78599,1792,1325,688,8/11/2018 13:55
78619,1840,1326,688,8/11/2018 13:55
78639,1793,1325,688,8/11/2018 13:55
78659,1695,1326,688,8/11/2018 13:55
78679,1581,1328,688,8/11/2018 13:55
78699,1459,1323,688,8/11/2018 13:55
78719,1377,1322,688,8/11/2018 13:55
78739,1331,1322,688,8/11/2018 13:55
78759,1312,1325,688,8/11/2018 13:55
78779,1315,1317,688,8/11/2018 13:55
78799,1338,1328,688,8/11/2018 13:55
78819,1377,1325,688,8/11/2018 13:55
78839,1453,1328,688,8/11/2018 13:55
78859,1674,1327,688,8/11/2018 13:55
78879,2226,1322,688,8/11/2018 13:55
78899,2993,1323,688,8/11/2018 13:55
78919,3855,1328,688,8/11/2018 13:55
78939,3863,1320,688,8/11/2018 13:55
78959,3755,1324,688,8/11/2018 13:55
78979,3027,1323,688,8/11/2018 13:55
78999,2383,1322,694,8/11/2018 13:55
79019,1789,1317,687,8/11/2018 13:55
79039,1296,1318,688,8/11/2018 13:55
79059,950,1321,688,8/11/2018 13:55
79079,763,1321,684,8/11/2018 13:55
79099,714,1322,688,8/11/2018 13:55
79119,784,1328,678,8/11/2018 13:55
79139,960,1323,688,8/11/2018 13:55
79159,1200,1318,689,8/11/2018 13:55
79179,1451,1323,688,8/11/2018 13:55
79199,1677,1319,685,8/11/2018 13:55
79219,1822,1317,688,8/11/2018 13:55
79239,1878,1319,684,8/11/2018 13:55
79259,1851,1335,688,8/11/2018 13:55
79279,1770,1316,688,8/11/2018 13:55
79299,1667,1322,688,8/11/2018 13:55
79319,1559,1296,685,8/11/2018 13:55
79339,1469,1328,688,8/11/2018 13:55
79359,1409,1307,688,8/11/2018 13:55
79379,1377,1319,688,8/11/2018 13:55
79399,1362,1322,685,8/11/2018 13:55
79419,1383,1314,688,8/11/2018 13:55
79439,1457,1324,690,8/11/2018 13:55
79459,1725,1324,688,8/11/2018 13:55
79479,2294,1318,688,8/11/2018 13:55
79499,2967,1320,688,8/11/2018 13:55
79519,3551,1322,688,8/11/2018 13:55
79539,3631,1323,686,8/11/2018 13:55
79559,3167,1312,688,8/11/2018 13:55
79579,2591,1325,688,8/11/2018 13:55
79599,2000,1326,688,8/11/2018 13:55
79619,1477,1318,685,8/11/2018 13:55
79639,1077,1325,693,8/11/2018 13:55
79659,828,1322,688,8/11/2018 13:55
79679,742,1319,688,8/11/2018 13:55
79699,780,1321,616,8/11/2018 13:55
79719,912,1322,688,8/11/2018 13:55
79739,1127,1323,692,8/11/2018 13:55
79759,1381,1321,667,8/11/2018 13:55
79779,1618,1323,675,8/11/2018 13:55
79799,1792,1319,688,8/11/2018 13:55
79819,1879,1319,690,8/11/2018 13:55
79839,1893,1318,688,8/11/2018 13:55
79859,1838,1319,755,8/11/2018 13:55
79879,1742,1317,688,8/11/2018 13:55
79899,1630,1318,686,8/11/2018 13:55
79919,1535,1323,688,8/11/2018 13:55
79939,1461,1321,689,8/11/2018 13:55
79959,1420,1316,688,8/11/2018 13:55
79979,1408,1322,686,8/11/2018 13:55
79999,1459,1322,688,8/11/2018 13:55
80019,1684,1320,688,8/11/2018 13:55
80039,2246,1318,685,8/11/2018 13:55
80059,2992,1317,685,8/11/2018 13:55
80079,3799,1326,688,8/11/2018 13:55
80099,3871,1329,688,8/11/2018 13:55
80119,3611,1323,688,8/11/2018 13:55
80139,2935,1322,688,8/11/2018 13:55
80159,2325,1323,688,8/11/2018 13:55
80179,1762,1322,688,8/11/2018 13:55
80199,1296,1318,688,8/11/2018 13:55
80219,973,1319,687,8/11/2018 13:55
80239,803,1318,690,8/11/2018 13:55
80259,774,1318,688,8/11/2018 13:55
80279,858,1316,685,8/11/2018 13:55
80299,1035,1316,687,8/11/2018 13:55
80319,1257,1318,687,8/11/2018 13:55
80339,1489,1318,688,8/11/2018 13:55
80359,1694,1318,688,8/11/2018 13:55
80379,1819,1319,688,8/11/2018 13:55
80399,1859,1321,688,8/11/2018 13:55
80419,1823,1317,685,8/11/2018 13:55
80439,1735,1318,690,8/11/2018 13:55
80459,1625,1324,688,8/11/2018 13:55
80479,1523,1313,685,8/11/2018 13:55
80499,1452,1324,688,8/11/2018 13:55
80519,1410,1324,688,8/11/2018 13:55
80539,1404,1321,688,8/11/2018 13:55
80559,1434,1323,688,8/11/2018 13:55
80579,1587,1323,688,8/11/2018 13:55
80599,2093,1319,688,8/11/2018 13:55
80619,2883,1322,688,8/11/2018 13:55
80639,3863,1338,688,8/11/2018 13:55
80659,3867,1322,688,8/11/2018 13:55
80679,3870,1323,688,8/11/2018 13:55
80699,3866,1325,685,8/11/2018 13:55
80719,3217,1325,688,8/11/2018 13:55
80739,2503,1326,686,8/11/2018 13:55
80759,1907,1326,688,8/11/2018 13:55
80779,1445,1326,688,8/11/2018 13:55
80799,1131,1326,688,8/11/2018 13:55
80819,950,1328,688,8/11/2018 13:55
80839,904,1329,688,8/11/2018 13:55
80859,954,1326,688,8/11/2018 13:55
80879,1088,1342,683,8/11/2018 13:55
80899,1268,1327,688,8/11/2018 13:55
80919,1469,1327,686,8/11/2018 13:55
80939,1650,1327,688,8/11/2018 13:55
80959,1758,1328,686,8/11/2018 13:55
80979,1789,1328,688,8/11/2018 13:55
80999,1745,1328,688,8/11/2018 13:55
81019,1658,1328,688,8/11/2018 13:55
81039,1557,1326,687,8/11/2018 13:55
81059,1456,1328,686,8/11/2018 13:55
81079,1389,1328,683,8/11/2018 13:55
81099,1346,1324,685,8/11/2018 13:55
81119,1334,1327,688,8/11/2018 13:55
81139,1360,1328,685,8/11/2018 13:55
81159,1501,1328,688,8/11/2018 13:55
81179,1991,1328,685,8/11/2018 13:55
81199,2806,1328,677,8/11/2018 13:55
81219,3867,1328,672,8/11/2018 13:55
81239,3867,1364,688,8/11/2018 13:55
81259,3869,1302,688,8/11/2018 13:55
81279,3867,1328,688,8/11/2018 13:55
81299,3869,1328,688,8/11/2018 13:55
81319,3107,1302,690,8/11/2018 13:55
81339,2384,1342,685,8/11/2018 13:55
81359,1805,1326,685,8/11/2018 13:55
81379,1367,1328,686,8/11/2018 13:55
81399,1088,1333,688,8/11/2018 13:55
81419,934,1328,688,8/11/2018 13:55
81439,919,1326,688,8/11/2018 13:55
81459,1009,1328,688,8/11/2018 13:55
81479,1184,1329,688,8/11/2018 13:55
81499,1381,1328,685,8/11/2018 13:55
81519,1564,1327,688,8/11/2018 13:55
81539,1674,1309,684,8/11/2018 13:55
81559,1712,1328,686,8/11/2018 13:55
81579,1669,1321,688,8/11/2018 13:55
81599,1581,1328,685,8/11/2018 13:55
81619,1467,1329,701,8/11/2018 13:55
81639,1365,1322,660,8/11/2018 13:55
81659,1296,1328,720,8/11/2018 13:55
81679,1264,1239,685,8/11/2018 13:55
81699,1264,1328,688,8/11/2018 13:55
81719,1283,1328,708,8/11/2018 13:55
81739,1323,1319,688,8/11/2018 13:55
81759,1392,1331,682,8/11/2018 13:55
81779,1600,1344,685,8/11/2018 13:55
81799,2158,1328,686,8/11/2018 13:55
81819,2983,1328,685,8/11/2018 13:55
81839,3867,1325,688,8/11/2018 13:55
81859,3870,1328,688,8/11/2018 13:55
81879,3867,1325,688,8/11/2018 13:55
81899,3870,1326,688,8/11/2018 13:55
81919,3551,1328,687,8/11/2018 13:55
81939,2731,1327,692,8/11/2018 13:55
81959,2097,1326,685,8/11/2018 13:55
81979,1590,1327,681,8/11/2018 13:55
81999,1231,1326,688,8/11/2018 13:55
82019,1010,1327,688,8/11/2018 13:55
82039,931,1323,689,8/11/2018 13:55
82059,966,1331,684,8/11/2018 13:55
82079,1105,1326,688,8/11/2018 13:55
82099,1296,1328,688,8/11/2018 13:55
82119,1490,1327,684,8/11/2018 13:55
82139,1649,1323,688,8/11/2018 13:55
82159,1719,1328,688,8/11/2018 13:55
82179,1709,1328,688,8/11/2018 13:55
82199,1643,1326,684,8/11/2018 13:55
82219,1526,1327,684,8/11/2018 13:55
82239,1424,1328,686,8/11/2018 13:55
82259,1328,1327,688,8/11/2018 13:55
82279,1259,1326,685,8/11/2018 13:55
82299,1223,1328,686,8/11/2018 13:55
82319,1234,1328,688,8/11/2018 13:55
82339,1268,1326,686,8/11/2018 13:55
82359,1322,1328,686,8/11/2018 13:55
82379,1373,1327,688,8/11/2018 13:55
82399,1425,1327,684,8/11/2018 13:55
82419,1564,1328,688,8/11/2018 13:55
82439,1998,1327,686,8/11/2018 13:55
82459,2751,1326,688,8/11/2018 13:55
82479,3823,1317,686,8/11/2018 13:55
82499,3871,1327,686,8/11/2018 13:55
82519,3870,1328,698,8/11/2018 13:55
82539,3869,1328,677,8/11/2018 13:55
82559,3637,1328,685,8/11/2018 13:55
82579,2771,1328,684,8/11/2018 13:55
82599,2123,1327,685,8/11/2018 13:55
82619,1581,1328,684,8/11/2018 13:55
82639,1192,1328,685,8/11/2018 13:55
82659,962,1328,681,8/11/2018 13:55
82679,883,1316,685,8/11/2018 13:55
82699,938,1328,685,8/11/2018 13:55
82719,1093,1325,688,8/11/2018 13:55
82739,1322,1328,685,8/11/2018 13:55
82759,1555,1329,685,8/11/2018 13:55
82779,1731,1328,685,8/11/2018 13:55
82799,1821,1328,685,8/11/2018 13:55
82819,1810,1328,687,8/11/2018 13:55
82839,1728,1326,688,8/11/2018 13:55
82859,1614,1328,684,8/11/2018 13:55
82879,1488,1327,686,8/11/2018 13:55
82899,1386,1330,687,8/11/2018 13:55
82919,1309,1328,697,8/11/2018 13:55
82939,1262,1329,688,8/11/2018 13:55
82959,1245,1328,688,8/11/2018 13:55
82979,1250,1328,688,8/11/2018 13:55
82999,1280,1328,683,8/11/2018 13:55
83019,1358,1328,683,8/11/2018 13:55
83039,1652,1328,688,8/11/2018 13:55
83059,2286,1328,684,8/11/2018 13:55
83079,3055,1328,684,8/11/2018 13:55
83099,3863,1328,683,8/11/2018 13:55
83119,3871,1328,686,8/11/2018 13:55
83139,3870,1328,686,8/11/2018 13:55
83159,3137,1328,736,8/11/2018 13:55
83179,2483,1328,684,8/11/2018 13:55
83199,1903,1328,683,8/11/2018 13:55
83219,1414,1328,688,8/11/2018 13:55
83239,1072,1330,688,8/11/2018 13:55
83259,874,1325,683,8/11/2018 13:55
83279,816,1327,672,8/11/2018 13:55
83299,910,1328,686,8/11/2018 13:55
83319,1107,1328,685,8/11/2018 13:55
83339,1377,1328,686,8/11/2018 13:55
83359,1639,1328,687,8/11/2018 13:55
83379,1819,1328,684,8/11/2018 13:55
83399,1904,1328,683,8/11/2018 13:55
83419,1877,1328,684,8/11/2018 13:55
83439,1779,1326,682,8/11/2018 13:55
83459,1645,1328,685,8/11/2018 13:55
83479,1494,1328,684,8/11/2018 13:55
83499,1382,1328,684,8/11/2018 13:55
83519,1298,1328,685,8/11/2018 13:55
83539,1266,1328,685,8/11/2018 13:55
83559,1255,1328,678,8/11/2018 13:55
83579,1282,1331,685,8/11/2018 13:55
83599,1348,1312,659,8/11/2018 13:55
83619,1613,1328,684,8/11/2018 13:55
83639,2246,1333,688,8/11/2018 13:55
83659,3155,1345,672,8/11/2018 13:55
83679,3871,1329,670,8/11/2018 13:55
83699,3869,1328,682,8/11/2018 13:55
83719,3870,1331,686,8/11/2018 13:55
83739,3867,1376,688,8/11/2018 13:55
83759,3747,1331,688,8/11/2018 13:55
83779,2815,1334,629,8/11/2018 13:55
83799,2155,1330,685,8/11/2018 13:55
83819,1616,1331,683,8/11/2018 13:55
83839,1227,1330,685,8/11/2018 13:55
83859,981,1330,685,8/11/2018 13:55
83879,900,1329,685,8/11/2018 13:55
83899,966,1329,684,8/11/2018 13:55
83919,1148,1338,685,8/11/2018 13:55
83939,1376,1329,672,8/11/2018 13:55
83959,1593,1330,688,8/11/2018 13:55
83979,1734,1335,684,8/11/2018 13:55
83999,1778,1331,688,8/11/2018 13:55
84019,1728,1332,688,8/11/2018 13:55
84039,1627,1331,686,8/11/2018 13:55
84059,1499,1334,686,8/11/2018 13:55
84079,1376,1332,685,8/11/2018 13:55
84099,1294,1334,684,8/11/2018 13:55
84119,1241,1328,685,8/11/2018 13:55
84139,1227,1332,682,8/11/2018 13:55
84159,1232,1335,686,8/11/2018 13:55
84179,1264,1334,684,8/11/2018 13:55
84199,1327,1335,684,8/11/2018 13:55
84219,1522,1334,684,8/11/2018 13:55
84239,2087,1336,683,8/11/2018 13:55
84259,2957,1333,688,8/11/2018 13:55
84279,3867,1333,678,8/11/2018 13:55
84299,3869,1335,686,8/11/2018 13:55
84319,3867,1334,683,8/11/2018 13:55
84339,3867,1326,682,8/11/2018 13:55
84359,3867,1337,686,8/11/2018 13:55
84379,3867,1334,685,8/11/2018 13:55
84399,2997,1336,683,8/11/2018 13:55
84419,2294,1333,684,8/11/2018 13:55
84439,1742,1338,685,8/11/2018 13:55
84459,1332,1333,683,8/11/2018 13:55
84479,1073,1334,683,8/11/2018 13:55
84499,960,1330,684,8/11/2018 13:55
84519,977,1337,685,8/11/2018 13:55
84539,1106,1334,674,8/11/2018 13:55
84559,1280,1333,690,8/11/2018 13:55
84579,1445,1334,686,8/11/2018 13:55
84599,1563,1333,681,8/11/2018 13:55
84619,1599,1338,685,8/11/2018 13:55
84639,1565,1333,685,8/11/2018 13:55
84659,1479,1333,685,8/11/2018 13:55
84679,1383,1331,684,8/11/2018 13:55
84699,1296,1340,688,8/11/2018 13:55
84719,1242,1335,685,8/11/2018 13:55
84739,1214,1333,685,8/11/2018 13:55
84759,1210,1337,685,8/11/2018 13:55
84779,1221,1339,684,8/11/2018 13:55
84799,1264,1332,688,8/11/2018 13:55
84819,1306,1333,686,8/11/2018 13:55
84839,1351,1337,685,8/11/2018 13:55
84859,1396,1338,688,8/11/2018 13:55
84879,1491,1336,661,8/11/2018 13:55
84899,1869,1339,683,8/11/2018 13:55
84919,2623,1330,684,8/11/2018 13:55
84939,3782,1339,686,8/11/2018 13:55
84959,3869,1337,684,8/11/2018 13:55
84979,3863,1339,686,8/11/2018 13:55
84999,3871,1363,688,8/11/2018 13:55
85019,3851,1337,684,8/11/2018 13:55
85039,3863,1340,682,8/11/2018 13:55
85059,3143,1342,685,8/11/2018 13:55
85079,2389,1339,688,8/11/2018 13:55
85099,1809,1339,685,8/11/2018 13:55
85119,1372,1342,684,8/11/2018 13:55
85139,1090,1341,689,8/11/2018 13:55
85159,946,1341,685,8/11/2018 13:55
85179,944,1342,686,8/11/2018 13:55
85199,1052,1341,682,8/11/2018 13:55
85219,1212,1343,686,8/11/2018 13:55
85239,1381,1341,682,8/11/2018 13:55
85259,1516,1339,685,8/11/2018 13:55
85279,1585,1344,666,8/11/2018 13:55
85299,1585,1354,685,8/11/2018 13:55
85319,1521,1339,684,8/11/2018 13:55
85339,1434,1335,685,8/11/2018 13:55
85359,1337,1344,685,8/11/2018 13:55
85379,1258,1345,672,8/11/2018 13:55
85399,1191,1344,682,8/11/2018 13:55
85419,1161,1341,684,8/11/2018 13:55
85439,1161,1344,683,8/11/2018 13:55
85459,1201,1344,685,8/11/2018 13:55
85479,1232,1344,684,8/11/2018 13:55
85499,1282,1348,688,8/11/2018 13:55
85519,1346,1344,683,8/11/2018 13:55
85539,1394,1344,682,8/11/2018 13:55
85559,1451,1344,688,8/11/2018 13:55
85579,1488,1342,660,8/11/2018 13:55
85599,1509,1344,682,8/11/2018 13:55
85619,1520,1349,663,8/11/2018 13:55
85639,1523,1344,678,8/11/2018 13:55
85659,1607,1344,688,8/11/2018 13:55
85679,1986,1344,682,8/11/2018 13:55
85699,2753,1343,686,8/11/2018 13:55
85719,3871,1346,684,8/11/2018 13:55
85739,3867,1344,682,8/11/2018 13:55
85759,3869,1347,786,8/11/2018 13:55
85779,3869,1344,674,8/11/2018 13:55
85799,3871,1345,682,8/11/2018 13:55
85819,3135,1344,685,8/11/2018 13:55
85839,2374,1344,685,8/11/2018 13:55
85859,1770,1344,685,8/11/2018 13:55
85879,1324,1345,681,8/11/2018 13:55
85899,1040,1345,678,8/11/2018 13:55
85919,901,1346,688,8/11/2018 13:55
85939,896,1345,680,8/11/2018 13:55
85959,1006,1346,730,8/11/2018 13:55
85979,1189,1345,678,8/11/2018 13:55
85999,1390,1344,683,8/11/2018 13:55
86019,1561,1347,687,8/11/2018 13:55
86039,1651,1347,688,8/11/2018 13:55
86059,1664,1346,685,8/11/2018 13:55
86079,1615,1344,669,8/11/2018 13:55
86099,1520,1348,686,8/11/2018 13:55
86119,1416,1353,682,8/11/2018 13:55
86139,1321,1350,685,8/11/2018 13:55
86159,1248,1350,688,8/11/2018 13:55
86179,1215,1353,688,8/11/2018 13:55
86199,1206,1346,684,8/11/2018 13:55
86219,1232,1345,673,8/11/2018 13:55
86239,1277,1349,688,8/11/2018 13:55
86259,1330,1351,683,8/11/2018 13:55
86279,1386,1347,680,8/11/2018 13:55
86299,1437,1346,686,8/11/2018 13:55
86319,1476,1350,683,8/11/2018 13:55
86339,1513,1346,683,8/11/2018 13:55
86359,1535,1347,684,8/11/2018 13:55
86379,1584,1350,683,8/11/2018 13:55
86399,1776,1349,682,8/11/2018 13:55
86419,2323,1346,685,8/11/2018 13:55
86439,3111,1348,685,8/11/2018 13:55
86459,3867,1348,687,8/11/2018 13:55
86479,3871,1374,682,8/11/2018 13:55
86499,3869,1350,684,8/11/2018 13:55
86519,3423,1350,683,8/11/2018 13:55
86539,2679,1353,683,8/11/2018 13:55
86559,2071,1347,676,8/11/2018 13:55
86579,1533,1349,683,8/11/2018 13:55
86599,1162,1348,684,8/11/2018 13:55
86619,941,1349,682,8/11/2018 13:55
86639,848,1349,684,8/11/2018 13:55
86659,876,1296,683,8/11/2018 13:55
86679,997,1350,686,8/11/2018 13:55
86699,1194,1350,684,8/11/2018 13:55
86719,1424,1349,686,8/11/2018 13:55
86739,1651,1349,683,8/11/2018 13:55
86759,1802,1357,684,8/11/2018 13:55
86779,1846,1352,688,8/11/2018 13:55
86799,1803,1350,682,8/11/2018 13:55
86819,1701,1350,684,8/11/2018 13:55
86839,1566,1351,683,8/11/2018 13:55
86859,1434,1351,684,8/11/2018 13:55
86879,1342,1353,684,8/11/2018 13:55
86899,1285,1353,688,8/11/2018 13:55
86919,1266,1350,681,8/11/2018 13:55
86939,1284,1353,676,8/11/2018 13:55
86959,1315,1354,682,8/11/2018 13:55
86979,1358,1356,682,8/11/2018 13:55
86999,1408,1354,684,8/11/2018 13:55
87019,1467,1354,683,8/11/2018 13:55
87039,1601,1347,682,8/11/2018 13:55
87059,2000,1355,683,8/11/2018 13:55
87079,2679,1353,686,8/11/2018 13:55
87099,3467,1364,684,8/11/2018 13:55
87119,3871,1362,682,8/11/2018 13:55
87139,3867,1357,681,8/11/2018 13:55
87159,3261,1354,682,8/11/2018 13:55
87179,2613,1360,684,8/11/2018 13:55
87199,2009,1358,683,8/11/2018 13:55
87219,1488,1359,684,8/11/2018 13:55
87239,1104,1358,684,8/11/2018 13:55
87259,859,1358,684,8/11/2018 13:55
87279,768,1353,684,8/11/2018 13:55
87299,815,1356,682,8/11/2018 13:55
87319,945,1330,681,8/11/2018 13:55
87339,1154,1346,684,8/11/2018 13:55
87359,1392,1351,684,8/11/2018 13:55
87379,1617,1356,682,8/11/2018 13:55
87399,1775,1355,686,8/11/2018 13:55
87419,1850,1351,685,8/11/2018 13:55
87439,1829,1331,682,8/11/2018 13:55
87459,1739,1357,682,8/11/2018 13:55
87479,1617,1351,682,8/11/2018 13:55
87499,1504,1355,684,8/11/2018 13:55
87519,1418,1354,683,8/11/2018 13:55
87539,1363,1353,685,8/11/2018 13:55
87559,1344,1356,684,8/11/2018 13:55
87579,1355,1354,686,8/11/2018 13:55
87599,1380,1358,682,8/11/2018 13:55
87619,1419,1357,685,8/11/2018 13:55
87639,1458,1354,685,8/11/2018 13:55
87659,1505,1357,689,8/11/2018 13:55
87679,1613,1358,686,8/11/2018 13:55
87699,1968,1359,684,8/11/2018 13:55
87719,2679,1360,688,8/11/2018 13:55
87739,3679,1358,682,8/11/2018 13:55
87759,3871,1360,684,8/11/2018 13:55
87779,3863,1376,683,8/11/2018 13:55
87799,3867,1356,686,8/11/2018 13:55
87819,3371,1358,688,8/11/2018 13:55
87839,2597,1355,685,8/11/2018 13:55
87859,1967,1363,685,8/11/2018 13:55
87879,1461,1356,685,8/11/2018 13:55
87899,1133,1344,684,8/11/2018 13:55
87919,953,1360,688,8/11/2018 13:55
87939,902,1360,686,8/11/2018 13:55
87959,950,1351,685,8/11/2018 13:55
87979,1072,1356,686,8/11/2018 13:55
87999,1237,1359,684,8/11/2018 13:55
88019,1424,1350,683,8/11/2018 13:55
88039,1600,1357,682,8/11/2018 13:55
88059,1712,1360,685,8/11/2018 13:55
88079,1738,1360,685,8/11/2018 13:55
88099,1705,1359,686,8/11/2018 13:55
88119,1628,1358,685,8/11/2018 13:55
88139,1525,1359,682,8/11/2018 13:55
88159,1434,1376,685,8/11/2018 13:55
88179,1376,1357,685,8/11/2018 13:55
88199,1347,1353,683,8/11/2018 13:55
88219,1344,1356,682,8/11/2018 13:55
88239,1360,1357,682,8/11/2018 13:55
88259,1387,1357,684,8/11/2018 13:55
88279,1411,1360,682,8/11/2018 13:55
88299,1450,1359,682,8/11/2018 13:55
88319,1486,1360,685,8/11/2018 13:55
88339,1562,1360,682,8/11/2018 13:55
88359,1813,1360,686,8/11/2018 13:55
88379,2433,1360,688,8/11/2018 13:55
88399,3283,1360,685,8/11/2018 13:55
88419,3871,1360,676,8/11/2018 13:55
88439,3871,1361,683,8/11/2018 13:55
88459,3869,1360,684,8/11/2018 13:55
88479,3422,1356,688,8/11/2018 13:55
88499,2682,1361,680,8/11/2018 13:55
88519,2082,1360,684,8/11/2018 13:55
88539,1584,1360,685,8/11/2018 13:55
88559,1231,1360,686,8/11/2018 13:55
88579,1016,1360,685,8/11/2018 13:55
88599,930,1362,684,8/11/2018 13:55
88619,940,1333,685,8/11/2018 13:55
88639,1040,1362,683,8/11/2018 13:55
88659,1187,1362,684,8/11/2018 13:55
88679,1356,1360,684,8/11/2018 13:55
88699,1517,1361,685,8/11/2018 13:55
88719,1646,1360,685,8/11/2018 13:55
88739,1706,1362,684,8/11/2018 13:55
88759,1700,1362,686,8/11/2018 13:55
88779,1646,1362,686,8/11/2018 13:55
88799,1566,1361,682,8/11/2018 13:55
88819,1475,1361,682,8/11/2018 13:55
88839,1412,1361,686,8/11/2018 13:55
88859,1374,1364,686,8/11/2018 13:55
88879,1355,1353,685,8/11/2018 13:55
88899,1360,1362,682,8/11/2018 13:55
88919,1387,1363,674,8/11/2018 13:55
88939,1418,1360,684,8/11/2018 13:55
88959,1457,1361,684,8/11/2018 13:55
88979,1501,1360,684,8/11/2018 13:55
88999,1535,1362,682,8/11/2018 13:55
89019,1555,1361,682,8/11/2018 13:55
89039,1578,1363,684,8/11/2018 13:55
89059,1603,1364,684,8/11/2018 13:55
89079,1703,1361,685,8/11/2018 13:55
89099,2070,1365,688,8/11/2018 13:55
89119,2757,1363,684,8/11/2018 13:55
89139,3643,1363,682,8/11/2018 13:55
89159,3867,1376,684,8/11/2018 13:56
89179,3867,1366,681,8/11/2018 13:56
89199,3530,1364,684,8/11/2018 13:56
89219,2794,1366,686,8/11/2018 13:56
89239,2175,1361,684,8/11/2018 13:56
89259,1648,1366,682,8/11/2018 13:56
89279,1262,1364,682,8/11/2018 13:56
89299,1018,1365,675,8/11/2018 13:56
89319,912,1364,683,8/11/2018 13:56
89339,906,1364,685,8/11/2018 13:56
89359,1001,1365,683,8/11/2018 13:56
89379,1152,1362,681,8/11/2018 13:56
89399,1328,1365,681,8/11/2018 13:56
89419,1505,1365,684,8/11/2018 13:56
89439,1647,1366,684,8/11/2018 13:56
89459,1744,1367,683,8/11/2018 13:56
89479,1767,1366,685,8/11/2018 13:56
89499,1733,1367,684,8/11/2018 13:56
89519,1649,1366,684,8/11/2018 13:56
89539,1565,1369,682,8/11/2018 13:56
89559,1475,1372,682,8/11/2018 13:56
89579,1424,1371,682,8/11/2018 13:56
89599,1394,1369,682,8/11/2018 13:56
89619,1403,1369,681,8/11/2018 13:56
89639,1431,1367,681,8/11/2018 13:56
89659,1462,1369,685,8/11/2018 13:56
89679,1496,1369,682,8/11/2018 13:56
89699,1530,1370,684,8/11/2018 13:56
89719,1566,1366,685,8/11/2018 13:56
89739,1588,1392,683,8/11/2018 13:56
89759,1603,1369,682,8/11/2018 13:56
89779,1613,1369,688,8/11/2018 13:56
89799,1621,1337,685,8/11/2018 13:56
89819,1680,1375,686,8/11/2018 13:56
89839,1907,1344,683,8/11/2018 13:56
89859,2463,1373,685,8/11/2018 13:56
89879,3179,1371,689,8/11/2018 13:56
89899,3819,1370,682,8/11/2018 13:56
89919,3811,1376,685,8/11/2018 13:56
89939,3279,1363,682,8/11/2018 13:56
89959,2672,1366,678,8/11/2018 13:56
89979,2102,1365,681,8/11/2018 13:56
89999,1602,1365,680,8/11/2018 13:56
90019,1232,1371,682,8/11/2018 13:56
90039,1009,1378,681,8/11/2018 13:56
90059,923,1371,682,8/11/2018 13:56
90079,944,1372,685,8/11/2018 13:56
90099,1050,1369,683,8/11/2018 13:56
90119,1213,1413,682,8/11/2018 13:56
90139,1392,1382,688,8/11/2018 13:56
90159,1575,1368,683,8/11/2018 13:56
90179,1727,1369,682,8/11/2018 13:56
90199,1809,1371,688,8/11/2018 13:56
90219,1825,1366,681,8/11/2018 13:56
90239,1776,1369,688,8/11/2018 13:56
90259,1698,1369,682,8/11/2018 13:56
90279,1614,1371,685,8/11/2018 13:56
90299,1531,1370,682,8/11/2018 13:56
90319,1476,1370,684,8/11/2018 13:56
90339,1446,1369,682,8/11/2018 13:56
90359,1447,1392,684,8/11/2018 13:56
90379,1459,1371,684,8/11/2018 13:56
90399,1487,1371,682,8/11/2018 13:56
90419,1514,1377,683,8/11/2018 13:56
90439,1535,1366,684,8/11/2018 13:56
90459,1615,1376,680,8/11/2018 13:56
90479,1789,1374,684,8/11/2018 13:56
90499,2229,1376,683,8/11/2018 13:56
90519,2822,1375,682,8/11/2018 13:56
90539,3351,1372,682,8/11/2018 13:56
90559,3491,1344,686,8/11/2018 13:56
90579,3131,1376,681,8/11/2018 13:56
90599,2619,1372,684,8/11/2018 13:56
90619,2091,1367,682,8/11/2018 13:56
90639,1616,1374,682,8/11/2018 13:56
90659,1246,1373,682,8/11/2018 13:56
90679,1013,1376,681,8/11/2018 13:56
90699,928,1369,682,8/11/2018 13:56
90719,951,1374,682,8/11/2018 13:56
90739,1067,1376,682,8/11/2018 13:56
90759,1223,1378,678,8/11/2018 13:56
90779,1410,1374,682,8/11/2018 13:56
90799,1594,1375,681,8/11/2018 13:56
90819,1747,1377,688,8/11/2018 13:56
90839,1839,1378,683,8/11/2018 13:56
90859,1845,1374,688,8/11/2018 13:56
90879,1808,1373,682,8/11/2018 13:56
90899,1729,1367,682,8/11/2018 13:56
90919,1642,1374,682,8/11/2018 13:56
90939,1563,1375,683,8/11/2018 13:56
90959,1506,1374,681,8/11/2018 13:56
90979,1481,1375,684,8/11/2018 13:56
90999,1475,1386,682,8/11/2018 13:56
91019,1493,1379,683,8/11/2018 13:56
91039,1520,1376,678,8/11/2018 13:56
91059,1559,1390,682,8/11/2018 13:56
91079,1651,1376,681,8/11/2018 13:56
91099,1955,1379,681,8/11/2018 13:56
91119,2559,1376,682,8/11/2018 13:56
91139,3285,1378,682,8/11/2018 13:56
91159,3856,1378,680,8/11/2018 13:56
91179,3799,1375,681,8/11/2018 13:56
91199,3267,1375,682,8/11/2018 13:56
91219,2683,1378,678,8/11/2018 13:56
91239,2131,1376,681,8/11/2018 13:56
91259,1650,1376,688,8/11/2018 13:56
91279,1280,1386,681,8/11/2018 13:56
91299,1070,1378,684,8/11/2018 13:56
91319,954,1379,681,8/11/2018 13:56
91339,965,1379,681,8/11/2018 13:56
91359,1070,1372,682,8/11/2018 13:56
91379,1219,1376,683,8/11/2018 13:56
91399,1399,1377,680,8/11/2018 13:56
91419,1596,1382,682,8/11/2018 13:56
91439,1755,1378,682,8/11/2018 13:56
91459,1840,1378,678,8/11/2018 13:56
91479,1840,1379,682,8/11/2018 13:56
91499,1786,1377,686,8/11/2018 13:56
91519,1699,1378,682,8/11/2018 13:56
91539,1607,1379,682,8/11/2018 13:56
91559,1521,1378,678,8/11/2018 13:56
91579,1475,1377,752,8/11/2018 13:56
91599,1453,1379,681,8/11/2018 13:56
91619,1456,1380,682,8/11/2018 13:56
91639,1475,1386,677,8/11/2018 13:56
91659,1498,1379,637,8/11/2018 13:56
91679,1524,1380,681,8/11/2018 13:56
91699,1572,1392,680,8/11/2018 13:56
91719,1709,1376,678,8/11/2018 13:56
91739,2144,1378,678,8/11/2018 13:56
91759,2870,1387,681,8/11/2018 13:56
91779,3791,1375,688,8/11/2018 13:56
91799,3871,1405,683,8/11/2018 13:56
91819,3867,1381,620,8/11/2018 13:56
91839,3639,1379,683,8/11/2018 13:56
91859,2901,1387,672,8/11/2018 13:56
91879,2311,1423,683,8/11/2018 13:56
91899,1808,1274,688,8/11/2018 13:56
91919,1424,1392,687,8/11/2018 13:56
91939,1186,1383,682,8/11/2018 13:56
91959,1072,1386,685,8/11/2018 13:56
91979,1057,1383,683,8/11/2018 13:56
91999,1118,1385,684,8/11/2018 13:56
92019,1243,1389,672,8/11/2018 13:56
92039,1401,1383,680,8/11/2018 13:56
92059,1569,1382,684,8/11/2018 13:56
92079,1689,1384,681,8/11/2018 13:56
92099,1757,1380,770,8/11/2018 13:56
92119,1762,1382,657,8/11/2018 13:56
92139,1712,1381,684,8/11/2018 13:56
92159,1617,1381,682,8/11/2018 13:56
92179,1518,1382,672,8/11/2018 13:56
92199,1433,1383,660,8/11/2018 13:56
92219,1390,1383,666,8/11/2018 13:56
92239,1376,1386,682,8/11/2018 13:56
92259,1389,1383,684,8/11/2018 13:56
92279,1416,1357,683,8/11/2018 13:56
92299,1456,1384,682,8/11/2018 13:56
92319,1491,1381,697,8/11/2018 13:56
92339,1529,1366,688,8/11/2018 13:56
92359,1596,1384,681,8/11/2018 13:56
92379,1785,1378,684,8/11/2018 13:56
92399,2302,1383,688,8/11/2018 13:56
92419,3055,1377,684,8/11/2018 13:56
92439,3867,1382,678,8/11/2018 13:56
92459,3871,1382,684,8/11/2018 13:56
92479,3867,1381,688,8/11/2018 13:56
92499,3671,1382,678,8/11/2018 13:56
92519,2911,1392,681,8/11/2018 13:56
92539,2307,1392,683,8/11/2018 13:56
92559,1807,1384,687,8/11/2018 13:56
92579,1427,1383,683,8/11/2018 13:56
92599,1195,1386,684,8/11/2018 13:56
92619,1078,1385,683,8/11/2018 13:56
92639,1045,1386,682,8/11/2018 13:56
92659,1106,1383,678,8/11/2018 13:56
92679,1242,1387,688,8/11/2018 13:56
92699,1410,1386,682,8/11/2018 13:56
92719,1584,1386,684,8/11/2018 13:56
92739,1707,1385,684,8/11/2018 13:56
92759,1760,1376,685,8/11/2018 13:56
92779,1744,1385,684,8/11/2018 13:56
92799,1675,1385,682,8/11/2018 13:56
92819,1578,1386,685,8/11/2018 13:56
92839,1482,1387,680,8/11/2018 13:56
92859,1408,1385,684,8/11/2018 13:56
92879,1362,1385,681,8/11/2018 13:56
92899,1347,1387,685,8/11/2018 13:56
92919,1357,1392,682,8/11/2018 13:56
92939,1389,1385,684,8/11/2018 13:56
92959,1427,1380,682,8/11/2018 13:56
92979,1472,1387,683,8/11/2018 13:56
92999,1515,1389,684,8/11/2018 13:56
93019,1556,1389,682,8/11/2018 13:56
93039,1584,1389,672,8/11/2018 13:56
93059,1626,1385,684,8/11/2018 13:56
93079,1791,1387,681,8/11/2018 13:56
93099,2285,1389,682,8/11/2018 13:56
93119,3011,1387,683,8/11/2018 13:56
93139,3861,1392,682,8/11/2018 13:56
93159,3869,1387,685,8/11/2018 13:56
93179,3871,1402,683,8/11/2018 13:56
93199,3431,1360,672,8/11/2018 13:56
93219,2736,1387,688,8/11/2018 13:56
93239,2161,1385,682,8/11/2018 13:56
93259,1679,1389,688,8/11/2018 13:56
93279,1309,1383,690,8/11/2018 13:56
93299,1088,1386,680,8/11/2018 13:56
93319,992,1389,684,8/11/2018 13:56
93339,1006,1389,684,8/11/2018 13:56
93359,1108,1388,672,8/11/2018 13:56
93379,1275,1389,678,8/11/2018 13:56
93399,1467,1394,682,8/11/2018 13:56
93419,1643,1389,678,8/11/2018 13:56
93439,1749,1392,680,8/11/2018 13:56
93459,1790,1392,682,8/11/2018 13:56
93479,1763,1391,680,8/11/2018 13:56
93499,1694,1392,680,8/11/2018 13:56
93519,1593,1392,682,8/11/2018 13:56
93539,1488,1386,685,8/11/2018 13:56
93559,1416,1392,711,8/11/2018 13:56
93579,1375,1390,681,8/11/2018 13:56
93599,1355,1404,682,8/11/2018 13:56
93619,1358,1393,682,8/11/2018 13:56
93639,1382,1389,681,8/11/2018 13:56
93659,1424,1381,682,8/11/2018 13:56
93679,1471,1390,678,8/11/2018 13:56
93699,1520,1394,682,8/11/2018 13:56
93719,1589,1398,684,8/11/2018 13:56
93739,1771,1391,681,8/11/2018 13:56
93759,2235,1395,688,8/11/2018 13:56
93779,2883,1417,682,8/11/2018 13:56
93799,3569,1392,688,8/11/2018 13:56
93819,3856,1392,677,8/11/2018 13:56
93839,3533,1392,681,8/11/2018 13:56
93859,2943,1397,680,8/11/2018 13:56
93879,2385,1388,680,8/11/2018 13:56
93899,1858,1387,681,8/11/2018 13:56
93919,1429,1389,682,8/11/2018 13:56
93939,1137,1389,680,8/11/2018 13:56
93959,970,1390,677,8/11/2018 13:56
93979,924,1391,677,8/11/2018 13:56
93999,992,1390,706,8/11/2018 13:56
94019,1154,1392,680,8/11/2018 13:56
94039,1367,1392,682,8/11/2018 13:56
94059,1599,1391,680,8/11/2018 13:56
94079,1777,1408,752,8/11/2018 13:56
94099,1878,1392,717,8/11/2018 13:56
94119,1886,1391,672,8/11/2018 13:56
94139,1826,1408,670,8/11/2018 13:56
94159,1715,1392,660,8/11/2018 13:56
94179,1587,1391,677,8/11/2018 13:56
94199,1470,1389,688,8/11/2018 13:56
94219,1392,1391,679,8/11/2018 13:56
94239,1345,1389,679,8/11/2018 13:56
94259,1344,1376,686,8/11/2018 13:56
94279,1363,1390,680,8/11/2018 13:56
94299,1408,1391,678,8/11/2018 13:56
94319,1451,1392,680,8/11/2018 13:56
94339,1508,1390,683,8/11/2018 13:56
94359,1667,1392,683,8/11/2018 13:56
94379,2118,1390,678,8/11/2018 13:56
94399,2821,1391,682,8/11/2018 13:56
94419,3675,1390,680,8/11/2018 13:56
94439,3871,1392,680,8/11/2018 13:56
94459,3867,1392,680,8/11/2018 13:56
94479,3451,1390,682,8/11/2018 13:56
94499,2779,1389,681,8/11/2018 13:56
94519,2199,1394,687,8/11/2018 13:56
94539,1698,1386,684,8/11/2018 13:56
94559,1323,1392,684,8/11/2018 13:56
94579,1089,1391,680,8/11/2018 13:56
94599,976,1391,681,8/11/2018 13:56
94619,969,1392,681,8/11/2018 13:56
94639,1061,1391,677,8/11/2018 13:56
94659,1216,1392,678,8/11/2018 13:56
94679,1409,1392,680,8/11/2018 13:56
94699,1603,1390,680,8/11/2018 13:56
94719,1747,1387,683,8/11/2018 13:56
94739,1813,1390,676,8/11/2018 13:56
94759,1790,1396,681,8/11/2018 13:56
94779,1697,1390,681,8/11/2018 13:56
94799,1584,1390,682,8/11/2018 13:56
94819,1473,1398,678,8/11/2018 13:56
94839,1392,1390,682,8/11/2018 13:56
94859,1347,1390,682,8/11/2018 13:56
94879,1332,1382,676,8/11/2018 13:56
94899,1345,1387,680,8/11/2018 13:56
94919,1376,1390,684,8/11/2018 13:56
94939,1427,1392,677,8/11/2018 13:56
94959,1478,1390,682,8/11/2018 13:56
94979,1523,1390,676,8/11/2018 13:56
94999,1570,1392,680,8/11/2018 13:56
95019,1600,1391,688,8/11/2018 13:56
95039,1648,1382,685,8/11/2018 13:56
95059,1862,1392,677,8/11/2018 13:56
95079,2423,1392,682,8/11/2018 13:56
95099,3223,1392,680,8/11/2018 13:56
95119,3871,1398,681,8/11/2018 13:56
95139,3869,1391,697,8/11/2018 13:56
95159,3867,1392,682,8/11/2018 13:56
95179,3547,1390,682,8/11/2018 13:56
95199,2815,1390,688,8/11/2018 13:56
95219,2239,1389,682,8/11/2018 13:56
95239,1753,1392,683,8/11/2018 13:56
95259,1407,1387,681,8/11/2018 13:56
95279,1200,1389,682,8/11/2018 13:56
95299,1095,1389,683,8/11/2018 13:56
95319,1084,1392,680,8/11/2018 13:56
95339,1142,1388,688,8/11/2018 13:56
95359,1257,1386,682,8/11/2018 13:56
95379,1405,1389,677,8/11/2018 13:56
95399,1535,1418,682,8/11/2018 13:56
95419,1666,1388,681,8/11/2018 13:56
95439,1703,1389,682,8/11/2018 13:56
95459,1684,1385,681,8/11/2018 13:56
95479,1621,1390,682,8/11/2018 13:56
95499,1534,1389,682,8/11/2018 13:56
95519,1449,1392,682,8/11/2018 13:56
95539,1385,1391,680,8/11/2018 13:56
95559,1346,1360,687,8/11/2018 13:56
95579,1331,1389,681,8/11/2018 13:56
95599,1354,1391,688,8/11/2018 13:56
95619,1398,1392,682,8/11/2018 13:56
95639,1447,1410,684,8/11/2018 13:56
95659,1488,1366,678,8/11/2018 13:56
95679,1522,1392,680,8/11/2018 13:56
95699,1553,1388,682,8/11/2018 13:56
95719,1582,1418,682,8/11/2018 13:56
95739,1605,1290,678,8/11/2018 13:56
95759,1695,1392,682,8/11/2018 13:56
95779,2034,1392,680,8/11/2018 13:56
95799,2687,1387,680,8/11/2018 13:56
95819,3515,1390,682,8/11/2018 13:56
95839,3867,1389,770,8/11/2018 13:56
95859,3863,1387,688,8/11/2018 13:56
95879,3583,1396,682,8/11/2018 13:56
95899,2895,1393,680,8/11/2018 13:56
95919,2307,1385,680,8/11/2018 13:56
95939,1802,1388,681,8/11/2018 13:56
95959,1415,1390,680,8/11/2018 13:56
95979,1174,1390,682,8/11/2018 13:56
95999,1058,1386,680,8/11/2018 13:56
96019,1037,1376,678,8/11/2018 13:56
96039,1085,1390,676,8/11/2018 13:56
96059,1188,1408,680,8/11/2018 13:56
96079,1330,1395,678,8/11/2018 13:56
96099,1482,1392,683,8/11/2018 13:56
96119,1615,1390,684,8/11/2018 13:56
96139,1694,1391,677,8/11/2018 13:56
96159,1711,1389,680,8/11/2018 13:56
96179,1674,1392,682,8/11/2018 13:56
96199,1604,1387,680,8/11/2018 13:56
96219,1517,1391,662,8/11/2018 13:56
96239,1443,1390,684,8/11/2018 13:56
96259,1391,1389,667,8/11/2018 13:56
96279,1363,1392,682,8/11/2018 13:56
96299,1360,1389,684,8/11/2018 13:56
96319,1377,1390,680,8/11/2018 13:56
96339,1403,1379,685,8/11/2018 13:56
96359,1442,1386,681,8/11/2018 13:56
96379,1486,1386,678,8/11/2018 13:56
96399,1525,1386,681,8/11/2018 13:56
96419,1566,1390,681,8/11/2018 13:56
96439,1595,1389,681,8/11/2018 13:56
96459,1616,1389,681,8/11/2018 13:56
96479,1665,1392,679,8/11/2018 13:56
96499,1855,1397,683,8/11/2018 13:56
96519,2342,1390,681,8/11/2018 13:56
96539,3015,1369,692,8/11/2018 13:56
96559,3733,1388,682,8/11/2018 13:56
96579,3871,1386,678,8/11/2018 13:56
96599,3519,1383,673,8/11/2018 13:56
96619,2903,1387,680,8/11/2018 13:56
96639,2343,1385,682,8/11/2018 13:56
96659,1839,1381,688,8/11/2018 13:56
96679,1434,1386,684,8/11/2018 13:56
96699,1168,1387,677,8/11/2018 13:56
96719,1018,1383,685,8/11/2018 13:56
96739,982,1381,680,8/11/2018 13:56
96759,1047,1387,679,8/11/2018 13:56
96779,1168,1386,678,8/11/2018 13:56
96799,1325,1386,682,8/11/2018 13:56
96819,1490,1388,680,8/11/2018 13:56
96839,1649,1421,669,8/11/2018 13:56
96859,1759,1387,676,8/11/2018 13:56
96879,1801,1386,680,8/11/2018 13:56
96899,1775,1389,678,8/11/2018 13:56
96919,1702,1387,681,8/11/2018 13:56
96939,1607,1390,678,8/11/2018 13:56
96959,1519,1385,667,8/11/2018 13:56
96979,1451,1389,674,8/11/2018 13:56
96999,1408,1386,662,8/11/2018 13:56
97019,1392,1386,683,8/11/2018 13:56
97039,1409,1386,682,8/11/2018 13:56
97059,1441,1386,679,8/11/2018 13:56
97079,1475,1392,678,8/11/2018 13:56
97099,1509,1387,677,8/11/2018 13:56
97119,1555,1392,674,8/11/2018 13:56
97139,1605,1383,677,8/11/2018 13:56
97159,1758,1409,677,8/11/2018 13:56
97179,2155,1384,681,8/11/2018 13:56
97199,2736,1380,682,8/11/2018 13:56
97219,3307,1391,688,8/11/2018 13:56
97239,3569,1390,678,8/11/2018 13:56
97259,3294,1385,678,8/11/2018 13:56
97279,2783,1386,680,8/11/2018 13:56
97299,2235,1387,677,8/11/2018 13:56
97319,1731,1385,678,8/11/2018 13:56
97339,1330,1384,678,8/11/2018 13:56
97359,1059,1385,677,8/11/2018 13:56
97379,916,1386,677,8/11/2018 13:56
97399,897,1382,678,8/11/2018 13:56
97419,977,1387,672,8/11/2018 13:56
97439,1135,1386,667,8/11/2018 13:56
97459,1326,1389,682,8/11/2018 13:56
97479,1520,1382,679,8/11/2018 13:56
97499,1707,1386,680,8/11/2018 13:56
97519,1808,1386,674,8/11/2018 13:56
97539,1843,1386,682,8/11/2018 13:56
97559,1810,1387,678,8/11/2018 13:56
97579,1743,1386,678,8/11/2018 13:56
97599,1652,1392,677,8/11/2018 13:56
97619,1569,1401,678,8/11/2018 13:56
97639,1506,1387,681,8/11/2018 13:56
97659,1474,1378,681,8/11/2018 13:56
97679,1471,1361,674,8/11/2018 13:56
97699,1488,1386,680,8/11/2018 13:56
97719,1515,1398,679,8/11/2018 13:56
97739,1535,1392,681,8/11/2018 13:56
97759,1574,1385,682,8/11/2018 13:56
97779,1625,1388,678,8/11/2018 13:56
97799,1801,1390,678,8/11/2018 13:56
97819,2274,1390,684,8/11/2018 13:56
97839,2960,1387,680,8/11/2018 13:56
97859,3733,1386,682,8/11/2018 13:56
97879,3863,1393,674,8/11/2018 13:56
97899,3639,1389,680,8/11/2018 13:56
97919,3007,1388,680,8/11/2018 13:56
97939,2427,1383,678,8/11/2018 13:56
97959,1890,1392,678,8/11/2018 13:56
97979,1466,1386,678,8/11/2018 13:56
97999,1178,1387,673,8/11/2018 13:56
98019,1018,1386,684,8/11/2018 13:56
98039,976,1388,620,8/11/2018 13:56
98059,1034,1387,686,8/11/2018 13:56
98079,1149,1392,680,8/11/2018 13:56
98099,1308,1382,680,8/11/2018 13:56
98119,1477,1392,678,8/11/2018 13:56
98139,1638,1389,680,8/11/2018 13:56
98159,1744,1391,677,8/11/2018 13:56
98179,1782,1387,678,8/11/2018 13:56
98199,1757,1382,618,8/11/2018 13:56
98219,1691,1387,681,8/11/2018 13:56
98239,1613,1387,680,8/11/2018 13:56
98259,1534,1387,683,8/11/2018 13:56
98279,1474,1387,682,8/11/2018 13:56
98299,1440,1386,682,8/11/2018 13:56
98319,1438,1387,678,8/11/2018 13:56
98339,1454,1387,680,8/11/2018 13:56
98359,1483,1390,680,8/11/2018 13:56
98379,1516,1386,685,8/11/2018 13:56
98399,1535,1390,678,8/11/2018 13:56
98419,1584,1390,678,8/11/2018 13:56
98439,1629,1386,680,8/11/2018 13:56
98459,1757,1389,682,8/11/2018 13:56
98479,2134,1387,675,8/11/2018 13:56
98499,2787,1388,680,8/11/2018 13:56
98519,3607,1389,684,8/11/2018 13:56
98539,3863,1392,679,8/11/2018 13:56
98559,3863,1386,689,8/11/2018 13:56
98579,3351,1378,668,8/11/2018 13:56
98599,2725,1375,667,8/11/2018 13:56
98619,2174,1376,668,8/11/2018 13:56
98639,1700,1374,666,8/11/2018 13:56
98659,1344,1373,662,8/11/2018 13:56
98679,1130,1379,685,8/11/2018 13:56
98699,1035,1381,680,8/11/2018 13:56
98719,1018,1388,681,8/11/2018 13:56
98739,1082,1383,680,8/11/2018 13:56
98759,1202,1383,678,8/11/2018 13:56
98779,1344,1384,680,8/11/2018 13:56
98799,1491,1386,682,8/11/2018 13:56
98819,1633,1383,681,8/11/2018 13:56
98839,1719,1389,682,8/11/2018 13:56
98859,1744,1381,681,8/11/2018 13:56
98879,1721,1390,680,8/11/2018 13:56
98899,1655,1385,683,8/11/2018 13:56
98919,1581,1383,682,8/11/2018 13:56
98939,1508,1386,678,8/11/2018 13:56
98959,1463,1385,682,8/11/2018 13:56
98979,1445,1382,682,8/11/2018 13:56
98999,1445,1391,684,8/11/2018 13:56
99019,1457,1386,678,8/11/2018 13:56
99039,1488,1386,676,8/11/2018 13:56
99059,1520,1388,682,8/11/2018 13:56
99079,1562,1387,677,8/11/2018 13:56
99099,1600,1387,685,8/11/2018 13:56
99119,1641,1382,679,8/11/2018 13:56
99139,1783,1390,678,8/11/2018 13:56
99159,2209,1388,674,8/11/2018 13:56
99179,2835,1388,681,8/11/2018 13:56
99199,3615,1385,681,8/11/2018 13:56
99219,3871,1392,678,8/11/2018 13:56
99239,3719,1382,668,8/11/2018 13:56
99259,3099,1392,679,8/11/2018 13:56
99279,2512,1389,672,8/11/2018 13:56
99299,1980,1378,680,8/11/2018 13:56
99319,1527,1386,678,8/11/2018 13:56
99339,1210,1387,680,8/11/2018 13:56
99359,1018,1386,678,8/11/2018 13:56
99379,949,1382,680,8/11/2018 13:56
99399,970,1382,679,8/11/2018 13:56
99419,1065,1383,681,8/11/2018 13:56
99439,1211,1386,677,8/11/2018 13:56
99459,1381,1383,679,8/11/2018 13:56
99479,1535,1387,677,8/11/2018 13:56
99499,1683,1383,680,8/11/2018 13:56
99519,1761,1385,678,8/11/2018 13:56
99539,1773,1392,680,8/11/2018 13:56
99559,1725,1386,680,8/11/2018 13:56
99579,1647,1431,678,8/11/2018 13:56
99599,1564,1392,678,8/11/2018 13:56
99619,1493,1385,682,8/11/2018 13:56
99639,1453,1386,675,8/11/2018 13:56
99659,1443,1392,680,8/11/2018 13:56
99679,1466,1426,676,8/11/2018 13:56
99699,1505,1392,672,8/11/2018 13:56
99719,1535,1387,680,8/11/2018 13:56
99739,1575,1392,678,8/11/2018 13:56
99759,1601,1383,678,8/11/2018 13:56
99779,1619,1370,680,8/11/2018 13:56
99799,1626,1390,681,8/11/2018 13:56
99819,1680,1387,679,8/11/2018 13:56
99839,1886,1390,688,8/11/2018 13:56
99859,2353,1388,678,8/11/2018 13:56
99879,2928,1404,678,8/11/2018 13:56
99899,3411,1386,679,8/11/2018 13:56
99919,3455,1388,678,8/11/2018 13:56
99939,3063,1387,681,8/11/2018 13:56
99959,2559,1385,678,8/11/2018 13:56
99979,2037,1386,677,8/11/2018 13:56
99999,1582,1386,581,8/11/2018 13:56
100019,1234,1388,674,8/11/2018 13:56
100039,1033,1387,681,8/11/2018 13:56
100059,949,1386,682,8/11/2018 13:56
100079,974,1388,677,8/11/2018 13:56
100099,1079,1378,658,8/11/2018 13:56
100119,1235,1387,704,8/11/2018 13:56
100139,1419,1389,681,8/11/2018 13:56
100159,1604,1387,678,8/11/2018 13:56
100179,1747,1387,681,8/11/2018 13:56
100199,1838,1388,678,8/11/2018 13:56
100219,1855,1387,680,8/11/2018 13:56
100239,1810,1426,678,8/11/2018 13:56
100259,1729,1382,678,8/11/2018 13:56
100279,1646,1387,677,8/11/2018 13:56
100299,1571,1383,681,8/11/2018 13:56
100319,1504,1385,677,8/11/2018 13:56
100339,1473,1383,676,8/11/2018 13:56
100359,1474,1386,673,8/11/2018 13:56
100379,1504,1389,682,8/11/2018 13:56
100399,1535,1382,675,8/11/2018 13:56
100419,1579,1383,678,8/11/2018 13:56
100439,1653,1383,676,8/11/2018 13:56
100459,1885,1385,679,8/11/2018 13:56
100479,2361,1383,678,8/11/2018 13:56
100499,2955,1384,678,8/11/2018 13:56
100519,3471,1386,677,8/11/2018 13:56
100539,3519,1388,676,8/11/2018 13:56
100559,3121,1402,678,8/11/2018 13:56
100579,2608,1405,678,8/11/2018 13:56
100599,2090,1385,657,8/11/2018 13:56
100619,1616,1385,677,8/11/2018 13:56
100639,1250,1385,679,8/11/2018 13:56
100659,1031,1390,681,8/11/2018 13:56
100679,928,1387,675,8/11/2018 13:56
100699,944,1390,675,8/11/2018 13:56
100719,1040,1388,682,8/11/2018 13:57
100739,1200,1388,656,8/11/2018 13:57
100759,1381,1390,676,8/11/2018 13:57
100779,1562,1388,678,8/11/2018 13:57
100799,1715,1386,681,8/11/2018 13:57
100819,1808,1383,676,8/11/2018 13:57
100839,1833,1390,678,8/11/2018 13:57
100859,1802,1389,676,8/11/2018 13:57
100879,1734,1390,676,8/11/2018 13:57
100899,1649,1387,681,8/11/2018 13:57
100919,1584,1371,678,8/11/2018 13:57
100939,1533,1389,678,8/11/2018 13:57
100959,1508,1389,678,8/11/2018 13:57
100979,1507,1386,680,8/11/2018 13:57
100999,1520,1389,674,8/11/2018 13:57
101019,1535,1392,679,8/11/2018 13:57
101039,1568,1389,680,8/11/2018 13:57
101059,1595,1388,682,8/11/2018 13:57
101079,1679,1388,680,8/11/2018 13:57
101099,1941,1387,680,8/11/2018 13:57
101119,2511,1387,680,8/11/2018 13:57
101139,3255,1386,675,8/11/2018 13:57
101159,3863,1390,680,8/11/2018 13:57
101179,3856,1389,677,8/11/2018 13:57
101199,3543,1386,678,8/11/2018 13:57
101219,2895,1388,675,8/11/2018 13:57
101239,2327,1386,679,8/11/2018 13:57
101259,1822,1385,676,8/11/2018 13:57
101279,1424,1386,679,8/11/2018 13:57
101299,1168,1387,680,8/11/2018 13:57
101319,1037,1386,681,8/11/2018 13:57
101339,1004,1384,678,8/11/2018 13:57
101359,1066,1388,672,8/11/2018 13:57
101379,1179,1385,678,8/11/2018 13:57
101399,1335,1386,677,8/11/2018 13:57
101419,1505,1387,678,8/11/2018 13:57
101439,1648,1383,679,8/11/2018 13:57
101459,1741,1387,680,8/11/2018 13:57
101479,1776,1390,680,8/11/2018 13:57
101499,1745,1386,676,8/11/2018 13:57
101519,1680,1389,679,8/11/2018 13:57
101539,1602,1388,676,8/11/2018 13:57
101559,1533,1392,668,8/11/2018 13:57
101579,1486,1349,680,8/11/2018 13:57
101599,1457,1385,666,8/11/2018 13:57
101619,1456,1389,675,8/11/2018 13:57
101639,1466,1379,678,8/11/2018 13:57
101659,1497,1390,678,8/11/2018 13:57
101679,1528,1380,677,8/11/2018 13:57
101699,1558,1396,677,8/11/2018 13:57
101719,1627,1387,677,8/11/2018 13:57
101739,1856,1408,678,8/11/2018 13:57
101759,2390,1389,679,8/11/2018 13:57
101779,3120,1387,678,8/11/2018 13:57
101799,3859,1387,679,8/11/2018 13:57
101819,3863,1388,677,8/11/2018 13:57
101839,3747,1389,676,8/11/2018 13:57
101859,3071,1386,680,8/11/2018 13:57
101879,2490,1385,680,8/11/2018 13:57
101899,1967,1389,689,8/11/2018 13:57
101919,1535,1390,680,8/11/2018 13:57
101939,1253,1392,681,8/11/2018 13:57
101959,1089,1383,696,8/11/2018 13:57
101979,1037,1388,688,8/11/2018 13:57
101999,1069,1383,677,8/11/2018 13:57
102019,1160,1387,672,8/11/2018 13:57
102039,1301,1383,674,8/11/2018 13:57
102059,1456,1386,667,8/11/2018 13:57
102079,1606,1386,678,8/11/2018 13:57
102099,1709,1391,681,8/11/2018 13:57
102119,1753,1390,679,8/11/2018 13:57
102139,1744,1387,682,8/11/2018 13:57
102159,1691,1388,678,8/11/2018 13:57
102179,1616,1390,672,8/11/2018 13:57
102199,1531,1385,678,8/11/2018 13:57
102219,1476,1389,688,8/11/2018 13:57
102239,1441,1390,672,8/11/2018 13:57
102259,1427,1386,681,8/11/2018 13:57
102279,1441,1389,666,8/11/2018 13:57
102299,1457,1389,679,8/11/2018 13:57
102319,1483,1392,675,8/11/2018 13:57
102339,1518,1392,678,8/11/2018 13:57
102359,1561,1392,682,8/11/2018 13:57
102379,1614,1392,678,8/11/2018 13:57
102399,1745,1392,678,8/11/2018 13:57
102419,2159,1391,678,8/11/2018 13:57
102439,2832,1389,677,8/11/2018 13:57
102459,3679,1389,685,8/11/2018 13:57
102479,3863,1389,677,8/11/2018 13:57
102499,3867,1389,680,8/11/2018 13:57
102519,3387,1388,677,8/11/2018 13:57
102539,2739,1392,677,8/11/2018 13:57
102559,2163,1392,677,8/11/2018 13:57
102579,1680,1391,678,8/11/2018 13:57
102599,1321,1408,680,8/11/2018 13:57
102619,1101,1392,678,8/11/2018 13:57
102639,1008,1390,679,8/11/2018 13:57
102659,1012,1390,675,8/11/2018 13:57
102679,1104,1392,677,8/11/2018 13:57
102699,1248,1390,674,8/11/2018 13:57
102719,1425,1392,681,8/11/2018 13:57
102739,1611,1392,679,8/11/2018 13:57
102759,1742,1395,680,8/11/2018 13:57
102779,1808,1392,678,8/11/2018 13:57
102799,1809,1475,678,8/11/2018 13:57
102819,1759,1408,677,8/11/2018 13:57
102839,1680,1392,678,8/11/2018 13:57
102859,1595,1392,680,8/11/2018 13:57
102879,1519,1391,672,8/11/2018 13:57
102899,1458,1391,682,8/11/2018 13:57
102919,1420,1392,684,8/11/2018 13:57
102939,1404,1392,680,8/11/2018 13:57
102959,1421,1391,676,8/11/2018 13:57
102979,1450,1390,681,8/11/2018 13:57
102999,1484,1392,676,8/11/2018 13:57
103019,1533,1392,672,8/11/2018 13:57
103039,1668,1389,677,8/11/2018 13:57
103059,2030,1392,674,8/11/2018 13:57
103079,2673,1392,678,8/11/2018 13:57
103099,3408,1392,678,8/11/2018 13:57
103119,3867,1392,676,8/11/2018 13:57
103139,3771,1392,678,8/11/2018 13:57
103159,3179,1392,676,8/11/2018 13:57
103179,2592,1392,676,8/11/2018 13:57
103199,2037,1392,676,8/11/2018 13:57
103219,1570,1392,676,8/11/2018 13:57
103239,1225,1392,677,8/11/2018 13:57
103259,1008,1392,674,8/11/2018 13:57
103279,916,1392,678,8/11/2018 13:57
103299,944,1393,677,8/11/2018 13:57
103319,1074,1394,676,8/11/2018 13:57
103339,1278,1395,677,8/11/2018 13:57
103359,1520,1393,675,8/11/2018 13:57
103379,1747,1392,677,8/11/2018 13:57
103399,1911,1397,677,8/11/2018 13:57
103419,1983,1394,679,8/11/2018 13:57
103439,1953,1394,677,8/11/2018 13:57
103459,1853,1392,674,8/11/2018 13:57
103479,1714,1393,678,8/11/2018 13:57
103499,1584,1394,682,8/11/2018 13:57
103519,1472,1394,679,8/11/2018 13:57
103539,1402,1397,676,8/11/2018 13:57
103559,1371,1392,674,8/11/2018 13:57
103579,1369,1403,676,8/11/2018 13:57
103599,1393,1394,674,8/11/2018 13:57
103619,1433,1402,678,8/11/2018 13:57
103639,1490,1395,677,8/11/2018 13:57
103659,1682,1403,676,8/11/2018 13:57
103679,2195,1423,676,8/11/2018 13:57
103699,2987,1394,676,8/11/2018 13:57
103719,3863,1393,688,8/11/2018 13:57
103739,3865,1401,675,8/11/2018 13:57
103759,3869,1398,676,8/11/2018 13:57
103779,3869,1392,677,8/11/2018 13:57
103799,3271,1396,672,8/11/2018 13:57
103819,2529,1395,676,8/11/2018 13:57
103839,1936,1403,680,8/11/2018 13:57
103859,1456,1395,678,8/11/2018 13:57
103879,1120,1397,677,8/11/2018 13:57
103899,928,1398,680,8/11/2018 13:57
103919,888,1396,672,8/11/2018 13:57
103939,978,1394,677,8/11/2018 13:57
103959,1168,1394,682,8/11/2018 13:57
103979,1413,1397,683,8/11/2018 13:57
103999,1663,1396,678,8/11/2018 13:57
104019,1843,1395,674,8/11/2018 13:57
104039,1904,1394,684,8/11/2018 13:57
104059,1881,1401,678,8/11/2018 13:57
104079,1781,1397,676,8/11/2018 13:57
104099,1642,1399,673,8/11/2018 13:57
104119,1501,1393,677,8/11/2018 13:57
104139,1389,1397,673,8/11/2018 13:57
104159,1313,1398,680,8/11/2018 13:57
104179,1280,1395,672,8/11/2018 13:57
104199,1285,1399,680,8/11/2018 13:57
104219,1314,1398,676,8/11/2018 13:57
104239,1360,1396,676,8/11/2018 13:57
104259,1413,1398,680,8/11/2018 13:57
104279,1531,1397,677,8/11/2018 13:57
104299,1923,1399,685,8/11/2018 13:57
104319,2715,1398,682,8/11/2018 13:57
104339,3869,1397,677,8/11/2018 13:57
104359,3869,1400,677,8/11/2018 13:57
104379,3871,1399,669,8/11/2018 13:57
104399,3867,1394,679,8/11/2018 13:57
104419,3871,1401,670,8/11/2018 13:57
104439,3871,1403,676,8/11/2018 13:57
104459,3867,1402,686,8/11/2018 13:57
104479,3071,1406,677,8/11/2018 13:57
104499,2322,1402,676,8/11/2018 13:57
104519,1736,1396,675,8/11/2018 13:57
104539,1303,1398,674,8/11/2018 13:57
104559,1052,1394,679,8/11/2018 13:57
104579,975,1398,678,8/11/2018 13:57
104599,1056,1398,677,8/11/2018 13:57
104619,1232,1402,677,8/11/2018 13:57
104639,1444,1401,679,8/11/2018 13:57
104659,1610,1401,673,8/11/2018 13:57
104679,1701,1404,678,8/11/2018 13:57
104699,1709,1400,673,8/11/2018 13:57
104719,1663,1405,676,8/11/2018 13:57
104739,1568,1392,673,8/11/2018 13:57
104759,1456,1405,677,8/11/2018 13:57
104779,1362,1401,672,8/11/2018 13:57
104799,1296,1402,678,8/11/2018 13:57
104819,1263,1401,683,8/11/2018 13:57
104839,1250,1410,677,8/11/2018 13:57
104859,1264,1408,678,8/11/2018 13:57
104879,1293,1408,682,8/11/2018 13:57
104899,1323,1408,676,8/11/2018 13:57
104919,1364,1404,672,8/11/2018 13:57
104939,1492,1405,678,8/11/2018 13:57
104959,1947,1405,676,8/11/2018 13:57
104979,2807,1406,680,8/11/2018 13:57
104999,3869,1403,678,8/11/2018 13:57
105019,3869,1409,678,8/11/2018 13:57
105039,3870,1405,677,8/11/2018 13:57
105059,3867,1406,678,8/11/2018 13:57
105079,3887,1403,677,8/11/2018 13:57
105099,3867,1403,676,8/11/2018 13:57
105119,3871,1404,677,8/11/2018 13:57
105139,3863,1405,676,8/11/2018 13:57
105159,3415,1403,674,8/11/2018 13:57
105179,2463,1396,676,8/11/2018 13:57
105199,1765,1406,682,8/11/2018 13:57
105219,1261,1408,678,8/11/2018 13:57
105239,983,1408,678,8/11/2018 13:57
105259,928,1405,678,8/11/2018 13:57
105279,1018,1405,674,8/11/2018 13:57
105299,1221,1398,677,8/11/2018 13:57
105319,1410,1403,681,8/11/2018 13:57
105339,1535,1402,678,8/11/2018 13:57
105359,1598,1404,676,8/11/2018 13:57
105379,1568,1407,675,8/11/2018 13:57
105399,1473,1404,676,8/11/2018 13:57
105419,1362,1406,676,8/11/2018 13:57
105439,1258,1408,672,8/11/2018 13:57
105459,1178,1408,675,8/11/2018 13:57
105479,1142,1424,681,8/11/2018 13:57
105499,1140,1404,675,8/11/2018 13:57
105519,1168,1403,675,8/11/2018 13:57
105539,1213,1392,675,8/11/2018 13:57
105559,1264,1419,675,8/11/2018 13:57
105579,1317,1428,677,8/11/2018 13:57
105599,1370,1408,672,8/11/2018 13:57
105619,1506,1408,678,8/11/2018 13:57
105639,1955,1408,674,8/11/2018 13:57
105659,2798,1413,676,8/11/2018 13:57
105679,3871,1408,674,8/11/2018 13:57
105699,3871,1407,678,8/11/2018 13:57
105719,3871,1407,672,8/11/2018 13:57
105739,3871,1409,768,8/11/2018 13:57
105759,3871,1406,674,8/11/2018 13:57
105779,3871,1406,677,8/11/2018 13:57
105799,3871,1408,676,8/11/2018 13:57
105819,3031,1405,677,8/11/2018 13:57
105839,2238,1408,674,8/11/2018 13:57
105859,1612,1411,675,8/11/2018 13:57
105879,1153,1404,677,8/11/2018 13:57
105899,882,1405,679,8/11/2018 13:57
105919,806,1405,674,8/11/2018 13:57
105939,896,1408,579,8/11/2018 13:57
105959,1094,1434,676,8/11/2018 13:57
105979,1326,1411,683,8/11/2018 13:57
105999,1511,1408,676,8/11/2018 13:57
106019,1610,1411,682,8/11/2018 13:57
106039,1615,1408,674,8/11/2018 13:57
106059,1535,1411,672,8/11/2018 13:57
106079,1429,1416,676,8/11/2018 13:57
106099,1307,1424,676,8/11/2018 13:57
106119,1208,1410,674,8/11/2018 13:57
106139,1148,1411,676,8/11/2018 13:57
106159,1111,1408,677,8/11/2018 13:57
106179,1102,1414,674,8/11/2018 13:57
106199,1104,1416,675,8/11/2018 13:57
106219,1091,1413,676,8/11/2018 13:57
106239,1061,1418,678,8/11/2018 13:57
106259,1014,1422,681,8/11/2018 13:57
106279,994,1422,672,8/11/2018 13:57
106299,1058,1426,675,8/11/2018 13:57
106319,1293,1430,704,8/11/2018 13:57
106339,1776,1437,672,8/11/2018 13:57
106359,2359,1425,674,8/11/2018 13:57
106379,2819,1446,672,8/11/2018 13:57
106399,2955,1456,672,8/11/2018 13:57
106419,2734,1456,676,8/11/2018 13:57
106439,2320,1459,688,8/11/2018 13:57
106459,1872,1459,677,8/11/2018 13:57
106479,1482,1468,688,8/11/2018 13:57
106499,1222,1472,675,8/11/2018 13:57
106519,1103,1472,678,8/11/2018 13:57
106539,1080,1472,678,8/11/2018 13:57
106559,1130,1473,680,8/11/2018 13:57
106579,1230,1478,677,8/11/2018 13:57
106599,1346,1481,672,8/11/2018 13:57
106619,1476,1478,676,8/11/2018 13:57
106639,1619,1479,672,8/11/2018 13:57
106659,1744,1488,674,8/11/2018 13:57
106679,1822,1478,674,8/11/2018 13:57
106699,1839,1478,675,8/11/2018 13:57
106719,1804,1479,674,8/11/2018 13:57
106739,1744,1484,675,8/11/2018 13:57
106759,1664,1485,677,8/11/2018 13:57
106779,1585,1486,672,8/11/2018 13:57
106799,1518,1485,677,8/11/2018 13:57
106819,1472,1485,675,8/11/2018 13:57
106839,1455,1484,674,8/11/2018 13:57
106859,1459,1486,676,8/11/2018 13:57
106879,1483,1487,676,8/11/2018 13:57
106899,1535,1488,677,8/11/2018 13:57
106919,1793,1488,677,8/11/2018 13:57
106939,2499,1486,684,8/11/2018 13:57
106959,3855,1488,674,8/11/2018 13:57
106979,3867,1482,678,8/11/2018 13:57
106999,3871,1463,675,8/11/2018 13:57
107019,3875,1466,656,8/11/2018 13:57
107039,3888,1488,676,8/11/2018 13:57
107059,3867,1488,676,8/11/2018 13:57
107079,3539,1488,678,8/11/2018 13:57
107099,2512,1488,676,8/11/2018 13:57
107119,1787,1527,674,8/11/2018 13:57
107139,1231,1488,673,8/11/2018 13:57
107159,907,1488,677,8/11/2018 13:57
107179,812,1489,680,8/11/2018 13:57
107199,913,1487,764,8/11/2018 13:57
107219,1168,1456,675,8/11/2018 13:57
107239,1472,1490,676,8/11/2018 13:57
107259,1749,1488,677,8/11/2018 13:57
107279,1927,1488,673,8/11/2018 13:57
107299,1985,1490,676,8/11/2018 13:57
107319,1933,1488,677,8/11/2018 13:57
107339,1797,1520,664,8/11/2018 13:57
107359,1615,1456,677,8/11/2018 13:57
107379,1422,1488,676,8/11/2018 13:57
107399,1276,1488,678,8/11/2018 13:57
107419,1196,1488,678,8/11/2018 13:57
107439,1179,1430,676,8/11/2018 13:57
107459,1223,1488,676,8/11/2018 13:57
107479,1280,1533,678,8/11/2018 13:57
107499,1359,1521,676,8/11/2018 13:57
107519,1456,1489,685,8/11/2018 13:57
t,3663,107599t,387.76t,8/11/2018 13:57
140159,942,1t,768,8/11/2018 13:57
14021,140259,752,1424,8/11/2018 13:57
